Command line invocation:
    /Applications/Xcode.app/Contents/Developer/usr/bin/xcodebuild test -project ios/FleetNotifier.xcodeproj -scheme FleetNotifier -destination "platform=iOS Simulator,id=E8A93355-D7A7-4727-87B9-11E3D0FC1E08" -derivedDataPath /tmp/fn574-dd "-only-testing:FleetNotifierUITests/HerdEdgeGestureTests"

ComputePackagePrebuildTargetDependencyGraph

Prepare packages

CreateBuildRequest

SendProjectDescription

CreateBuildOperation

ComputeTargetDependencyGraph
note: Building targets in dependency order
note: Target dependency graph (3 targets)
    Target 'FleetNotifierUITests' in project 'FleetNotifier'
        ➜ Explicit dependency on target 'FleetNotifier' in project 'FleetNotifier'
    Target 'FleetNotifierTests' in project 'FleetNotifier'
        ➜ Explicit dependency on target 'FleetNotifier' in project 'FleetNotifier'
    Target 'FleetNotifier' in project 'FleetNotifier' (no dependencies)

GatherProvisioningInputs

CreateBuildDescription

note: Run script build phase 'Embed Release source digest' will be run during every build because the option to run the script phase "Based on dependency analysis" is unchecked. (in target 'FleetNotifier' from project 'FleetNotifier')
PhaseScriptExecution Embed\ Release\ source\ digest /tmp/fn574-dd/Build/Intermediates.noindex/FleetNotifier.build/Debug-iphonesimulator/FleetNotifier.build/Script-F6207AF155842583C8143257.sh (in target 'FleetNotifier' from project 'FleetNotifier')
    cd /Users/jirathip/.herdr/worktrees/corral/g574-pager-perf/ios
    export ACTION\=build
    export AD_HOC_CODE_SIGNING_ALLOWED\=YES
    export AGGREGATE_TRACKED_DOMAINS\=YES
    export ALLOW_BUILD_REQUEST_OVERRIDES\=NO
    export ALLOW_TARGET_PLATFORM_SPECIALIZATION\=NO
    export ALTERNATE_GROUP\=staff
    export ALTERNATE_MODE\=u+w,go-w,a+rX
    export ALTERNATE_OWNER\=jirathip
    export ALTERNATIVE_DISTRIBUTION_WEB\=NO
    export ALWAYS_EMBED_SWIFT_STANDARD_LIBRARIES\=NO
    export ALWAYS_SEARCH_USER_PATHS\=NO
    export ALWAYS_USE_SEPARATE_HEADERMAPS\=NO
    export APPLICATION_EXTENSION_API_ONLY\=NO
    export APPLY_RULES_IN_COPY_FILES\=NO
    export APPLY_RULES_IN_COPY_HEADERS\=NO
    export APP_SHORTCUTS_ENABLE_FLEXIBLE_MATCHING\=YES
    export ARCHS\=arm64
    export ARCHS_BASE\=arm64
    export ARCHS_STANDARD\=arm64\ x86_64
    export ARCHS_STANDARD_32_64_BIT\=arm64\ x86_64
    export ARCHS_STANDARD_64_BIT\=arm64\ x86_64
    export ARCHS_STANDARD_INCLUDING_64_BIT\=arm64\ x86_64
    export ARCHS_UNIVERSAL_IPHONE_OS\=arm64\ x86_64
    export ASSETCATALOG_COMPILER_ALTERNATE_APPICON_NAMES\=Palomino\ Black\ Grey
    export ASSETCATALOG_COMPILER_APPICON_NAME\=AppIcon
    export ASSETCATALOG_COMPILER_GENERATE_ASSET_SYMBOLS\=YES
    export ASSETCATALOG_FILTER_FOR_DEVICE_MODEL\=iPhone18,1
    export ASSETCATALOG_FILTER_FOR_DEVICE_OS_VERSION\=26.5
    export ASSETCATALOG_FILTER_FOR_THINNING_DEVICE_CONFIGURATION\=iPhone18,1
    export AUTOMATICALLY_MERGE_DEPENDENCIES\=NO
    export AUTOMATION_APPLE_EVENTS\=NO
    export AVAILABLE_PLATFORMS\=android\ appletvos\ appletvsimulator\ driverkit\ freebsd\ iphoneos\ iphonesimulator\ linux\ macosx\ none\ openbsd\ qnx\ watchos\ watchsimulator\ webassembly\ xros\ xrsimulator
    export AppIdentifierPrefix\=9244PWFYD7.
    export BUILD_ACTIVE_RESOURCES_ONLY\=YES
    export BUILD_COMPONENTS\=headers\ build
    export BUILD_DIR\=/tmp/fn574-dd/Build/Products
    export BUILD_LIBRARY_FOR_DISTRIBUTION\=NO
    export BUILD_ONLY_KNOWN_LOCALIZATIONS\=NO
    export BUILD_ROOT\=/tmp/fn574-dd/Build/Products
    export BUILD_STYLE\=
    export BUILD_VARIANTS\=normal
    export BUILT_PRODUCTS_DIR\=/tmp/fn574-dd/Build/Products/Debug-iphonesimulator
    export BUNDLE_CONTENTS_FOLDER_PATH_deep\=Contents/
    export BUNDLE_EXECUTABLE_FOLDER_NAME_deep\=MacOS
    export BUNDLE_EXTENSIONS_FOLDER_PATH\=Extensions
    export BUNDLE_FORMAT\=shallow
    export BUNDLE_FRAMEWORKS_FOLDER_PATH\=Frameworks
    export BUNDLE_PLUGINS_FOLDER_PATH\=PlugIns
    export BUNDLE_PRIVATE_HEADERS_FOLDER_PATH\=PrivateHeaders
    export BUNDLE_PUBLIC_HEADERS_FOLDER_PATH\=Headers
    export CACHE_ROOT\=/var/folders/4k/fbv06j2j5bbd3h4wgbwk1ccm0000gn/C/com.apple.DeveloperTools/26.6-17F113/Xcode
    export CCHROOT\=/var/folders/4k/fbv06j2j5bbd3h4wgbwk1ccm0000gn/C/com.apple.DeveloperTools/26.6-17F113/Xcode
    export CHMOD\=/bin/chmod
    export CHOWN\=chown
    export CLANG_ANALYZER_NONNULL\=YES
    export CLANG_ANALYZER_NUMBER_OBJECT_CONVERSION\=YES_AGGRESSIVE
    export CLANG_CACHE_FINE_GRAINED_OUTPUTS\=YES
    export CLANG_CXX_LANGUAGE_STANDARD\=gnu++14
    export CLANG_CXX_LIBRARY\=libc++
    export CLANG_ENABLE_EXPLICIT_MODULES\=YES
    export CLANG_ENABLE_MODULES\=YES
    export CLANG_ENABLE_OBJC_ARC\=YES
    export CLANG_ENABLE_OBJC_WEAK\=YES
    export CLANG_MODULES_BUILD_SESSION_FILE\=/tmp/fn574-dd/ModuleCache.noindex/Session.modulevalidation
    export CLANG_WARN_BLOCK_CAPTURE_AUTORELEASING\=YES
    export CLANG_WARN_BOOL_CONVERSION\=YES
    export CLANG_WARN_COMMA\=YES
    export CLANG_WARN_CONSTANT_CONVERSION\=YES
    export CLANG_WARN_DEPRECATED_OBJC_IMPLEMENTATIONS\=YES
    export CLANG_WARN_DIRECT_OBJC_ISA_USAGE\=YES_ERROR
    export CLANG_WARN_DOCUMENTATION_COMMENTS\=YES
    export CLANG_WARN_EMPTY_BODY\=YES
    export CLANG_WARN_ENUM_CONVERSION\=YES
    export CLANG_WARN_INFINITE_RECURSION\=YES
    export CLANG_WARN_INT_CONVERSION\=YES
    export CLANG_WARN_NON_LITERAL_NULL_CONVERSION\=YES
    export CLANG_WARN_OBJC_IMPLICIT_RETAIN_SELF\=YES
    export CLANG_WARN_OBJC_LITERAL_CONVERSION\=YES
    export CLANG_WARN_OBJC_ROOT_CLASS\=YES_ERROR
    export CLANG_WARN_QUOTED_INCLUDE_IN_FRAMEWORK_HEADER\=YES
    export CLANG_WARN_RANGE_LOOP_ANALYSIS\=YES
    export CLANG_WARN_STRICT_PROTOTYPES\=YES
    export CLANG_WARN_SUSPICIOUS_MOVE\=YES
    export CLANG_WARN_UNGUARDED_AVAILABILITY\=YES_AGGRESSIVE
    export CLANG_WARN_UNREACHABLE_CODE\=YES
    export CLANG_WARN__DUPLICATE_METHOD_MATCH\=YES
    export CLASS_FILE_DIR\=/tmp/fn574-dd/Build/Intermediates.noindex/FleetNotifier.build/Debug-iphonesimulator/FleetNotifier.build/JavaClasses
    export CLEAN_PRECOMPS\=YES
    export CLONE_HEADERS\=NO
    export CODESIGNING_FOLDER_PATH\=/tmp/fn574-dd/Build/Products/Debug-iphonesimulator/FleetNotifier.app
    export CODE_SIGNING_ALLOWED\=YES
    export CODE_SIGNING_REQUIRED\=YES
    export CODE_SIGN_CONTEXT_CLASS\=XCiPhoneSimulatorCodeSignContext
    export CODE_SIGN_ENTITLEMENTS\=FleetNotifier/FleetNotifier.entitlements
    export CODE_SIGN_IDENTITY\=iPhone\ Developer
    export CODE_SIGN_INJECT_BASE_ENTITLEMENTS\=YES
    export CODE_SIGN_STYLE\=Automatic
    export COLOR_DIAGNOSTICS\=NO
    export COMBINE_HIDPI_IMAGES\=NO
    export COMPILATION_CACHE_CAS_PATH\=/tmp/fn574-dd/CompilationCache.noindex
    export COMPILATION_CACHE_KEEP_CAS_DIRECTORY\=YES
    export COMPILER_INDEX_STORE_ENABLE\=Default
    export COMPOSITE_SDK_DIRS\=/tmp/fn574-dd/Build/Intermediates.noindex/CompositeSDKs
    export COMPRESS_PNG_FILES\=YES
    export CONFIGURATION\=Debug
    export CONFIGURATION_BUILD_DIR\=/tmp/fn574-dd/Build/Products/Debug-iphonesimulator
    export CONFIGURATION_TEMP_DIR\=/tmp/fn574-dd/Build/Intermediates.noindex/FleetNotifier.build/Debug-iphonesimulator
    export CONTENTS_FOLDER_PATH\=FleetNotifier.app
    export CONTENTS_FOLDER_PATH_SHALLOW_BUNDLE_NO\=FleetNotifier.app/Contents
    export CONTENTS_FOLDER_PATH_SHALLOW_BUNDLE_YES\=FleetNotifier.app
    export COPYING_PRESERVES_HFS_DATA\=NO
    export COPY_HEADERS_RUN_UNIFDEF\=NO
    export COPY_PHASE_STRIP\=NO
    export CORRESPONDING_DEVICE_PLATFORM_DIR\=/Applications/Xcode.app/Contents/Developer/Platforms/iPhoneOS.platform
    export CORRESPONDING_DEVICE_PLATFORM_NAME\=iphoneos
    export CORRESPONDING_DEVICE_SDK_DIR\=/Applications/Xcode.app/Contents/Developer/Platforms/iPhoneOS.platform/Developer/SDKs/iPhoneOS26.5.sdk
    export CORRESPONDING_DEVICE_SDK_NAME\=iphoneos26.5
    export CP\=/bin/cp
    export CREATE_INFOPLIST_SECTION_IN_BINARY\=NO
    export CURRENT_ARCH\=undefined_arch
    export CURRENT_PROJECT_VERSION\=1
    export CURRENT_VARIANT\=normal
    export DEAD_CODE_STRIPPING\=YES
    export DEBUGGING_SYMBOLS\=YES
    export DEBUG_INFORMATION_FORMAT\=dwarf
    export DEBUG_INFORMATION_VERSION\=compiler-default
    export DEFAULT_COMPILER\=com.apple.compilers.llvm.clang.1_0
    export DEFAULT_DEXT_INSTALL_PATH\=/System/Library/DriverExtensions
    export DEFAULT_KEXT_INSTALL_PATH\=/System/Library/Extensions
    export DEFINES_MODULE\=NO
    export DEPLOYMENT_LOCATION\=NO
    export DEPLOYMENT_POSTPROCESSING\=NO
    export DEPLOYMENT_TARGET_SETTING_NAME\=IPHONEOS_DEPLOYMENT_TARGET
    export DEPLOYMENT_TARGET_SUGGESTED_VALUES\=12.0\ 12.1\ 12.2\ 12.3\ 12.4\ 13.0\ 13.1\ 13.2\ 13.3\ 13.4\ 13.5\ 13.6\ 14.0\ 14.1\ 14.2\ 14.3\ 14.4\ 14.5\ 14.6\ 14.7\ 15.0\ 15.1\ 15.2\ 15.3\ 15.4\ 15.5\ 15.6\ 16.0\ 16.1\ 16.2\ 16.3\ 16.4\ 16.5\ 16.6\ 17.0\ 17.1\ 17.2\ 17.3\ 17.4\ 17.5\ 17.6\ 18.0\ 18.1\ 18.2\ 18.3\ 18.4\ 18.5\ 18.6\ 26.0\ 26.2\ 26.3\ 26.4\ 26.5
    export DERIVED_FILES_DIR\=/tmp/fn574-dd/Build/Intermediates.noindex/FleetNotifier.build/Debug-iphonesimulator/FleetNotifier.build/DerivedSources
    export DERIVED_FILE_DIR\=/tmp/fn574-dd/Build/Intermediates.noindex/FleetNotifier.build/Debug-iphonesimulator/FleetNotifier.build/DerivedSources
    export DERIVED_SOURCES_DIR\=/tmp/fn574-dd/Build/Intermediates.noindex/FleetNotifier.build/Debug-iphonesimulator/FleetNotifier.build/DerivedSources
    export DEVELOPER_APPLICATIONS_DIR\=/Applications/Xcode.app/Contents/Developer/Applications
    export DEVELOPER_BIN_DIR\=/Applications/Xcode.app/Contents/Developer/usr/bin
    export DEVELOPER_DIR\=/Applications/Xcode.app/Contents/Developer
    export DEVELOPER_FRAMEWORKS_DIR\=/Applications/Xcode.app/Contents/Developer/Library/Frameworks
    export DEVELOPER_FRAMEWORKS_DIR_QUOTED\=/Applications/Xcode.app/Contents/Developer/Library/Frameworks
    export DEVELOPER_LIBRARY_DIR\=/Applications/Xcode.app/Contents/Developer/Library
    export DEVELOPER_SDK_DIR\=/Applications/Xcode.app/Contents/Developer/Platforms/MacOSX.platform/Developer/SDKs
    export DEVELOPER_TOOLS_DIR\=/Applications/Xcode.app/Contents/Developer/Tools
    export DEVELOPER_USR_DIR\=/Applications/Xcode.app/Contents/Developer/usr
    export DEVELOPMENT_LANGUAGE\=en
    export DEVELOPMENT_TEAM\=9244PWFYD7
    export DIAGNOSE_MISSING_TARGET_DEPENDENCIES\=YES
    export DIFF\=/usr/bin/diff
    export DOCUMENTATION_FOLDER_PATH\=FleetNotifier.app/en.lproj/Documentation
    export DONT_GENERATE_INFOPLIST_FILE\=NO
    export DSTROOT\=/tmp/FleetNotifier.dst
    export DT_TOOLCHAIN_DIR\=/Applications/Xcode.app/Contents/Developer/Toolchains/XcodeDefault.xctoolchain
    export DUMP_DEPENDENCIES\=NO
    export DUMP_DEPENDENCIES_OUTPUT_PATH\=/tmp/fn574-dd/Build/Intermediates.noindex/FleetNotifier.build/Debug-iphonesimulator/FleetNotifier.build/FleetNotifier-BuildDependencyInfo.json
    export DWARF_DSYM_FILE_NAME\=FleetNotifier.app.dSYM
    export DWARF_DSYM_FILE_SHOULD_ACCOMPANY_PRODUCT\=NO
    export DWARF_DSYM_FOLDER_PATH\=/tmp/fn574-dd/Build/Products/Debug-iphonesimulator
    export DYNAMIC_LIBRARY_EXTENSION\=dylib
    export EAGER_COMPILATION_ALLOW_SCRIPTS\=YES
    export EAGER_LINKING\=NO
    export EFFECTIVE_PLATFORM_NAME\=-iphonesimulator
    export EFFECTIVE_SWIFT_VERSION\=5
    export EMBEDDED_CONTENT_CONTAINS_SWIFT\=NO
    export EMBED_ASSET_PACKS_IN_PRODUCT_BUNDLE\=NO
    export ENABLE_APP_SANDBOX\=NO
    export ENABLE_CODE_COVERAGE\=YES
    export ENABLE_COHORT_ARCHS\=NO
    export ENABLE_CPLUSPLUS_BOUNDS_SAFE_BUFFERS\=NO
    export ENABLE_C_BOUNDS_SAFETY\=NO
    export ENABLE_DEBUG_DYLIB\=YES
    export ENABLE_DEFAULT_HEADER_SEARCH_PATHS\=YES
    export ENABLE_DEFAULT_SEARCH_PATHS\=YES
    export ENABLE_ENHANCED_SECURITY\=NO
    export ENABLE_HARDENED_RUNTIME\=NO
    export ENABLE_HEADER_DEPENDENCIES\=YES
    export ENABLE_INCOMING_NETWORK_CONNECTIONS\=NO
    export ENABLE_ON_DEMAND_RESOURCES\=YES
    export ENABLE_OUTGOING_NETWORK_CONNECTIONS\=NO
    export ENABLE_POINTER_AUTHENTICATION\=NO
    export ENABLE_PREVIEWS\=NO
    export ENABLE_RESOURCE_ACCESS_AUDIO_INPUT\=NO
    export ENABLE_RESOURCE_ACCESS_BLUETOOTH\=NO
    export ENABLE_RESOURCE_ACCESS_CALENDARS\=NO
    export ENABLE_RESOURCE_ACCESS_CAMERA\=NO
    export ENABLE_RESOURCE_ACCESS_CONTACTS\=NO
    export ENABLE_RESOURCE_ACCESS_LOCATION\=NO
    export ENABLE_RESOURCE_ACCESS_PHOTO_LIBRARY\=NO
    export ENABLE_RESOURCE_ACCESS_PRINTING\=NO
    export ENABLE_RESOURCE_ACCESS_USB\=NO
    export ENABLE_SDK_IMPORTS\=NO
    export ENABLE_SECURITY_COMPILER_WARNINGS\=NO
    export ENABLE_STRICT_OBJC_MSGSEND\=YES
    export ENABLE_TESTABILITY\=YES
    export ENABLE_TESTING_SEARCH_PATHS\=NO
    export ENABLE_USER_SCRIPT_SANDBOXING\=YES
    export ENABLE_XOJIT_PREVIEWS\=YES
    export ENFORCE_VALID_ARCHS\=YES
    export ENTITLEMENTS_ALLOWED\=NO
    export ENTITLEMENTS_DESTINATION\=__entitlements
    export ENTITLEMENTS_REQUIRED\=NO
    export EXCLUDED_INSTALLSRC_SUBDIRECTORY_PATTERNS\=.DS_Store\ .svn\ .git\ .hg\ CVS
    export EXCLUDED_RECURSIVE_SEARCH_PATH_SUBDIRECTORIES\=\*.nib\ \*.lproj\ \*.framework\ \*.gch\ \*.xcode\*\ \*.xcassets\ \*.icon\ \(\*\)\ .DS_Store\ CVS\ .svn\ .git\ .hg\ \*.pbproj\ \*.pbxproj
    export EXECUTABLES_FOLDER_PATH\=FleetNotifier.app/Executables
    export EXECUTABLE_BLANK_INJECTION_DYLIB_PATH\=FleetNotifier.app/__preview.dylib
    export EXECUTABLE_DEBUG_DYLIB_INSTALL_NAME\=@rpath/FleetNotifier.debug.dylib
    export EXECUTABLE_DEBUG_DYLIB_PATH\=FleetNotifier.app/FleetNotifier.debug.dylib
    export EXECUTABLE_FOLDER_PATH\=FleetNotifier.app
    export EXECUTABLE_FOLDER_PATH_SHALLOW_BUNDLE_NO\=FleetNotifier.app/MacOS
    export EXECUTABLE_FOLDER_PATH_SHALLOW_BUNDLE_YES\=FleetNotifier.app
    export EXECUTABLE_NAME\=FleetNotifier
    export EXECUTABLE_PATH\=FleetNotifier.app/FleetNotifier
    export EXPANDED_CODE_SIGN_IDENTITY\=-
    export EXPANDED_CODE_SIGN_IDENTITY_NAME\=Sign\ to\ Run\ Locally
    export EXTENSIONS_FOLDER_PATH\=FleetNotifier.app/Extensions
    export FILE_LIST\=/tmp/fn574-dd/Build/Intermediates.noindex/FleetNotifier.build/Debug-iphonesimulator/FleetNotifier.build/Objects/LinkFileList
    export FIXED_FILES_DIR\=/tmp/fn574-dd/Build/Intermediates.noindex/FleetNotifier.build/Debug-iphonesimulator/FleetNotifier.build/FixedFiles
    export FRAMEWORKS_FOLDER_PATH\=FleetNotifier.app/Frameworks
    export FRAMEWORK_FLAG_PREFIX\=-framework
    export FRAMEWORK_SEARCH_PATHS\=/tmp/fn574-dd/Build/Products/Debug-iphonesimulator\ 
    export FRAMEWORK_VERSION\=A
    export FULL_PRODUCT_NAME\=FleetNotifier.app
    export FUSE_BUILD_PHASES\=YES
    export FUSE_BUILD_SCRIPT_PHASES\=NO
    export GCC3_VERSION\=3.3
    export GCC_C_LANGUAGE_STANDARD\=gnu11
    export GCC_DYNAMIC_NO_PIC\=NO
    export GCC_INLINES_ARE_PRIVATE_EXTERN\=YES
    export GCC_NO_COMMON_BLOCKS\=YES
    export GCC_OBJC_LEGACY_DISPATCH\=YES
    export GCC_OPTIMIZATION_LEVEL\=0
    export GCC_PFE_FILE_C_DIALECTS\=c\ objective-c\ c++\ objective-c++
    export GCC_PREPROCESSOR_DEFINITIONS\=\ DEBUG\=1
    export GCC_SYMBOLS_PRIVATE_EXTERN\=NO
    export GCC_TREAT_WARNINGS_AS_ERRORS\=NO
    export GCC_VERSION\=com.apple.compilers.llvm.clang.1_0
    export GCC_VERSION_IDENTIFIER\=com_apple_compilers_llvm_clang_1_0
    export GCC_WARN_64_TO_32_BIT_CONVERSION\=YES
    export GCC_WARN_ABOUT_RETURN_TYPE\=YES_ERROR
    export GCC_WARN_UNDECLARED_SELECTOR\=YES
    export GCC_WARN_UNINITIALIZED_AUTOS\=YES_AGGRESSIVE
    export GCC_WARN_UNUSED_FUNCTION\=YES
    export GCC_WARN_UNUSED_VARIABLE\=YES
    export GENERATED_MODULEMAP_DIR\=/tmp/fn574-dd/Build/Intermediates.noindex/GeneratedModuleMaps-iphonesimulator
    export GENERATE_INFOPLIST_FILE\=YES
    export GENERATE_INTERMEDIATE_TEXT_BASED_STUBS\=YES
    export GENERATE_PKGINFO_FILE\=YES
    export GENERATE_PRELINK_OBJECT_FILE\=NO
    export GENERATE_PROFILING_CODE\=NO
    export GENERATE_TEXT_BASED_STUBS\=NO
    export GID\=20
    export GROUP\=staff
    export HEADERMAP_INCLUDES_FLAT_ENTRIES_FOR_TARGET_BEING_BUILT\=YES
    export HEADERMAP_INCLUDES_FRAMEWORK_ENTRIES_FOR_ALL_PRODUCT_TYPES\=YES
    export HEADERMAP_INCLUDES_FRAMEWORK_ENTRIES_FOR_TARGETS_NOT_BEING_BUILT\=YES
    export HEADERMAP_INCLUDES_NONPUBLIC_NONPRIVATE_HEADERS\=YES
    export HEADERMAP_INCLUDES_PROJECT_HEADERS\=YES
    export HEADERMAP_USES_FRAMEWORK_PREFIX_ENTRIES\=YES
    export HEADERMAP_USES_VFS\=NO
    export HEADER_SEARCH_PATHS\=/tmp/fn574-dd/Build/Products/Debug-iphonesimulator/include\ 
    export HOME\=/Users/jirathip
    export HOST_ARCH\=arm64
    export HOST_PLATFORM\=macosx
    export ICONV\=/usr/bin/iconv
    export IMPLICIT_DEPENDENCY_DOMAIN\=default
    export INDEX_STORE_COMPRESS\=NO
    export INDEX_STORE_ONLY_PROJECT_FILES\=NO
    export INFOPLIST_ENABLE_CFBUNDLEICONS_MERGE\=YES
    export INFOPLIST_EXPAND_BUILD_SETTINGS\=YES
    export INFOPLIST_FILE\=FleetNotifier/Info.plist
    export INFOPLIST_OUTPUT_FORMAT\=binary
    export INFOPLIST_PATH\=FleetNotifier.app/Info.plist
    export INFOPLIST_PREPROCESS\=NO
    export INFOSTRINGS_PATH\=FleetNotifier.app/en.lproj/InfoPlist.strings
    export INLINE_PRIVATE_FRAMEWORKS\=NO
    export INSTALLAPI_IGNORE_SKIP_INSTALL\=YES
    export INSTALLHDRS_COPY_PHASE\=NO
    export INSTALLHDRS_SCRIPT_PHASE\=NO
    export INSTALL_DIR\=/tmp/FleetNotifier.dst/Applications
    export INSTALL_GROUP\=staff
    export INSTALL_MODE_FLAG\=u+w,go-w,a+rX
    export INSTALL_OWNER\=jirathip
    export INSTALL_PATH\=/Applications
    export INSTALL_ROOT\=/tmp/FleetNotifier.dst
    export IPHONEOS_DEPLOYMENT_TARGET\=17.0
    export IS_UNOPTIMIZED_BUILD\=YES
    export JAVAC_DEFAULT_FLAGS\=-J-Xms64m\ -J-XX:NewSize\=4M\ -J-Dfile.encoding\=UTF8
    export JAVA_APP_STUB\=/System/Library/Frameworks/JavaVM.framework/Resources/MacOS/JavaApplicationStub
    export JAVA_ARCHIVE_CLASSES\=YES
    export JAVA_ARCHIVE_TYPE\=JAR
    export JAVA_COMPILER\=/usr/bin/javac
    export JAVA_FOLDER_PATH\=FleetNotifier.app/Java
    export JAVA_FRAMEWORK_RESOURCES_DIRS\=Resources
    export JAVA_JAR_FLAGS\=cv
    export JAVA_SOURCE_SUBDIR\=.
    export JAVA_USE_DEPENDENCIES\=YES
    export JAVA_ZIP_FLAGS\=-urg
    export JIKES_DEFAULT_FLAGS\=+E\ +OLDCSO
    export KEEP_PRIVATE_EXTERNS\=NO
    export LD_DEPENDENCY_INFO_FILE\=/tmp/fn574-dd/Build/Intermediates.noindex/FleetNotifier.build/Debug-iphonesimulator/FleetNotifier.build/Objects-normal/undefined_arch/FleetNotifier_dependency_info.dat
    export LD_ENTITLEMENTS_SECTION\=/tmp/fn574-dd/Build/Intermediates.noindex/FleetNotifier.build/Debug-iphonesimulator/FleetNotifier.build/FleetNotifier.app-Simulated.xcent
    export LD_ENTITLEMENTS_SECTION_DER\=/tmp/fn574-dd/Build/Intermediates.noindex/FleetNotifier.build/Debug-iphonesimulator/FleetNotifier.build/FleetNotifier.app-Simulated.xcent.der
    export LD_EXPORT_SYMBOLS\=YES
    export LD_GENERATE_MAP_FILE\=NO
    export LD_MAP_FILE_PATH\=/tmp/fn574-dd/Build/Intermediates.noindex/FleetNotifier.build/Debug-iphonesimulator/FleetNotifier.build/FleetNotifier-LinkMap-normal-undefined_arch.txt
    export LD_NO_PIE\=NO
    export LD_QUOTE_LINKER_ARGUMENTS_FOR_COMPILER_DRIVER\=YES
    export LD_RUNPATH_SEARCH_PATHS\=\ @executable_path/Frameworks
    export LD_RUNPATH_SEARCH_PATHS_YES\=@loader_path/../Frameworks
    export LD_SHARED_CACHE_ELIGIBLE\=Automatic
    export LD_WARN_DUPLICATE_LIBRARIES\=NO
    export LD_WARN_UNUSED_DYLIBS\=NO
    export LEGACY_DEVELOPER_DIR\=/Applications/Xcode.app/Contents/PlugIns/Xcode3Core.ideplugin/Contents/SharedSupport/Developer
    export LEX\=lex
    export LIBRARY_DEXT_INSTALL_PATH\=/Library/DriverExtensions
    export LIBRARY_FLAG_NOSPACE\=YES
    export LIBRARY_FLAG_PREFIX\=-l
    export LIBRARY_KEXT_INSTALL_PATH\=/Library/Extensions
    export LIBRARY_SEARCH_PATHS\=/tmp/fn574-dd/Build/Products/Debug-iphonesimulator\ 
    export LINKER_DISPLAYS_MANGLED_NAMES\=NO
    export LINK_FILE_LIST_normal_arm64\=/tmp/fn574-dd/Build/Intermediates.noindex/FleetNotifier.build/Debug-iphonesimulator/FleetNotifier.build/Objects-normal/arm64/FleetNotifier.LinkFileList
    export LINK_OBJC_RUNTIME\=YES
    export LINK_WITH_STANDARD_LIBRARIES\=YES
    export LLVM_TARGET_TRIPLE_OS_VERSION\=ios17.0
    export LLVM_TARGET_TRIPLE_SUFFIX\=-simulator
    export LLVM_TARGET_TRIPLE_VENDOR\=apple
    export LM_AUX_CONST_METADATA_LIST_PATH_normal_arm64\=/tmp/fn574-dd/Build/Intermediates.noindex/FleetNotifier.build/Debug-iphonesimulator/FleetNotifier.build/Objects-normal/arm64/FleetNotifier.SwiftConstValuesFileList
    export LOCALIZATION_EXPORT_SUPPORTED\=YES
    export LOCALIZATION_PREFERS_STRING_CATALOGS\=NO
    export LOCALIZED_RESOURCES_FOLDER_PATH\=FleetNotifier.app/en.lproj
    export LOCALIZED_STRING_CODE_COMMENTS\=NO
    export LOCALIZED_STRING_MACRO_NAMES\=NSLocalizedString\ CFCopyLocalizedString
    export LOCALIZED_STRING_SWIFTUI_SUPPORT\=YES
    export LOCAL_ADMIN_APPS_DIR\=/Applications/Utilities
    export LOCAL_APPS_DIR\=/Applications
    export LOCAL_DEVELOPER_DIR\=/Library/Developer
    export LOCAL_LIBRARY_DIR\=/Library
    export LOCROOT\=/Users/jirathip/.herdr/worktrees/corral/g574-pager-perf/ios
    export LOCSYMROOT\=/Users/jirathip/.herdr/worktrees/corral/g574-pager-perf/ios
    export MACH_O_TYPE\=mh_execute
    export MAC_OS_X_PRODUCT_BUILD_VERSION\=25G83
    export MAC_OS_X_VERSION_ACTUAL\=260602
    export MAC_OS_X_VERSION_MAJOR\=260000
    export MAC_OS_X_VERSION_MINOR\=260600
    export MAKE_MERGEABLE\=NO
    export MARKETING_VERSION\=0.1.0
    export MERGEABLE_LIBRARY\=NO
    export MERGED_BINARY_TYPE\=none
    export MERGE_LINKED_LIBRARIES\=NO
    export METAL_LIBRARY_FILE_BASE\=default
    export METAL_LIBRARY_OUTPUT_DIR\=/tmp/fn574-dd/Build/Products/Debug-iphonesimulator/FleetNotifier.app
    export MODULES_FOLDER_PATH\=FleetNotifier.app/Modules
    export MODULE_CACHE_DIR\=/tmp/fn574-dd/ModuleCache.noindex
    export MTL_ENABLE_DEBUG_INFO\=INCLUDE_SOURCE
    export MTL_FAST_MATH\=YES
    export NATIVE_ARCH\=arm64
    export NATIVE_ARCH_32_BIT\=arm
    export NATIVE_ARCH_64_BIT\=arm64
    export NATIVE_ARCH_ACTUAL\=arm64
    export NO_COMMON\=YES
    export OBJC_ABI_VERSION\=2
    export OBJECT_FILE_DIR\=/tmp/fn574-dd/Build/Intermediates.noindex/FleetNotifier.build/Debug-iphonesimulator/FleetNotifier.build/Objects
    export OBJECT_FILE_DIR_normal\=/tmp/fn574-dd/Build/Intermediates.noindex/FleetNotifier.build/Debug-iphonesimulator/FleetNotifier.build/Objects-normal
    export OBJROOT\=/tmp/fn574-dd/Build/Intermediates.noindex
    export ONLY_ACTIVE_ARCH\=YES
    export OS\=MACOS
    export OSAC\=/usr/bin/osacompile
    export PACKAGE_TYPE\=com.apple.package-type.wrapper.application
    export PASCAL_STRINGS\=YES
    export PATH\=/Applications/Xcode.app/Contents/SharedFrameworks/SwiftBuild.framework/Versions/A/PlugIns/SWBBuildService.bundle/Contents/PlugIns/SWBUniversalPlatformPlugin.bundle/Contents/Frameworks/SWBUniversalPlatform.framework/Resources:/Applications/Xcode.app/Contents/Developer/Toolchains/XcodeDefault.xctoolchain/usr/bin:/Applications/Xcode.app/Contents/Developer/Toolchains/XcodeDefault.xctoolchain/usr/local/bin:/Applications/Xcode.app/Contents/Developer/Toolchains/XcodeDefault.xctoolchain/usr/libexec:/Applications/Xcode.app/Contents/Developer/Platforms/iPhoneSimulator.platform/usr/bin:/Applications/Xcode.app/Contents/Developer/Platforms/iPhoneSimulator.platform/usr/local/bin:/Applications/Xcode.app/Contents/Developer/Platforms/iPhoneSimulator.platform/Developer/usr/bin:/Applications/Xcode.app/Contents/Developer/Platforms/iPhoneSimulator.platform/Developer/usr/local/bin:/Applications/Xcode.app/Contents/Developer/usr/bin:/Applications/Xcode.app/Contents/Developer/usr/local/bin:/Users/jirathip/.config/nvm/versions/node/v22.23.2/bin:/Users/jirathip/.local/share/mise/installs/node/24.19.0/bin:/Users/jirathip/.local/share/mise/installs/terraform/latest:/Users/jirathip/.local/bin:/opt/homebrew/bin:/opt/homebrew/sbin:/usr/local/bin:/System/Cryptexes/App/usr/bin:/usr/bin:/bin:/usr/sbin:/sbin:/var/run/com.apple.security.cryptexd/codex.system/bootstrap/usr/local/bin:/var/run/com.apple.security.cryptexd/codex.system/bootstrap/usr/bin:/var/run/com.apple.security.cryptexd/codex.system/bootstrap/usr/appleinternal/bin:/pkg/env/global/bin:/Library/Apple/usr/bin:/Users/jirathip/.cargo/bin:/Users/jirathip/.hermes/hermes-agent/venv/bin
    export PATH_PREFIXES_EXCLUDED_FROM_HEADER_DEPENDENCIES\=/usr/include\ /usr/local/include\ /System/Library/Frameworks\ /System/Library/PrivateFrameworks\ /Applications/Xcode.app/Contents/Developer/Headers\ /Applications/Xcode.app/Contents/Developer/SDKs\ /Applications/Xcode.app/Contents/Developer/Platforms
    export PBDEVELOPMENTPLIST_PATH\=FleetNotifier.app/pbdevelopment.plist
    export PER_ARCH_MODULE_FILE_DIR\=/tmp/fn574-dd/Build/Intermediates.noindex/FleetNotifier.build/Debug-iphonesimulator/FleetNotifier.build/Objects-normal/undefined_arch
    export PER_ARCH_OBJECT_FILE_DIR\=/tmp/fn574-dd/Build/Intermediates.noindex/FleetNotifier.build/Debug-iphonesimulator/FleetNotifier.build/Objects-normal/undefined_arch
    export PER_VARIANT_OBJECT_FILE_DIR\=/tmp/fn574-dd/Build/Intermediates.noindex/FleetNotifier.build/Debug-iphonesimulator/FleetNotifier.build/Objects-normal
    export PKGINFO_FILE_PATH\=/tmp/fn574-dd/Build/Intermediates.noindex/FleetNotifier.build/Debug-iphonesimulator/FleetNotifier.build/PkgInfo
    export PKGINFO_PATH\=FleetNotifier.app/PkgInfo
    export PLATFORM_DEVELOPER_APPLICATIONS_DIR\=/Applications/Xcode.app/Contents/Developer/Platforms/iPhoneSimulator.platform/Developer/Applications
    export PLATFORM_DEVELOPER_BIN_DIR\=/Applications/Xcode.app/Contents/Developer/Platforms/iPhoneSimulator.platform/Developer/usr/bin
    export PLATFORM_DEVELOPER_LIBRARY_DIR\=/Applications/Xcode.app/Contents/Developer/Platforms/iPhoneSimulator.platform/Developer/Library
    export PLATFORM_DEVELOPER_SDK_DIR\=/Applications/Xcode.app/Contents/Developer/Platforms/iPhoneSimulator.platform/Developer/SDKs
    export PLATFORM_DEVELOPER_TOOLS_DIR\=/Applications/Xcode.app/Contents/Developer/Platforms/iPhoneSimulator.platform/Developer/Tools
    export PLATFORM_DEVELOPER_USR_DIR\=/Applications/Xcode.app/Contents/Developer/Platforms/iPhoneSimulator.platform/Developer/usr
    export PLATFORM_DIR\=/Applications/Xcode.app/Contents/Developer/Platforms/iPhoneSimulator.platform
    export PLATFORM_DISPLAY_NAME\=iOS\ Simulator
    export PLATFORM_FAMILY_NAME\=iOS
    export PLATFORM_NAME\=iphonesimulator
    export PLATFORM_PREFERRED_ARCH\=x86_64
    export PLATFORM_PRODUCT_BUILD_VERSION\=23F81a
    export PLATFORM_REQUIRES_SWIFT_AUTOLINK_EXTRACT\=NO
    export PLATFORM_REQUIRES_SWIFT_MODULEWRAP\=NO
    export PLATFORM_USES_DSYMS\=YES
    export PLIST_FILE_OUTPUT_FORMAT\=binary
    export PLUGINS_FOLDER_PATH\=FleetNotifier.app/PlugIns
    export PRECOMPS_INCLUDE_HEADERS_FROM_BUILT_PRODUCTS_DIR\=YES
    export PRECOMP_DESTINATION_DIR\=/tmp/fn574-dd/Build/Intermediates.noindex/FleetNotifier.build/Debug-iphonesimulator/FleetNotifier.build/PrefixHeaders
    export PRIVATE_HEADERS_FOLDER_PATH\=FleetNotifier.app/PrivateHeaders
    export PROCESSED_INFOPLIST_PATH\=/tmp/fn574-dd/Build/Intermediates.noindex/FleetNotifier.build/Debug-iphonesimulator/FleetNotifier.build/Objects-normal/undefined_arch/Processed-Info.plist
    export PRODUCT_BUNDLE_IDENTIFIER\=com.corral.fleetnotifier
    export PRODUCT_BUNDLE_PACKAGE_TYPE\=APPL
    export PRODUCT_MODULE_NAME\=FleetNotifier
    export PRODUCT_NAME\=FleetNotifier
    export PRODUCT_SETTINGS_PATH\=/Users/jirathip/.herdr/worktrees/corral/g574-pager-perf/ios/FleetNotifier/Info.plist
    export PRODUCT_TYPE\=com.apple.product-type.application
    export PROFILING_CODE\=NO
    export PROJECT\=FleetNotifier
    export PROJECT_DERIVED_FILE_DIR\=/tmp/fn574-dd/Build/Intermediates.noindex/FleetNotifier.build/DerivedSources
    export PROJECT_DIR\=/Users/jirathip/.herdr/worktrees/corral/g574-pager-perf/ios
    export PROJECT_FILE_PATH\=/Users/jirathip/.herdr/worktrees/corral/g574-pager-perf/ios/FleetNotifier.xcodeproj
    export PROJECT_GUID\=4e185eb72680d80f6b018d7d5cd1305a
    export PROJECT_NAME\=FleetNotifier
    export PROJECT_TEMP_DIR\=/tmp/fn574-dd/Build/Intermediates.noindex/FleetNotifier.build
    export PROJECT_TEMP_ROOT\=/tmp/fn574-dd/Build/Intermediates.noindex
    export PROVISIONING_PROFILE_REQUIRED\=NO
    export PROVISIONING_PROFILE_REQUIRED_YES_YES\=YES
    export PROVISIONING_PROFILE_SUPPORTED\=YES
    export PUBLIC_HEADERS_FOLDER_PATH\=FleetNotifier.app/Headers
    export RECOMMENDED_IPHONEOS_DEPLOYMENT_TARGET\=15.0
    export RECURSIVE_SEARCH_PATHS_FOLLOW_SYMLINKS\=YES
    export REMOVE_CVS_FROM_RESOURCES\=YES
    export REMOVE_GIT_FROM_RESOURCES\=YES
    export REMOVE_HEADERS_FROM_EMBEDDED_BUNDLES\=YES
    export REMOVE_HG_FROM_RESOURCES\=YES
    export REMOVE_STATIC_EXECUTABLES_FROM_EMBEDDED_BUNDLES\=YES
    export REMOVE_SVN_FROM_RESOURCES\=YES
    export RESCHEDULE_INDEPENDENT_HEADERS_PHASES\=YES
    export REZ_COLLECTOR_DIR\=/tmp/fn574-dd/Build/Intermediates.noindex/FleetNotifier.build/Debug-iphonesimulator/FleetNotifier.build/ResourceManagerResources
    export REZ_OBJECTS_DIR\=/tmp/fn574-dd/Build/Intermediates.noindex/FleetNotifier.build/Debug-iphonesimulator/FleetNotifier.build/ResourceManagerResources/Objects
    export REZ_SEARCH_PATHS\=/tmp/fn574-dd/Build/Products/Debug-iphonesimulator\ 
    export RPATH_ORIGIN\=@loader_path
    export RUNTIME_EXCEPTION_ALLOW_DYLD_ENVIRONMENT_VARIABLES\=NO
    export RUNTIME_EXCEPTION_ALLOW_JIT\=NO
    export RUNTIME_EXCEPTION_ALLOW_UNSIGNED_EXECUTABLE_MEMORY\=NO
    export RUNTIME_EXCEPTION_DEBUGGING_TOOL\=NO
    export RUNTIME_EXCEPTION_DISABLE_EXECUTABLE_PAGE_PROTECTION\=NO
    export RUNTIME_EXCEPTION_DISABLE_LIBRARY_VALIDATION\=NO
    export SCANNING_PCM_KEEP_CACHE_DIRECTORY\=YES
    export SCAN_ALL_SOURCE_FILES_FOR_INCLUDES\=NO
    export SCRIPTS_FOLDER_PATH\=FleetNotifier.app/Scripts
    export SCRIPT_INPUT_FILE_0\=/Users/jirathip/.herdr/worktrees/corral/g574-pager-perf/ios/FleetNotifier/App/AppModel.swift
    export SCRIPT_INPUT_FILE_1\=/Users/jirathip/.herdr/worktrees/corral/g574-pager-perf/ios/FleetNotifier/App/EnrollmentPairing.swift
    export SCRIPT_INPUT_FILE_10\=/Users/jirathip/.herdr/worktrees/corral/g574-pager-perf/ios/FleetNotifier/Network/SSEParser.swift
    export SCRIPT_INPUT_FILE_11\=/Users/jirathip/.herdr/worktrees/corral/g574-pager-perf/ios/FleetNotifier/Notifications/AppDelegate.swift
    export SCRIPT_INPUT_FILE_12\=/Users/jirathip/.herdr/worktrees/corral/g574-pager-perf/ios/FleetNotifier/Notifications/LocalNotifier.swift
    export SCRIPT_INPUT_FILE_13\=/Users/jirathip/.herdr/worktrees/corral/g574-pager-perf/ios/FleetNotifier/Notifications/NotificationPermission.swift
    export SCRIPT_INPUT_FILE_14\=/Users/jirathip/.herdr/worktrees/corral/g574-pager-perf/ios/FleetNotifier/Notifications/PushPayload.swift
    export SCRIPT_INPUT_FILE_15\=/Users/jirathip/.herdr/worktrees/corral/g574-pager-perf/ios/FleetNotifier/Profiles/BoardCache.swift
    export SCRIPT_INPUT_FILE_16\=/Users/jirathip/.herdr/worktrees/corral/g574-pager-perf/ios/FleetNotifier/Profiles/HostKeyTrust.swift
    export SCRIPT_INPUT_FILE_17\=/Users/jirathip/.herdr/worktrees/corral/g574-pager-perf/ios/FleetNotifier/Profiles/HostProfile.swift
    export SCRIPT_INPUT_FILE_18\=/Users/jirathip/.herdr/worktrees/corral/g574-pager-perf/ios/FleetNotifier/Profiles/HostProfileStore.swift
    export SCRIPT_INPUT_FILE_19\=/Users/jirathip/.herdr/worktrees/corral/g574-pager-perf/ios/FleetNotifier/Profiles/HostStreamCoordinator.swift
    export SCRIPT_INPUT_FILE_2\=/Users/jirathip/.herdr/worktrees/corral/g574-pager-perf/ios/FleetNotifier/App/FleetNotifierApp.swift
    export SCRIPT_INPUT_FILE_20\=/Users/jirathip/.herdr/worktrees/corral/g574-pager-perf/ios/FleetNotifier/Profiles/KeyContinuityGate.swift
    export SCRIPT_INPUT_FILE_21\=/Users/jirathip/.herdr/worktrees/corral/g574-pager-perf/ios/FleetNotifier/UI/AppIconPicker.swift
    export SCRIPT_INPUT_FILE_22\=/Users/jirathip/.herdr/worktrees/corral/g574-pager-perf/ios/FleetNotifier/UI/AppTheme.swift
    export SCRIPT_INPUT_FILE_23\=/Users/jirathip/.herdr/worktrees/corral/g574-pager-perf/ios/FleetNotifier/UI/BoardModel.swift
    export SCRIPT_INPUT_FILE_24\=/Users/jirathip/.herdr/worktrees/corral/g574-pager-perf/ios/FleetNotifier/UI/EnrollmentScannerView.swift
    export SCRIPT_INPUT_FILE_25\=/Users/jirathip/.herdr/worktrees/corral/g574-pager-perf/ios/FleetNotifier/UI/FleetViews.swift
    export SCRIPT_INPUT_FILE_26\=/Users/jirathip/.herdr/worktrees/corral/g574-pager-perf/ios/FleetNotifier/UI/Herd/HerdArt.swift
    export SCRIPT_INPUT_FILE_27\=/Users/jirathip/.herdr/worktrees/corral/g574-pager-perf/ios/FleetNotifier/UI/Herd/HerdEnvironmentChoice.swift
    export SCRIPT_INPUT_FILE_28\=/Users/jirathip/.herdr/worktrees/corral/g574-pager-perf/ios/FleetNotifier/UI/Herd/HerdModel.swift
    export SCRIPT_INPUT_FILE_29\=/Users/jirathip/.herdr/worktrees/corral/g574-pager-perf/ios/FleetNotifier/UI/Herd/HerdView.swift
    export SCRIPT_INPUT_FILE_3\=/Users/jirathip/.herdr/worktrees/corral/g574-pager-perf/ios/FleetNotifier/App/FleetStore.swift
    export SCRIPT_INPUT_FILE_30\=/Users/jirathip/.herdr/worktrees/corral/g574-pager-perf/ios/FleetNotifier/UI/Herd/RanchEnvironment.swift
    export SCRIPT_INPUT_FILE_31\=/Users/jirathip/.herdr/worktrees/corral/g574-pager-perf/ios/FleetNotifier/UI/Herd/HerdAmbientPolicy.swift
    export SCRIPT_INPUT_FILE_32\=/Users/jirathip/.herdr/worktrees/corral/g574-pager-perf/ios/FleetNotifier/UI/Herd/RanchWind.swift
    export SCRIPT_INPUT_FILE_33\=/Users/jirathip/.herdr/worktrees/corral/g574-pager-perf/ios/FleetNotifier/UI/RecentOutputModel.swift
    export SCRIPT_INPUT_FILE_34\=/Users/jirathip/.herdr/worktrees/corral/g574-pager-perf/ios/FleetNotifier/UI/StateStyle.swift
    export SCRIPT_INPUT_FILE_35\=/Users/jirathip/.herdr/worktrees/corral/g574-pager-perf/ios/FleetNotifier/UI/TimeInState.swift
    export SCRIPT_INPUT_FILE_36\=/Users/jirathip/.herdr/worktrees/corral/g574-pager-perf/ios/FleetNotifier/Wire/CanonicalJSON.swift
    export SCRIPT_INPUT_FILE_37\=/Users/jirathip/.herdr/worktrees/corral/g574-pager-perf/ios/FleetNotifier/Wire/DriveClient.swift
    export SCRIPT_INPUT_FILE_38\=/Users/jirathip/.herdr/worktrees/corral/g574-pager-perf/ios/FleetNotifier/Wire/EnrollmentClient.swift
    export SCRIPT_INPUT_FILE_39\=/Users/jirathip/.herdr/worktrees/corral/g574-pager-perf/ios/FleetNotifier/Wire/EnrollmentPayload.swift
    export SCRIPT_INPUT_FILE_4\=/Users/jirathip/.herdr/worktrees/corral/g574-pager-perf/ios/FleetNotifier/Demo/AddHostCommitEvidenceURLProtocol.swift
    export SCRIPT_INPUT_FILE_40\=/Users/jirathip/.herdr/worktrees/corral/g574-pager-perf/ios/embed-release-source-digest.py
    export SCRIPT_INPUT_FILE_41\=/Users/jirathip/.herdr/worktrees/corral/g574-pager-perf/ios/release_source_manifest.py
    export SCRIPT_INPUT_FILE_5\=/Users/jirathip/.herdr/worktrees/corral/g574-pager-perf/ios/FleetNotifier/Demo/DemoFleet.swift
    export SCRIPT_INPUT_FILE_6\=/Users/jirathip/.herdr/worktrees/corral/g574-pager-perf/ios/FleetNotifier/Demo/HerdEvidence.swift
    export SCRIPT_INPUT_FILE_7\=/Users/jirathip/.herdr/worktrees/corral/g574-pager-perf/ios/FleetNotifier/Keychain/DeviceKeyStore.swift
    export SCRIPT_INPUT_FILE_8\=/Users/jirathip/.herdr/worktrees/corral/g574-pager-perf/ios/FleetNotifier/Models/Models.swift
    export SCRIPT_INPUT_FILE_9\=/Users/jirathip/.herdr/worktrees/corral/g574-pager-perf/ios/FleetNotifier/Network/CorraldClient.swift
    export SCRIPT_INPUT_FILE_COUNT\=42
    export SCRIPT_INPUT_FILE_LIST_COUNT\=0
    export SCRIPT_OUTPUT_FILE_0\=/tmp/fn574-dd/Build/Intermediates.noindex/FleetNotifier.build/Debug-iphonesimulator/FleetNotifier.build/DerivedSources/corral-release-source-digest
    export SCRIPT_OUTPUT_FILE_COUNT\=1
    export SCRIPT_OUTPUT_FILE_LIST_COUNT\=0
    export SDKROOT\=/Applications/Xcode.app/Contents/Developer/Platforms/iPhoneSimulator.platform/Developer/SDKs/iPhoneSimulator26.5.sdk
    export SDK_DIR\=/Applications/Xcode.app/Contents/Developer/Platforms/iPhoneSimulator.platform/Developer/SDKs/iPhoneSimulator26.5.sdk
    export SDK_DIR_iphonesimulator\=/Applications/Xcode.app/Contents/Developer/Platforms/iPhoneSimulator.platform/Developer/SDKs/iPhoneSimulator26.5.sdk
    export SDK_DIR_iphonesimulator26_5\=/Applications/Xcode.app/Contents/Developer/Platforms/iPhoneSimulator.platform/Developer/SDKs/iPhoneSimulator26.5.sdk
    export SDK_NAME\=iphonesimulator26.5
    export SDK_NAMES\=iphonesimulator26.5
    export SDK_PRODUCT_BUILD_VERSION\=23F81a
    export SDK_STAT_CACHE_DIR\=/tmp/fn574-dd
    export SDK_STAT_CACHE_ENABLE\=YES
    export SDK_STAT_CACHE_PATH\=/tmp/fn574-dd/SDKStatCaches.noindex/iphonesimulator26.5-23F81a-6cfe768891a92b912361537c460fe42b.sdkstatcache
    export SDK_VERSION\=26.5
    export SDK_VERSION_ACTUAL\=260500
    export SDK_VERSION_MAJOR\=260000
    export SDK_VERSION_MINOR\=260500
    export SED\=/usr/bin/sed
    export SEPARATE_STRIP\=NO
    export SEPARATE_SYMBOL_EDIT\=NO
    export SET_DIR_MODE_OWNER_GROUP\=YES
    export SET_FILE_MODE_OWNER_GROUP\=NO
    export SHALLOW_BUNDLE\=YES
    export SHALLOW_BUNDLE_TRIPLE\=ios-simulator
    export SHALLOW_BUNDLE_ios_macabi\=NO
    export SHALLOW_BUNDLE_macos\=NO
    export SHARED_DERIVED_FILE_DIR\=/tmp/fn574-dd/Build/Products/Debug-iphonesimulator/DerivedSources
    export SHARED_FRAMEWORKS_FOLDER_PATH\=FleetNotifier.app/SharedFrameworks
    export SHARED_PRECOMPS_DIR\=/tmp/fn574-dd/Build/Intermediates.noindex/PrecompiledHeaders
    export SHARED_SUPPORT_FOLDER_PATH\=FleetNotifier.app/SharedSupport
    export SKIP_INSTALL\=NO
    export SKIP_MERGEABLE_LIBRARY_BUNDLE_HOOK\=NO
    export SOURCE_ROOT\=/Users/jirathip/.herdr/worktrees/corral/g574-pager-perf/ios
    export SRCROOT\=/Users/jirathip/.herdr/worktrees/corral/g574-pager-perf/ios
    export STRINGSDATA_DIR\=/tmp/fn574-dd/Build/Intermediates.noindex/FleetNotifier.build/Debug-iphonesimulator/FleetNotifier.build/Objects-normal/undefined_arch
    export STRINGSDATA_ROOT\=/tmp/fn574-dd/Build/Intermediates.noindex/FleetNotifier.build/Debug-iphonesimulator/FleetNotifier.build
    export STRINGS_FILE_INFOPLIST_RENAME\=YES
    export STRINGS_FILE_OUTPUT_ENCODING\=binary
    export STRING_CATALOG_GENERATE_SYMBOLS\=NO
    export STRIP_BITCODE_FROM_COPIED_FILES\=NO
    export STRIP_INSTALLED_PRODUCT\=NO
    export STRIP_STYLE\=all
    export STRIP_SWIFT_SYMBOLS\=YES
    export SUPPORTED_DEVICE_FAMILIES\=1,2
    export SUPPORTED_PLATFORMS\=iphoneos\ iphonesimulator
    export SUPPORTS_MACCATALYST\=NO
    export SUPPORTS_ON_DEMAND_RESOURCES\=YES
    export SUPPORTS_TEXT_BASED_API\=NO
    export SUPPRESS_WARNINGS\=NO
    export SWIFT_ACTIVE_COMPILATION_CONDITIONS\=DEBUG
    export SWIFT_EMIT_CONST_VALUE_PROTOCOLS\=AnyResolverProviding\ AppEntity\ AppEnum\ AppExtension\ AppIntent\ AppIntentsPackage\ AppShortcutProviding\ AppShortcutsProvider\ AppUnionValue\ AppUnionValueCasesProviding\ DynamicOptionsProvider\ EntityQuery\ ExtensionPointDefining\ IntentValueQuery\ Resolver\ TransientEntity\ _AssistantIntentsProvider\ _GenerativeFunctionExtractable\ _IntentValueRepresentable
    export SWIFT_EMIT_LOC_STRINGS\=NO
    export SWIFT_ENABLE_EXPLICIT_MODULES\=YES
    export SWIFT_OPTIMIZATION_LEVEL\=-Onone
    export SWIFT_PLATFORM_TARGET_PREFIX\=ios
    export SWIFT_RESPONSE_FILE_PATH_normal_arm64\=/tmp/fn574-dd/Build/Intermediates.noindex/FleetNotifier.build/Debug-iphonesimulator/FleetNotifier.build/Objects-normal/arm64/FleetNotifier.SwiftFileList
    export SWIFT_VERSION\=5.9
    export SYMROOT\=/tmp/fn574-dd/Build/Products
    export SYSTEM_ADMIN_APPS_DIR\=/Applications/Utilities
    export SYSTEM_APPS_DIR\=/Applications
    export SYSTEM_CORE_SERVICES_DIR\=/System/Library/CoreServices
    export SYSTEM_DEMOS_DIR\=/Applications/Extras
    export SYSTEM_DEVELOPER_APPS_DIR\=/Applications/Xcode.app/Contents/Developer/Applications
    export SYSTEM_DEVELOPER_BIN_DIR\=/Applications/Xcode.app/Contents/Developer/usr/bin
    export SYSTEM_DEVELOPER_DEMOS_DIR\=/Applications/Xcode.app/Contents/Developer/Applications/Utilities/Built\ Examples
    export SYSTEM_DEVELOPER_DIR\=/Applications/Xcode.app/Contents/Developer
    export SYSTEM_DEVELOPER_DOC_DIR\=/Applications/Xcode.app/Contents/Developer/ADC\ Reference\ Library
    export SYSTEM_DEVELOPER_GRAPHICS_TOOLS_DIR\=/Applications/Xcode.app/Contents/Developer/Applications/Graphics\ Tools
    export SYSTEM_DEVELOPER_JAVA_TOOLS_DIR\=/Applications/Xcode.app/Contents/Developer/Applications/Java\ Tools
    export SYSTEM_DEVELOPER_PERFORMANCE_TOOLS_DIR\=/Applications/Xcode.app/Contents/Developer/Applications/Performance\ Tools
    export SYSTEM_DEVELOPER_RELEASENOTES_DIR\=/Applications/Xcode.app/Contents/Developer/ADC\ Reference\ Library/releasenotes
    export SYSTEM_DEVELOPER_TOOLS\=/Applications/Xcode.app/Contents/Developer/Tools
    export SYSTEM_DEVELOPER_TOOLS_DOC_DIR\=/Applications/Xcode.app/Contents/Developer/ADC\ Reference\ Library/documentation/DeveloperTools
    export SYSTEM_DEVELOPER_TOOLS_RELEASENOTES_DIR\=/Applications/Xcode.app/Contents/Developer/ADC\ Reference\ Library/releasenotes/DeveloperTools
    export SYSTEM_DEVELOPER_USR_DIR\=/Applications/Xcode.app/Contents/Developer/usr
    export SYSTEM_DEVELOPER_UTILITIES_DIR\=/Applications/Xcode.app/Contents/Developer/Applications/Utilities
    export SYSTEM_DEXT_INSTALL_PATH\=/System/Library/DriverExtensions
    export SYSTEM_DOCUMENTATION_DIR\=/Library/Documentation
    export SYSTEM_EXTENSIONS_FOLDER_PATH\=FleetNotifier.app/SystemExtensions
    export SYSTEM_EXTENSIONS_FOLDER_PATH_SHALLOW_BUNDLE_NO\=FleetNotifier.app/Library/SystemExtensions
    export SYSTEM_EXTENSIONS_FOLDER_PATH_SHALLOW_BUNDLE_YES\=FleetNotifier.app/SystemExtensions
    export SYSTEM_KEXT_INSTALL_PATH\=/System/Library/Extensions
    export SYSTEM_LIBRARY_DIR\=/System/Library
    export TAPI_DEMANGLE\=YES
    export TAPI_ENABLE_PROJECT_HEADERS\=NO
    export TAPI_LANGUAGE\=objective-c
    export TAPI_LANGUAGE_STANDARD\=compiler-default
    export TAPI_USE_SRCROOT\=YES
    export TAPI_VERIFY_MODE\=Pedantic
    export TARGETED_DEVICE_FAMILY\=1,2
    export TARGETNAME\=FleetNotifier
    export TARGET_BUILD_DIR\=/tmp/fn574-dd/Build/Products/Debug-iphonesimulator
    export TARGET_DEVICE_IDENTIFIER\=E8A93355-D7A7-4727-87B9-11E3D0FC1E08
    export TARGET_DEVICE_MODEL\=iPhone18,1
    export TARGET_DEVICE_OS_VERSION\=26.5
    export TARGET_DEVICE_PLATFORM_NAME\=iphonesimulator
    export TARGET_NAME\=FleetNotifier
    export TARGET_TEMP_DIR\=/tmp/fn574-dd/Build/Intermediates.noindex/FleetNotifier.build/Debug-iphonesimulator/FleetNotifier.build
    export TEMP_DIR\=/tmp/fn574-dd/Build/Intermediates.noindex/FleetNotifier.build/Debug-iphonesimulator/FleetNotifier.build
    export TEMP_FILES_DIR\=/tmp/fn574-dd/Build/Intermediates.noindex/FleetNotifier.build/Debug-iphonesimulator/FleetNotifier.build
    export TEMP_FILE_DIR\=/tmp/fn574-dd/Build/Intermediates.noindex/FleetNotifier.build/Debug-iphonesimulator/FleetNotifier.build
    export TEMP_ROOT\=/tmp/fn574-dd/Build/Intermediates.noindex
    export TEMP_SANDBOX_DIR\=/tmp/fn574-dd/Build/Intermediates.noindex/TemporaryTaskSandboxes
    export TEST_FRAMEWORK_SEARCH_PATHS\=\ /Applications/Xcode.app/Contents/Developer/Platforms/iPhoneSimulator.platform/Developer/Library/Frameworks\ /Applications/Xcode.app/Contents/Developer/Platforms/iPhoneSimulator.platform/Developer/SDKs/iPhoneSimulator26.5.sdk/Developer/Library/Frameworks
    export TEST_LIBRARY_SEARCH_PATHS\=\ /Applications/Xcode.app/Contents/Developer/Platforms/iPhoneSimulator.platform/Developer/usr/lib
    export TOOLCHAINS\=com.apple.dt.toolchain.XcodeDefault
    export TOOLCHAIN_DIR\=/Applications/Xcode.app/Contents/Developer/Toolchains/XcodeDefault.xctoolchain
    export TREAT_MISSING_BASELINES_AS_TEST_FAILURES\=NO
    export TREAT_MISSING_SCRIPT_PHASE_OUTPUTS_AS_ERRORS\=NO
    export TeamIdentifierPrefix\=9244PWFYD7.
    export UID\=501
    export UNINSTALLED_PRODUCTS_DIR\=/tmp/fn574-dd/Build/Intermediates.noindex/UninstalledProducts
    export UNLOCALIZED_RESOURCES_FOLDER_PATH\=FleetNotifier.app
    export UNLOCALIZED_RESOURCES_FOLDER_PATH_SHALLOW_BUNDLE_NO\=FleetNotifier.app/Resources
    export UNLOCALIZED_RESOURCES_FOLDER_PATH_SHALLOW_BUNDLE_YES\=FleetNotifier.app
    export UNSTRIPPED_PRODUCT\=NO
    export USER\=jirathip
    export USER_APPS_DIR\=/Users/jirathip/Applications
    export USER_LIBRARY_DIR\=/Users/jirathip/Library
    export USE_DYNAMIC_NO_PIC\=YES
    export USE_HEADERMAP\=YES
    export USE_HEADER_SYMLINKS\=NO
    export VALIDATE_DEVELOPMENT_ASSET_PATHS\=YES_ERROR
    export VALIDATE_PRODUCT\=NO
    export VALID_ARCHS\=arm64\ x86_64
    export VERBOSE_PBXCP\=NO
    export VERSIONPLIST_PATH\=FleetNotifier.app/version.plist
    export VERSION_INFO_BUILDER\=jirathip
    export VERSION_INFO_FILE\=FleetNotifier_vers.c
    export VERSION_INFO_STRING\=\"@\(\#\)PROGRAM:FleetNotifier\ \ PROJECT:FleetNotifier-1\"
    export WORKSPACE_DIR\=/Users/jirathip/.herdr/worktrees/corral/g574-pager-perf/ios/FleetNotifier.xcodeproj
    export WRAPPER_EXTENSION\=app
    export WRAPPER_NAME\=FleetNotifier.app
    export WRAPPER_SUFFIX\=.app
    export WRAP_ASSET_PACKS_IN_SEPARATE_DIRECTORIES\=NO
    export XCODE_APP_SUPPORT_DIR\=/Applications/Xcode.app/Contents/Developer/Library/Xcode
    export XCODE_PRODUCT_BUILD_VERSION\=17F113
    export XCODE_VERSION_ACTUAL\=2660
    export XCODE_VERSION_MAJOR\=2600
    export XCODE_VERSION_MINOR\=2660
    export XPCSERVICES_FOLDER_PATH\=FleetNotifier.app/XPCServices
    export YACC\=yacc
    export _DISCOVER_COMMAND_LINE_LINKER_INPUTS\=YES
    export _DISCOVER_COMMAND_LINE_LINKER_INPUTS_INCLUDE_WL\=YES
    export _LD_MULTIARCH\=YES
    export _WRAPPER_CONTENTS_DIR_SHALLOW_BUNDLE_NO\=/Contents
    export _WRAPPER_PARENT_PATH_SHALLOW_BUNDLE_NO\=/..
    export _WRAPPER_RESOURCES_DIR_SHALLOW_BUNDLE_NO\=/Resources
    export __DIAGNOSE_DEPRECATED_ARCHS\=YES
    export __IS_NOT_MACOS\=YES
    export __IS_NOT_MACOS_macosx\=NO
    export __IS_NOT_SIMULATOR\=NO
    export __IS_NOT_SIMULATOR_simulator\=NO
    export __ORIGINAL_SDK_DEFINED_LLVM_TARGET_TRIPLE_SYS\=ios
    export arch\=undefined_arch
    export variant\=normal
    /usr/bin/sandbox-exec -D SCRIPT_OUTPUT_FILE_0\=/tmp/fn574-dd/Build/Intermediates.noindex/FleetNotifier.build/Debug-iphonesimulator/FleetNotifier.build/DerivedSources/corral-release-source-digest -D SCRIPT_INPUT_FILE_0\=/Users/jirathip/.herdr/worktrees/corral/g574-pager-perf/ios/FleetNotifier/App/AppModel.swift -D SCRIPT_INPUT_FILE_1\=/Users/jirathip/.herdr/worktrees/corral/g574-pager-perf/ios/FleetNotifier/App/EnrollmentPairing.swift -D SCRIPT_INPUT_FILE_2\=/Users/jirathip/.herdr/worktrees/corral/g574-pager-perf/ios/FleetNotifier/App/FleetNotifierApp.swift -D SCRIPT_INPUT_FILE_3\=/Users/jirathip/.herdr/worktrees/corral/g574-pager-perf/ios/FleetNotifier/App/FleetStore.swift -D SCRIPT_INPUT_FILE_4\=/Users/jirathip/.herdr/worktrees/corral/g574-pager-perf/ios/FleetNotifier/Demo/AddHostCommitEvidenceURLProtocol.swift -D SCRIPT_INPUT_FILE_5\=/Users/jirathip/.herdr/worktrees/corral/g574-pager-perf/ios/FleetNotifier/Demo/DemoFleet.swift -D SCRIPT_INPUT_FILE_6\=/Users/jirathip/.herdr/worktrees/corral/g574-pager-perf/ios/FleetNotifier/Demo/HerdEvidence.swift -D SCRIPT_INPUT_FILE_7\=/Users/jirathip/.herdr/worktrees/corral/g574-pager-perf/ios/FleetNotifier/Keychain/DeviceKeyStore.swift -D SCRIPT_INPUT_FILE_8\=/Users/jirathip/.herdr/worktrees/corral/g574-pager-perf/ios/FleetNotifier/Models/Models.swift -D SCRIPT_INPUT_FILE_9\=/Users/jirathip/.herdr/worktrees/corral/g574-pager-perf/ios/FleetNotifier/Network/CorraldClient.swift -D SCRIPT_INPUT_FILE_10\=/Users/jirathip/.herdr/worktrees/corral/g574-pager-perf/ios/FleetNotifier/Network/SSEParser.swift -D SCRIPT_INPUT_FILE_11\=/Users/jirathip/.herdr/worktrees/corral/g574-pager-perf/ios/FleetNotifier/Notifications/AppDelegate.swift -D SCRIPT_INPUT_FILE_12\=/Users/jirathip/.herdr/worktrees/corral/g574-pager-perf/ios/FleetNotifier/Notifications/LocalNotifier.swift -D SCRIPT_INPUT_FILE_13\=/Users/jirathip/.herdr/worktrees/corral/g574-pager-perf/ios/FleetNotifier/Notifications/NotificationPermission.swift -D SCRIPT_INPUT_FILE_14\=/Users/jirathip/.herdr/worktrees/corral/g574-pager-perf/ios/FleetNotifier/Notifications/PushPayload.swift -D SCRIPT_INPUT_FILE_15\=/Users/jirathip/.herdr/worktrees/corral/g574-pager-perf/ios/FleetNotifier/Profiles/BoardCache.swift -D SCRIPT_INPUT_FILE_16\=/Users/jirathip/.herdr/worktrees/corral/g574-pager-perf/ios/FleetNotifier/Profiles/HostKeyTrust.swift -D SCRIPT_INPUT_FILE_17\=/Users/jirathip/.herdr/worktrees/corral/g574-pager-perf/ios/FleetNotifier/Profiles/HostProfile.swift -D SCRIPT_INPUT_FILE_18\=/Users/jirathip/.herdr/worktrees/corral/g574-pager-perf/ios/FleetNotifier/Profiles/HostProfileStore.swift -D SCRIPT_INPUT_FILE_19\=/Users/jirathip/.herdr/worktrees/corral/g574-pager-perf/ios/FleetNotifier/Profiles/HostStreamCoordinator.swift -D SCRIPT_INPUT_FILE_20\=/Users/jirathip/.herdr/worktrees/corral/g574-pager-perf/ios/FleetNotifier/Profiles/KeyContinuityGate.swift -D SCRIPT_INPUT_FILE_21\=/Users/jirathip/.herdr/worktrees/corral/g574-pager-perf/ios/FleetNotifier/UI/AppIconPicker.swift -D SCRIPT_INPUT_FILE_22\=/Users/jirathip/.herdr/worktrees/corral/g574-pager-perf/ios/FleetNotifier/UI/AppTheme.swift -D SCRIPT_INPUT_FILE_23\=/Users/jirathip/.herdr/worktrees/corral/g574-pager-perf/ios/FleetNotifier/UI/BoardModel.swift -D SCRIPT_INPUT_FILE_24\=/Users/jirathip/.herdr/worktrees/corral/g574-pager-perf/ios/FleetNotifier/UI/EnrollmentScannerView.swift -D SCRIPT_INPUT_FILE_25\=/Users/jirathip/.herdr/worktrees/corral/g574-pager-perf/ios/FleetNotifier/UI/FleetViews.swift -D SCRIPT_INPUT_FILE_26\=/Users/jirathip/.herdr/worktrees/corral/g574-pager-perf/ios/FleetNotifier/UI/Herd/HerdArt.swift -D SCRIPT_INPUT_FILE_27\=/Users/jirathip/.herdr/worktrees/corral/g574-pager-perf/ios/FleetNotifier/UI/Herd/HerdEnvironmentChoice.swift -D SCRIPT_INPUT_FILE_28\=/Users/jirathip/.herdr/worktrees/corral/g574-pager-perf/ios/FleetNotifier/UI/Herd/HerdModel.swift -D SCRIPT_INPUT_FILE_29\=/Users/jirathip/.herdr/worktrees/corral/g574-pager-perf/ios/FleetNotifier/UI/Herd/HerdView.swift -D SCRIPT_INPUT_FILE_30\=/Users/jirathip/.herdr/worktrees/corral/g574-pager-perf/ios/FleetNotifier/UI/Herd/RanchEnvironment.swift -D SCRIPT_INPUT_FILE_31\=/Users/jirathip/.herdr/worktrees/corral/g574-pager-perf/ios/FleetNotifier/UI/Herd/HerdAmbientPolicy.swift -D SCRIPT_INPUT_FILE_32\=/Users/jirathip/.herdr/worktrees/corral/g574-pager-perf/ios/FleetNotifier/UI/Herd/RanchWind.swift -D SCRIPT_INPUT_FILE_33\=/Users/jirathip/.herdr/worktrees/corral/g574-pager-perf/ios/FleetNotifier/UI/RecentOutputModel.swift -D SCRIPT_INPUT_FILE_34\=/Users/jirathip/.herdr/worktrees/corral/g574-pager-perf/ios/FleetNotifier/UI/StateStyle.swift -D SCRIPT_INPUT_FILE_35\=/Users/jirathip/.herdr/worktrees/corral/g574-pager-perf/ios/FleetNotifier/UI/TimeInState.swift -D SCRIPT_INPUT_FILE_36\=/Users/jirathip/.herdr/worktrees/corral/g574-pager-perf/ios/FleetNotifier/Wire/CanonicalJSON.swift -D SCRIPT_INPUT_FILE_37\=/Users/jirathip/.herdr/worktrees/corral/g574-pager-perf/ios/FleetNotifier/Wire/DriveClient.swift -D SCRIPT_INPUT_FILE_38\=/Users/jirathip/.herdr/worktrees/corral/g574-pager-perf/ios/FleetNotifier/Wire/EnrollmentClient.swift -D SCRIPT_INPUT_FILE_39\=/Users/jirathip/.herdr/worktrees/corral/g574-pager-perf/ios/FleetNotifier/Wire/EnrollmentPayload.swift -D SCRIPT_INPUT_FILE_40\=/Users/jirathip/.herdr/worktrees/corral/g574-pager-perf/ios/embed-release-source-digest.py -D SCRIPT_INPUT_FILE_41\=/Users/jirathip/.herdr/worktrees/corral/g574-pager-perf/ios/release_source_manifest.py -D SCRIPT_INPUT_FILE_42\=/tmp/fn574-dd/Build/Intermediates.noindex/FleetNotifier.build/Debug-iphonesimulator/FleetNotifier.build/Script-F6207AF155842583C8143257.sh -D SCRIPT_INPUT_ANCESTOR_0\=/ -D SCRIPT_INPUT_ANCESTOR_1\=/Users -D SCRIPT_INPUT_ANCESTOR_2\=/Users/jirathip -D SCRIPT_INPUT_ANCESTOR_3\=/Users/jirathip/.herdr -D SCRIPT_INPUT_ANCESTOR_4\=/Users/jirathip/.herdr/worktrees -D SCRIPT_INPUT_ANCESTOR_5\=/Users/jirathip/.herdr/worktrees/corral -D SCRIPT_INPUT_ANCESTOR_6\=/Users/jirathip/.herdr/worktrees/corral/g574-pager-perf -D SCRIPT_INPUT_ANCESTOR_7\=/Users/jirathip/.herdr/worktrees/corral/g574-pager-perf/ios -D SCRIPT_INPUT_ANCESTOR_8\=/Users/jirathip/.herdr/worktrees/corral/g574-pager-perf/ios/FleetNotifier -D SCRIPT_INPUT_ANCESTOR_9\=/Users/jirathip/.herdr/worktrees/corral/g574-pager-perf/ios/FleetNotifier/App -D SCRIPT_INPUT_ANCESTOR_10\=/Users/jirathip/.herdr/worktrees/corral/g574-pager-perf/ios/FleetNotifier/Demo -D SCRIPT_INPUT_ANCESTOR_11\=/Users/jirathip/.herdr/worktrees/corral/g574-pager-perf/ios/FleetNotifier/Keychain -D SCRIPT_INPUT_ANCESTOR_12\=/Users/jirathip/.herdr/worktrees/corral/g574-pager-perf/ios/FleetNotifier/Models -D SCRIPT_INPUT_ANCESTOR_13\=/Users/jirathip/.herdr/worktrees/corral/g574-pager-perf/ios/FleetNotifier/Network -D SCRIPT_INPUT_ANCESTOR_14\=/Users/jirathip/.herdr/worktrees/corral/g574-pager-perf/ios/FleetNotifier/Notifications -D SCRIPT_INPUT_ANCESTOR_15\=/Users/jirathip/.herdr/worktrees/corral/g574-pager-perf/ios/FleetNotifier/Profiles -D SCRIPT_INPUT_ANCESTOR_16\=/Users/jirathip/.herdr/worktrees/corral/g574-pager-perf/ios/FleetNotifier/UI -D SCRIPT_INPUT_ANCESTOR_17\=/Users/jirathip/.herdr/worktrees/corral/g574-pager-perf/ios/FleetNotifier/UI/Herd -D SCRIPT_INPUT_ANCESTOR_18\=/Users/jirathip/.herdr/worktrees/corral/g574-pager-perf/ios/FleetNotifier/Wire -D SCRIPT_INPUT_ANCESTOR_19\=/tmp -D SCRIPT_INPUT_ANCESTOR_20\=/tmp/fn574-dd -D SCRIPT_INPUT_ANCESTOR_21\=/tmp/fn574-dd/Build -D SCRIPT_INPUT_ANCESTOR_22\=/tmp/fn574-dd/Build/Intermediates.noindex -D SCRIPT_INPUT_ANCESTOR_23\=/tmp/fn574-dd/Build/Intermediates.noindex/FleetNotifier.build -D SCRIPT_INPUT_ANCESTOR_24\=/tmp/fn574-dd/Build/Intermediates.noindex/FleetNotifier.build/Debug-iphonesimulator -D SCRIPT_INPUT_ANCESTOR_25\=/tmp/fn574-dd/Build/Intermediates.noindex/FleetNotifier.build/Debug-iphonesimulator/FleetNotifier.build -D SCRIPT_OUTPUT_ANCESTOR_0\=/ -D SCRIPT_OUTPUT_ANCESTOR_1\=/tmp -D SCRIPT_OUTPUT_ANCESTOR_2\=/tmp/fn574-dd -D SCRIPT_OUTPUT_ANCESTOR_3\=/tmp/fn574-dd/Build -D SCRIPT_OUTPUT_ANCESTOR_4\=/tmp/fn574-dd/Build/Intermediates.noindex -D SCRIPT_OUTPUT_ANCESTOR_5\=/tmp/fn574-dd/Build/Intermediates.noindex/FleetNotifier.build -D SCRIPT_OUTPUT_ANCESTOR_6\=/tmp/fn574-dd/Build/Intermediates.noindex/FleetNotifier.build/Debug-iphonesimulator -D SCRIPT_OUTPUT_ANCESTOR_7\=/tmp/fn574-dd/Build/Intermediates.noindex/FleetNotifier.build/Debug-iphonesimulator/FleetNotifier.build -D SCRIPT_OUTPUT_ANCESTOR_8\=/tmp/fn574-dd/Build/Intermediates.noindex/FleetNotifier.build/Debug-iphonesimulator/FleetNotifier.build/DerivedSources -D SRCROOT\=/Users/jirathip/.herdr/worktrees/corral/g574-pager-perf/ios -D PROJECT_DIR\=/Users/jirathip/.herdr/worktrees/corral/g574-pager-perf/ios -D OBJROOT\=/tmp/fn574-dd/Build/Intermediates.noindex -D SYMROOT\=/tmp/fn574-dd/Build/Products -D DSTROOT\=/tmp/FleetNotifier.dst -D SHARED_PRECOMPS_DIR\=/tmp/fn574-dd/Build/Intermediates.noindex/PrecompiledHeaders -D CACHE_ROOT\=/var/folders/4k/fbv06j2j5bbd3h4wgbwk1ccm0000gn/C/com.apple.DeveloperTools/26.6-17F113/Xcode -D CONFIGURATION_BUILD_DIR\=/tmp/fn574-dd/Build/Products/Debug-iphonesimulator -D CONFIGURATION_TEMP_DIR\=/tmp/fn574-dd/Build/Intermediates.noindex/FleetNotifier.build/Debug-iphonesimulator -D LOCROOT\=/Users/jirathip/.herdr/worktrees/corral/g574-pager-perf/ios -D LOCSYMROOT\=/Users/jirathip/.herdr/worktrees/corral/g574-pager-perf/ios -D INDEX_PRECOMPS_DIR\=/tmp/fn574-dd/Index.noindex/PrecompiledHeaders -D INDEX_DATA_STORE_DIR\=/tmp/fn574-dd/Index.noindex/DataStore -D TEMP_DIR\=/tmp/fn574-dd/Build/Intermediates.noindex/FleetNotifier.build/Debug-iphonesimulator/FleetNotifier.build -D TARGET_TEMP_DIR\=/tmp/fn574-dd/Build/Intermediates.noindex/FleetNotifier.build/Debug-iphonesimulator/FleetNotifier.build -D DERIVED_FILE_DIR\=/tmp/fn574-dd/Build/Intermediates.noindex/FleetNotifier.build/Debug-iphonesimulator/FleetNotifier.build/DerivedSources -f /tmp/fn574-dd/Build/Intermediates.noindex/FleetNotifier.build/Debug-iphonesimulator/FleetNotifier.build/182fbdd923d531dd102996ef3c8819f0.sb /bin/sh -c /tmp/fn574-dd/Build/Intermediates.noindex/FleetNotifier.build/Debug-iphonesimulator/FleetNotifier.build/Script-F6207AF155842583C8143257.sh

ClangStatCache /Applications/Xcode.app/Contents/Developer/Toolchains/XcodeDefault.xctoolchain/usr/bin/clang-stat-cache /Applications/Xcode.app/Contents/Developer/Platforms/iPhoneSimulator.platform/Developer/SDKs/iPhoneSimulator26.5.sdk /tmp/fn574-dd/SDKStatCaches.noindex/iphonesimulator26.5-23F81a-6cfe768891a92b912361537c460fe42b.sdkstatcache
    cd /Users/jirathip/.herdr/worktrees/corral/g574-pager-perf/ios/FleetNotifier.xcodeproj
    /Applications/Xcode.app/Contents/Developer/Toolchains/XcodeDefault.xctoolchain/usr/bin/clang-stat-cache /Applications/Xcode.app/Contents/Developer/Platforms/iPhoneSimulator.platform/Developer/SDKs/iPhoneSimulator26.5.sdk -o /tmp/fn574-dd/SDKStatCaches.noindex/iphonesimulator26.5-23F81a-6cfe768891a92b912361537c460fe42b.sdkstatcache

note: Run script build phase 'Bundle FleetViews source for the wiring test' will be run during every build because the option to run the script phase "Based on dependency analysis" is unchecked. (in target 'FleetNotifierTests' from project 'FleetNotifier')
PhaseScriptExecution Bundle\ FleetViews\ source\ for\ the\ wiring\ test /tmp/fn574-dd/Build/Intermediates.noindex/FleetNotifier.build/Debug-iphonesimulator/FleetNotifierTests.build/Script-5F192B1FB1FA20C22EB91780.sh (in target 'FleetNotifierTests' from project 'FleetNotifier')
    cd /Users/jirathip/.herdr/worktrees/corral/g574-pager-perf/ios
    export ACTION\=build
    export AD_HOC_CODE_SIGNING_ALLOWED\=YES
    export ALLOW_BUILD_REQUEST_OVERRIDES\=NO
    export ALLOW_TARGET_PLATFORM_SPECIALIZATION\=NO
    export ALTERNATE_GROUP\=staff
    export ALTERNATE_MODE\=u+w,go-w,a+rX
    export ALTERNATE_OWNER\=jirathip
    export ALTERNATIVE_DISTRIBUTION_WEB\=NO
    export ALWAYS_EMBED_SWIFT_STANDARD_LIBRARIES\=NO
    export ALWAYS_SEARCH_USER_PATHS\=NO
    export ALWAYS_USE_SEPARATE_HEADERMAPS\=NO
    export APPLICATION_EXTENSION_API_ONLY\=NO
    export APPLY_RULES_IN_COPY_FILES\=NO
    export APPLY_RULES_IN_COPY_HEADERS\=NO
    export APP_SHORTCUTS_ENABLE_FLEXIBLE_MATCHING\=YES
    export ARCHS\=arm64
    export ARCHS_BASE\=arm64
    export ARCHS_STANDARD\=arm64\ x86_64
    export ARCHS_STANDARD_32_64_BIT\=arm64\ x86_64
    export ARCHS_STANDARD_64_BIT\=arm64\ x86_64
    export ARCHS_STANDARD_INCLUDING_64_BIT\=arm64\ x86_64
    export ARCHS_UNIVERSAL_IPHONE_OS\=arm64\ x86_64
    export ASSETCATALOG_FILTER_FOR_DEVICE_MODEL\=iPhone18,1
    export ASSETCATALOG_FILTER_FOR_DEVICE_OS_VERSION\=26.5
    export ASSETCATALOG_FILTER_FOR_THINNING_DEVICE_CONFIGURATION\=iPhone18,1
    export AUTOMATICALLY_MERGE_DEPENDENCIES\=NO
    export AUTOMATION_APPLE_EVENTS\=NO
    export AVAILABLE_PLATFORMS\=android\ appletvos\ appletvsimulator\ driverkit\ freebsd\ iphoneos\ iphonesimulator\ linux\ macosx\ none\ openbsd\ qnx\ watchos\ watchsimulator\ webassembly\ xros\ xrsimulator
    export AppIdentifierPrefix\=9244PWFYD7.
    export BUILD_ACTIVE_RESOURCES_ONLY\=YES
    export BUILD_COMPONENTS\=headers\ build
    export BUILD_DIR\=/tmp/fn574-dd/Build/Products
    export BUILD_LIBRARY_FOR_DISTRIBUTION\=NO
    export BUILD_ONLY_KNOWN_LOCALIZATIONS\=NO
    export BUILD_ROOT\=/tmp/fn574-dd/Build/Products
    export BUILD_STYLE\=
    export BUILD_VARIANTS\=normal
    export BUILT_PRODUCTS_DIR\=/tmp/fn574-dd/Build/Products/Debug-iphonesimulator
    export BUNDLE_CONTENTS_FOLDER_PATH_deep\=Contents/
    export BUNDLE_EXECUTABLE_FOLDER_NAME_deep\=MacOS
    export BUNDLE_EXTENSIONS_FOLDER_PATH\=Extensions
    export BUNDLE_FORMAT\=shallow
    export BUNDLE_FRAMEWORKS_FOLDER_PATH\=Frameworks
    export BUNDLE_LOADER\=/tmp/fn574-dd/Build/Products/Debug-iphonesimulator/FleetNotifier.app/FleetNotifier
    export BUNDLE_PLUGINS_FOLDER_PATH\=PlugIns
    export BUNDLE_PRIVATE_HEADERS_FOLDER_PATH\=PrivateHeaders
    export BUNDLE_PUBLIC_HEADERS_FOLDER_PATH\=Headers
    export CACHE_ROOT\=/var/folders/4k/fbv06j2j5bbd3h4wgbwk1ccm0000gn/C/com.apple.DeveloperTools/26.6-17F113/Xcode
    export CCHROOT\=/var/folders/4k/fbv06j2j5bbd3h4wgbwk1ccm0000gn/C/com.apple.DeveloperTools/26.6-17F113/Xcode
    export CHMOD\=/bin/chmod
    export CHOWN\=chown
    export CLANG_ANALYZER_NONNULL\=YES
    export CLANG_ANALYZER_NUMBER_OBJECT_CONVERSION\=YES_AGGRESSIVE
    export CLANG_CACHE_FINE_GRAINED_OUTPUTS\=YES
    export CLANG_CXX_LANGUAGE_STANDARD\=gnu++14
    export CLANG_CXX_LIBRARY\=libc++
    export CLANG_ENABLE_EXPLICIT_MODULES\=YES
    export CLANG_ENABLE_MODULES\=YES
    export CLANG_ENABLE_OBJC_ARC\=YES
    export CLANG_ENABLE_OBJC_WEAK\=YES
    export CLANG_MODULES_BUILD_SESSION_FILE\=/tmp/fn574-dd/ModuleCache.noindex/Session.modulevalidation
    export CLANG_WARN_BLOCK_CAPTURE_AUTORELEASING\=YES
    export CLANG_WARN_BOOL_CONVERSION\=YES
    export CLANG_WARN_COMMA\=YES
    export CLANG_WARN_CONSTANT_CONVERSION\=YES
    export CLANG_WARN_DEPRECATED_OBJC_IMPLEMENTATIONS\=YES
    export CLANG_WARN_DIRECT_OBJC_ISA_USAGE\=YES_ERROR
    export CLANG_WARN_DOCUMENTATION_COMMENTS\=YES
    export CLANG_WARN_EMPTY_BODY\=YES
    export CLANG_WARN_ENUM_CONVERSION\=YES
    export CLANG_WARN_INFINITE_RECURSION\=YES
    export CLANG_WARN_INT_CONVERSION\=YES
    export CLANG_WARN_NON_LITERAL_NULL_CONVERSION\=YES
    export CLANG_WARN_OBJC_IMPLICIT_RETAIN_SELF\=YES
    export CLANG_WARN_OBJC_LITERAL_CONVERSION\=YES
    export CLANG_WARN_OBJC_ROOT_CLASS\=YES_ERROR
    export CLANG_WARN_QUOTED_INCLUDE_IN_FRAMEWORK_HEADER\=YES
    export CLANG_WARN_RANGE_LOOP_ANALYSIS\=YES
    export CLANG_WARN_STRICT_PROTOTYPES\=YES
    export CLANG_WARN_SUSPICIOUS_MOVE\=YES
    export CLANG_WARN_UNGUARDED_AVAILABILITY\=YES_AGGRESSIVE
    export CLANG_WARN_UNREACHABLE_CODE\=YES
    export CLANG_WARN__DUPLICATE_METHOD_MATCH\=YES
    export CLASS_FILE_DIR\=/tmp/fn574-dd/Build/Intermediates.noindex/FleetNotifier.build/Debug-iphonesimulator/FleetNotifierTests.build/JavaClasses
    export CLEAN_PRECOMPS\=YES
    export CLONE_HEADERS\=NO
    export CODESIGNING_FOLDER_PATH\=/tmp/fn574-dd/Build/Products/Debug-iphonesimulator/FleetNotifier.app/PlugIns/FleetNotifierTests.xctest
    export CODE_SIGNING_ALLOWED\=YES
    export CODE_SIGNING_REQUIRED\=YES
    export CODE_SIGN_CONTEXT_CLASS\=XCiPhoneSimulatorCodeSignContext
    export CODE_SIGN_IDENTITY\=-
    export CODE_SIGN_INJECT_BASE_ENTITLEMENTS\=YES
    export CODE_SIGN_STYLE\=Automatic
    export COLOR_DIAGNOSTICS\=NO
    export COMBINE_HIDPI_IMAGES\=NO
    export COMPILATION_CACHE_CAS_PATH\=/tmp/fn574-dd/CompilationCache.noindex
    export COMPILATION_CACHE_KEEP_CAS_DIRECTORY\=YES
    export COMPILER_INDEX_STORE_ENABLE\=Default
    export COMPOSITE_SDK_DIRS\=/tmp/fn574-dd/Build/Intermediates.noindex/CompositeSDKs
    export COMPRESS_PNG_FILES\=YES
    export CONFIGURATION\=Debug
    export CONFIGURATION_BUILD_DIR\=/tmp/fn574-dd/Build/Products/Debug-iphonesimulator
    export CONFIGURATION_TEMP_DIR\=/tmp/fn574-dd/Build/Intermediates.noindex/FleetNotifier.build/Debug-iphonesimulator
    export CONTENTS_FOLDER_PATH\=FleetNotifierTests.xctest
    export CONTENTS_FOLDER_PATH_SHALLOW_BUNDLE_NO\=FleetNotifierTests.xctest/Contents
    export CONTENTS_FOLDER_PATH_SHALLOW_BUNDLE_YES\=FleetNotifierTests.xctest
    export COPYING_PRESERVES_HFS_DATA\=NO
    export COPY_HEADERS_RUN_UNIFDEF\=NO
    export COPY_PHASE_STRIP\=NO
    export CORRESPONDING_DEVICE_PLATFORM_DIR\=/Applications/Xcode.app/Contents/Developer/Platforms/iPhoneOS.platform
    export CORRESPONDING_DEVICE_PLATFORM_NAME\=iphoneos
    export CORRESPONDING_DEVICE_SDK_DIR\=/Applications/Xcode.app/Contents/Developer/Platforms/iPhoneOS.platform/Developer/SDKs/iPhoneOS26.5.sdk
    export CORRESPONDING_DEVICE_SDK_NAME\=iphoneos26.5
    export CP\=/bin/cp
    export CREATE_INFOPLIST_SECTION_IN_BINARY\=NO
    export CURRENT_ARCH\=undefined_arch
    export CURRENT_PROJECT_VERSION\=1
    export CURRENT_VARIANT\=normal
    export DEAD_CODE_STRIPPING\=YES
    export DEBUGGING_SYMBOLS\=YES
    export DEBUG_INFORMATION_FORMAT\=dwarf
    export DEBUG_INFORMATION_VERSION\=compiler-default
    export DEFAULT_COMPILER\=com.apple.compilers.llvm.clang.1_0
    export DEFAULT_DEXT_INSTALL_PATH\=/System/Library/DriverExtensions
    export DEFAULT_KEXT_INSTALL_PATH\=/System/Library/Extensions
    export DEFINES_MODULE\=NO
    export DEPLOYMENT_LOCATION\=NO
    export DEPLOYMENT_POSTPROCESSING\=NO
    export DEPLOYMENT_TARGET_SETTING_NAME\=IPHONEOS_DEPLOYMENT_TARGET
    export DEPLOYMENT_TARGET_SUGGESTED_VALUES\=12.0\ 12.1\ 12.2\ 12.3\ 12.4\ 13.0\ 13.1\ 13.2\ 13.3\ 13.4\ 13.5\ 13.6\ 14.0\ 14.1\ 14.2\ 14.3\ 14.4\ 14.5\ 14.6\ 14.7\ 15.0\ 15.1\ 15.2\ 15.3\ 15.4\ 15.5\ 15.6\ 16.0\ 16.1\ 16.2\ 16.3\ 16.4\ 16.5\ 16.6\ 17.0\ 17.1\ 17.2\ 17.3\ 17.4\ 17.5\ 17.6\ 18.0\ 18.1\ 18.2\ 18.3\ 18.4\ 18.5\ 18.6\ 26.0\ 26.2\ 26.3\ 26.4\ 26.5
    export DERIVED_FILES_DIR\=/tmp/fn574-dd/Build/Intermediates.noindex/FleetNotifier.build/Debug-iphonesimulator/FleetNotifierTests.build/DerivedSources
    export DERIVED_FILE_DIR\=/tmp/fn574-dd/Build/Intermediates.noindex/FleetNotifier.build/Debug-iphonesimulator/FleetNotifierTests.build/DerivedSources
    export DERIVED_SOURCES_DIR\=/tmp/fn574-dd/Build/Intermediates.noindex/FleetNotifier.build/Debug-iphonesimulator/FleetNotifierTests.build/DerivedSources
    export DEVELOPER_APPLICATIONS_DIR\=/Applications/Xcode.app/Contents/Developer/Applications
    export DEVELOPER_BIN_DIR\=/Applications/Xcode.app/Contents/Developer/usr/bin
    export DEVELOPER_DIR\=/Applications/Xcode.app/Contents/Developer
    export DEVELOPER_FRAMEWORKS_DIR\=/Applications/Xcode.app/Contents/Developer/Library/Frameworks
    export DEVELOPER_FRAMEWORKS_DIR_QUOTED\=/Applications/Xcode.app/Contents/Developer/Library/Frameworks
    export DEVELOPER_LIBRARY_DIR\=/Applications/Xcode.app/Contents/Developer/Library
    export DEVELOPER_SDK_DIR\=/Applications/Xcode.app/Contents/Developer/Platforms/MacOSX.platform/Developer/SDKs
    export DEVELOPER_TOOLS_DIR\=/Applications/Xcode.app/Contents/Developer/Tools
    export DEVELOPER_USR_DIR\=/Applications/Xcode.app/Contents/Developer/usr
    export DEVELOPMENT_LANGUAGE\=en
    export DEVELOPMENT_TEAM\=9244PWFYD7
    export DIAGNOSE_MISSING_TARGET_DEPENDENCIES\=YES
    export DIFF\=/usr/bin/diff
    export DOCUMENTATION_FOLDER_PATH\=FleetNotifierTests.xctest/en.lproj/Documentation
    export DONT_GENERATE_INFOPLIST_FILE\=NO
    export DSTROOT\=/tmp/FleetNotifier.dst
    export DT_TOOLCHAIN_DIR\=/Applications/Xcode.app/Contents/Developer/Toolchains/XcodeDefault.xctoolchain
    export DUMP_DEPENDENCIES\=NO
    export DUMP_DEPENDENCIES_OUTPUT_PATH\=/tmp/fn574-dd/Build/Intermediates.noindex/FleetNotifier.build/Debug-iphonesimulator/FleetNotifierTests.build/FleetNotifierTests-BuildDependencyInfo.json
    export DWARF_DSYM_FILE_NAME\=FleetNotifierTests.xctest.dSYM
    export DWARF_DSYM_FILE_SHOULD_ACCOMPANY_PRODUCT\=NO
    export DWARF_DSYM_FOLDER_PATH\=/tmp/fn574-dd/Build/Products/Debug-iphonesimulator/FleetNotifier.app/PlugIns
    export DYNAMIC_LIBRARY_EXTENSION\=dylib
    export EAGER_COMPILATION_ALLOW_SCRIPTS\=YES
    export EAGER_LINKING\=NO
    export EFFECTIVE_PLATFORM_NAME\=-iphonesimulator
    export EFFECTIVE_SWIFT_VERSION\=5
    export EMBEDDED_CONTENT_CONTAINS_SWIFT\=NO
    export EMBED_ASSET_PACKS_IN_PRODUCT_BUNDLE\=NO
    export ENABLE_APP_SANDBOX\=NO
    export ENABLE_CODE_COVERAGE\=YES
    export ENABLE_COHORT_ARCHS\=NO
    export ENABLE_CPLUSPLUS_BOUNDS_SAFE_BUFFERS\=NO
    export ENABLE_C_BOUNDS_SAFETY\=NO
    export ENABLE_DEFAULT_HEADER_SEARCH_PATHS\=YES
    export ENABLE_DEFAULT_SEARCH_PATHS\=YES
    export ENABLE_ENHANCED_SECURITY\=NO
    export ENABLE_HARDENED_RUNTIME\=NO
    export ENABLE_HEADER_DEPENDENCIES\=YES
    export ENABLE_INCOMING_NETWORK_CONNECTIONS\=NO
    export ENABLE_ON_DEMAND_RESOURCES\=NO
    export ENABLE_OUTGOING_NETWORK_CONNECTIONS\=NO
    export ENABLE_POINTER_AUTHENTICATION\=NO
    export ENABLE_PREVIEWS\=NO
    export ENABLE_RESOURCE_ACCESS_AUDIO_INPUT\=NO
    export ENABLE_RESOURCE_ACCESS_BLUETOOTH\=NO
    export ENABLE_RESOURCE_ACCESS_CALENDARS\=NO
    export ENABLE_RESOURCE_ACCESS_CAMERA\=NO
    export ENABLE_RESOURCE_ACCESS_CONTACTS\=NO
    export ENABLE_RESOURCE_ACCESS_LOCATION\=NO
    export ENABLE_RESOURCE_ACCESS_PHOTO_LIBRARY\=NO
    export ENABLE_RESOURCE_ACCESS_PRINTING\=NO
    export ENABLE_RESOURCE_ACCESS_USB\=NO
    export ENABLE_SDK_IMPORTS\=NO
    export ENABLE_SECURITY_COMPILER_WARNINGS\=NO
    export ENABLE_STRICT_OBJC_MSGSEND\=YES
    export ENABLE_TESTABILITY\=YES
    export ENABLE_TESTING_SEARCH_PATHS\=YES
    export ENABLE_USER_SCRIPT_SANDBOXING\=YES
    export ENABLE_XOJIT_PREVIEWS\=YES
    export ENFORCE_VALID_ARCHS\=YES
    export ENTITLEMENTS_DESTINATION\=__entitlements
    export ENTITLEMENTS_REQUIRED\=NO
    export EXCLUDED_INSTALLSRC_SUBDIRECTORY_PATTERNS\=.DS_Store\ .svn\ .git\ .hg\ CVS
    export EXCLUDED_RECURSIVE_SEARCH_PATH_SUBDIRECTORIES\=\*.nib\ \*.lproj\ \*.framework\ \*.gch\ \*.xcode\*\ \*.xcassets\ \*.icon\ \(\*\)\ .DS_Store\ CVS\ .svn\ .git\ .hg\ \*.pbproj\ \*.pbxproj
    export EXECUTABLES_FOLDER_PATH\=FleetNotifierTests.xctest/Executables
    export EXECUTABLE_FOLDER_PATH\=FleetNotifierTests.xctest
    export EXECUTABLE_FOLDER_PATH_SHALLOW_BUNDLE_NO\=FleetNotifierTests.xctest/MacOS
    export EXECUTABLE_FOLDER_PATH_SHALLOW_BUNDLE_YES\=FleetNotifierTests.xctest
    export EXECUTABLE_NAME\=FleetNotifierTests
    export EXECUTABLE_PATH\=FleetNotifierTests.xctest/FleetNotifierTests
    export EXPANDED_CODE_SIGN_IDENTITY\=-
    export EXPANDED_CODE_SIGN_IDENTITY_NAME\=Sign\ to\ Run\ Locally
    export EXTENSIONS_FOLDER_PATH\=FleetNotifierTests.xctest/Extensions
    export FILE_LIST\=/tmp/fn574-dd/Build/Intermediates.noindex/FleetNotifier.build/Debug-iphonesimulator/FleetNotifierTests.build/Objects/LinkFileList
    export FIXED_FILES_DIR\=/tmp/fn574-dd/Build/Intermediates.noindex/FleetNotifier.build/Debug-iphonesimulator/FleetNotifierTests.build/FixedFiles
    export FRAMEWORKS_FOLDER_PATH\=FleetNotifierTests.xctest/Frameworks
    export FRAMEWORK_FLAG_PREFIX\=-framework
    export FRAMEWORK_SEARCH_PATHS\=/tmp/fn574-dd/Build/Products/Debug-iphonesimulator\ 
    export FRAMEWORK_VERSION\=A
    export FULL_PRODUCT_NAME\=FleetNotifierTests.xctest
    export FUSE_BUILD_PHASES\=YES
    export FUSE_BUILD_SCRIPT_PHASES\=NO
    export GCC3_VERSION\=3.3
    export GCC_C_LANGUAGE_STANDARD\=gnu11
    export GCC_DYNAMIC_NO_PIC\=NO
    export GCC_INLINES_ARE_PRIVATE_EXTERN\=YES
    export GCC_NO_COMMON_BLOCKS\=YES
    export GCC_OBJC_LEGACY_DISPATCH\=YES
    export GCC_OPTIMIZATION_LEVEL\=0
    export GCC_PFE_FILE_C_DIALECTS\=c\ objective-c\ c++\ objective-c++
    export GCC_PREPROCESSOR_DEFINITIONS\=\ DEBUG\=1
    export GCC_TREAT_WARNINGS_AS_ERRORS\=NO
    export GCC_VERSION\=com.apple.compilers.llvm.clang.1_0
    export GCC_VERSION_IDENTIFIER\=com_apple_compilers_llvm_clang_1_0
    export GCC_WARN_64_TO_32_BIT_CONVERSION\=YES
    export GCC_WARN_ABOUT_RETURN_TYPE\=YES_ERROR
    export GCC_WARN_UNDECLARED_SELECTOR\=YES
    export GCC_WARN_UNINITIALIZED_AUTOS\=YES_AGGRESSIVE
    export GCC_WARN_UNUSED_FUNCTION\=YES
    export GCC_WARN_UNUSED_VARIABLE\=YES
    export GENERATED_MODULEMAP_DIR\=/tmp/fn574-dd/Build/Intermediates.noindex/GeneratedModuleMaps-iphonesimulator
    export GENERATED_TEST_ENTRY_POINT_PATH\=/tmp/fn574-dd/Build/Intermediates.noindex/FleetNotifier.build/Debug-iphonesimulator/FleetNotifierTests.build/DerivedSources/test_entry_point.swift
    export GENERATE_INFOPLIST_FILE\=YES
    export GENERATE_INTERMEDIATE_TEXT_BASED_STUBS\=YES
    export GENERATE_PKGINFO_FILE\=NO
    export GENERATE_PRELINK_OBJECT_FILE\=NO
    export GENERATE_PROFILING_CODE\=NO
    export GENERATE_TEXT_BASED_STUBS\=NO
    export GID\=20
    export GROUP\=staff
    export HEADERMAP_INCLUDES_FLAT_ENTRIES_FOR_TARGET_BEING_BUILT\=YES
    export HEADERMAP_INCLUDES_FRAMEWORK_ENTRIES_FOR_ALL_PRODUCT_TYPES\=YES
    export HEADERMAP_INCLUDES_FRAMEWORK_ENTRIES_FOR_TARGETS_NOT_BEING_BUILT\=YES
    export HEADERMAP_INCLUDES_NONPUBLIC_NONPRIVATE_HEADERS\=YES
    export HEADERMAP_INCLUDES_PROJECT_HEADERS\=YES
    export HEADERMAP_USES_FRAMEWORK_PREFIX_ENTRIES\=YES
    export HEADERMAP_USES_VFS\=NO
    export HEADER_SEARCH_PATHS\=/tmp/fn574-dd/Build/Products/Debug-iphonesimulator/include\ 
    export HOME\=/Users/jirathip
    export HOST_ARCH\=arm64
    export HOST_PLATFORM\=macosx
    export ICONV\=/usr/bin/iconv
    export IMPLICIT_DEPENDENCY_DOMAIN\=default
    export INDEX_STORE_COMPRESS\=NO
    export INDEX_STORE_ONLY_PROJECT_FILES\=NO
    export INFOPLIST_ENABLE_CFBUNDLEICONS_MERGE\=YES
    export INFOPLIST_EXPAND_BUILD_SETTINGS\=YES
    export INFOPLIST_OUTPUT_FORMAT\=binary
    export INFOPLIST_PATH\=FleetNotifierTests.xctest/Info.plist
    export INFOPLIST_PREPROCESS\=NO
    export INFOSTRINGS_PATH\=FleetNotifierTests.xctest/en.lproj/InfoPlist.strings
    export INLINE_PRIVATE_FRAMEWORKS\=NO
    export INSTALLAPI_IGNORE_SKIP_INSTALL\=YES
    export INSTALLHDRS_COPY_PHASE\=NO
    export INSTALLHDRS_SCRIPT_PHASE\=NO
    export INSTALL_DIR\=/tmp/FleetNotifier.dst
    export INSTALL_GROUP\=staff
    export INSTALL_MODE_FLAG\=u+w,go-w,a+rX
    export INSTALL_OWNER\=jirathip
    export INSTALL_ROOT\=/tmp/FleetNotifier.dst
    export IPHONEOS_DEPLOYMENT_TARGET\=17.0
    export IS_UNOPTIMIZED_BUILD\=YES
    export JAVAC_DEFAULT_FLAGS\=-J-Xms64m\ -J-XX:NewSize\=4M\ -J-Dfile.encoding\=UTF8
    export JAVA_APP_STUB\=/System/Library/Frameworks/JavaVM.framework/Resources/MacOS/JavaApplicationStub
    export JAVA_ARCHIVE_CLASSES\=YES
    export JAVA_ARCHIVE_TYPE\=JAR
    export JAVA_COMPILER\=/usr/bin/javac
    export JAVA_FOLDER_PATH\=FleetNotifierTests.xctest/Java
    export JAVA_FRAMEWORK_RESOURCES_DIRS\=Resources
    export JAVA_JAR_FLAGS\=cv
    export JAVA_SOURCE_SUBDIR\=.
    export JAVA_USE_DEPENDENCIES\=YES
    export JAVA_ZIP_FLAGS\=-urg
    export JIKES_DEFAULT_FLAGS\=+E\ +OLDCSO
    export KEEP_PRIVATE_EXTERNS\=NO
    export LD_DEPENDENCY_INFO_FILE\=/tmp/fn574-dd/Build/Intermediates.noindex/FleetNotifier.build/Debug-iphonesimulator/FleetNotifierTests.build/Objects-normal/undefined_arch/FleetNotifierTests_dependency_info.dat
    export LD_EXPORT_SYMBOLS\=YES
    export LD_GENERATE_MAP_FILE\=NO
    export LD_MAP_FILE_PATH\=/tmp/fn574-dd/Build/Intermediates.noindex/FleetNotifier.build/Debug-iphonesimulator/FleetNotifierTests.build/FleetNotifierTests-LinkMap-normal-undefined_arch.txt
    export LD_NO_PIE\=NO
    export LD_QUOTE_LINKER_ARGUMENTS_FOR_COMPILER_DRIVER\=YES
    export LD_RUNPATH_SEARCH_PATHS\=\ @loader_path/Frameworks\ @executable_path/Frameworks\ @loader_path/Frameworks
    export LD_RUNPATH_SEARCH_PATHS_SHALLOW_BUNDLE_NO\=@loader_path/../Frameworks
    export LD_RUNPATH_SEARCH_PATHS_SHALLOW_BUNDLE_YES\=@loader_path/Frameworks
    export LD_SHARED_CACHE_ELIGIBLE\=Automatic
    export LD_WARN_DUPLICATE_LIBRARIES\=NO
    export LD_WARN_UNUSED_DYLIBS\=NO
    export LEGACY_DEVELOPER_DIR\=/Applications/Xcode.app/Contents/PlugIns/Xcode3Core.ideplugin/Contents/SharedSupport/Developer
    export LEX\=lex
    export LIBRARY_DEXT_INSTALL_PATH\=/Library/DriverExtensions
    export LIBRARY_FLAG_NOSPACE\=YES
    export LIBRARY_FLAG_PREFIX\=-l
    export LIBRARY_KEXT_INSTALL_PATH\=/Library/Extensions
    export LIBRARY_SEARCH_PATHS\=/tmp/fn574-dd/Build/Products/Debug-iphonesimulator\ \ \ /Applications/Xcode.app/Contents/Developer/Platforms/iPhoneSimulator.platform/Developer/usr/lib
    export LINKER_DISPLAYS_MANGLED_NAMES\=NO
    export LINK_FILE_LIST_normal_arm64\=/tmp/fn574-dd/Build/Intermediates.noindex/FleetNotifier.build/Debug-iphonesimulator/FleetNotifierTests.build/Objects-normal/arm64/FleetNotifierTests.LinkFileList
    export LINK_OBJC_RUNTIME\=YES
    export LINK_WITH_STANDARD_LIBRARIES\=YES
    export LLVM_TARGET_TRIPLE_OS_VERSION\=ios17.0
    export LLVM_TARGET_TRIPLE_SUFFIX\=-simulator
    export LLVM_TARGET_TRIPLE_VENDOR\=apple
    export LM_AUX_CONST_METADATA_LIST_PATH_normal_arm64\=/tmp/fn574-dd/Build/Intermediates.noindex/FleetNotifier.build/Debug-iphonesimulator/FleetNotifierTests.build/Objects-normal/arm64/FleetNotifierTests.SwiftConstValuesFileList
    export LOCALIZATION_EXPORT_SUPPORTED\=YES
    export LOCALIZATION_PREFERS_STRING_CATALOGS\=NO
    export LOCALIZED_RESOURCES_FOLDER_PATH\=FleetNotifierTests.xctest/en.lproj
    export LOCALIZED_STRING_CODE_COMMENTS\=NO
    export LOCALIZED_STRING_MACRO_NAMES\=NSLocalizedString\ CFCopyLocalizedString
    export LOCALIZED_STRING_SWIFTUI_SUPPORT\=YES
    export LOCAL_ADMIN_APPS_DIR\=/Applications/Utilities
    export LOCAL_APPS_DIR\=/Applications
    export LOCAL_DEVELOPER_DIR\=/Library/Developer
    export LOCAL_LIBRARY_DIR\=/Library
    export LOCROOT\=/Users/jirathip/.herdr/worktrees/corral/g574-pager-perf/ios
    export LOCSYMROOT\=/Users/jirathip/.herdr/worktrees/corral/g574-pager-perf/ios
    export MACH_O_TYPE\=mh_bundle
    export MAC_OS_X_PRODUCT_BUILD_VERSION\=25G83
    export MAC_OS_X_VERSION_ACTUAL\=260602
    export MAC_OS_X_VERSION_MAJOR\=260000
    export MAC_OS_X_VERSION_MINOR\=260600
    export MAKE_MERGEABLE\=NO
    export MARKETING_VERSION\=0.1.0
    export MERGEABLE_LIBRARY\=NO
    export MERGED_BINARY_TYPE\=none
    export MERGE_LINKED_LIBRARIES\=NO
    export METAL_LIBRARY_FILE_BASE\=default
    export METAL_LIBRARY_OUTPUT_DIR\=/tmp/fn574-dd/Build/Products/Debug-iphonesimulator/FleetNotifier.app/PlugIns/FleetNotifierTests.xctest
    export MODULES_FOLDER_PATH\=FleetNotifierTests.xctest/Modules
    export MODULE_CACHE_DIR\=/tmp/fn574-dd/ModuleCache.noindex
    export MTL_ENABLE_DEBUG_INFO\=INCLUDE_SOURCE
    export MTL_FAST_MATH\=YES
    export NATIVE_ARCH\=arm64
    export NATIVE_ARCH_32_BIT\=arm
    export NATIVE_ARCH_64_BIT\=arm64
    export NATIVE_ARCH_ACTUAL\=arm64
    export NO_COMMON\=YES
    export OBJC_ABI_VERSION\=2
    export OBJECT_FILE_DIR\=/tmp/fn574-dd/Build/Intermediates.noindex/FleetNotifier.build/Debug-iphonesimulator/FleetNotifierTests.build/Objects
    export OBJECT_FILE_DIR_normal\=/tmp/fn574-dd/Build/Intermediates.noindex/FleetNotifier.build/Debug-iphonesimulator/FleetNotifierTests.build/Objects-normal
    export OBJROOT\=/tmp/fn574-dd/Build/Intermediates.noindex
    export ONLY_ACTIVE_ARCH\=YES
    export OS\=MACOS
    export OSAC\=/usr/bin/osacompile
    export PACKAGE_TYPE\=com.apple.package-type.bundle.unit-test
    export PASCAL_STRINGS\=YES
    export PATH\=/Applications/Xcode.app/Contents/SharedFrameworks/SwiftBuild.framework/Versions/A/PlugIns/SWBBuildService.bundle/Contents/PlugIns/SWBUniversalPlatformPlugin.bundle/Contents/Frameworks/SWBUniversalPlatform.framework/Resources:/Applications/Xcode.app/Contents/Developer/Toolchains/XcodeDefault.xctoolchain/usr/bin:/Applications/Xcode.app/Contents/Developer/Toolchains/XcodeDefault.xctoolchain/usr/local/bin:/Applications/Xcode.app/Contents/Developer/Toolchains/XcodeDefault.xctoolchain/usr/libexec:/Applications/Xcode.app/Contents/Developer/Platforms/iPhoneSimulator.platform/usr/bin:/Applications/Xcode.app/Contents/Developer/Platforms/iPhoneSimulator.platform/usr/local/bin:/Applications/Xcode.app/Contents/Developer/Platforms/iPhoneSimulator.platform/Developer/usr/bin:/Applications/Xcode.app/Contents/Developer/Platforms/iPhoneSimulator.platform/Developer/usr/local/bin:/Applications/Xcode.app/Contents/Developer/usr/bin:/Applications/Xcode.app/Contents/Developer/usr/local/bin:/Users/jirathip/.config/nvm/versions/node/v22.23.2/bin:/Users/jirathip/.local/share/mise/installs/node/24.19.0/bin:/Users/jirathip/.local/share/mise/installs/terraform/latest:/Users/jirathip/.local/bin:/opt/homebrew/bin:/opt/homebrew/sbin:/usr/local/bin:/System/Cryptexes/App/usr/bin:/usr/bin:/bin:/usr/sbin:/sbin:/var/run/com.apple.security.cryptexd/codex.system/bootstrap/usr/local/bin:/var/run/com.apple.security.cryptexd/codex.system/bootstrap/usr/bin:/var/run/com.apple.security.cryptexd/codex.system/bootstrap/usr/appleinternal/bin:/pkg/env/global/bin:/Library/Apple/usr/bin:/Users/jirathip/.cargo/bin:/Users/jirathip/.hermes/hermes-agent/venv/bin
    export PATH_PREFIXES_EXCLUDED_FROM_HEADER_DEPENDENCIES\=/usr/include\ /usr/local/include\ /System/Library/Frameworks\ /System/Library/PrivateFrameworks\ /Applications/Xcode.app/Contents/Developer/Headers\ /Applications/Xcode.app/Contents/Developer/SDKs\ /Applications/Xcode.app/Contents/Developer/Platforms
    export PBDEVELOPMENTPLIST_PATH\=FleetNotifierTests.xctest/pbdevelopment.plist
    export PER_ARCH_MODULE_FILE_DIR\=/tmp/fn574-dd/Build/Intermediates.noindex/FleetNotifier.build/Debug-iphonesimulator/FleetNotifierTests.build/Objects-normal/undefined_arch
    export PER_ARCH_OBJECT_FILE_DIR\=/tmp/fn574-dd/Build/Intermediates.noindex/FleetNotifier.build/Debug-iphonesimulator/FleetNotifierTests.build/Objects-normal/undefined_arch
    export PER_VARIANT_OBJECT_FILE_DIR\=/tmp/fn574-dd/Build/Intermediates.noindex/FleetNotifier.build/Debug-iphonesimulator/FleetNotifierTests.build/Objects-normal
    export PKGINFO_FILE_PATH\=/tmp/fn574-dd/Build/Intermediates.noindex/FleetNotifier.build/Debug-iphonesimulator/FleetNotifierTests.build/PkgInfo
    export PKGINFO_PATH\=FleetNotifierTests.xctest/PkgInfo
    export PLATFORM_DEVELOPER_APPLICATIONS_DIR\=/Applications/Xcode.app/Contents/Developer/Platforms/iPhoneSimulator.platform/Developer/Applications
    export PLATFORM_DEVELOPER_BIN_DIR\=/Applications/Xcode.app/Contents/Developer/Platforms/iPhoneSimulator.platform/Developer/usr/bin
    export PLATFORM_DEVELOPER_LIBRARY_DIR\=/Applications/Xcode.app/Contents/Developer/Platforms/iPhoneSimulator.platform/Developer/Library
    export PLATFORM_DEVELOPER_SDK_DIR\=/Applications/Xcode.app/Contents/Developer/Platforms/iPhoneSimulator.platform/Developer/SDKs
    export PLATFORM_DEVELOPER_TOOLS_DIR\=/Applications/Xcode.app/Contents/Developer/Platforms/iPhoneSimulator.platform/Developer/Tools
    export PLATFORM_DEVELOPER_USR_DIR\=/Applications/Xcode.app/Contents/Developer/Platforms/iPhoneSimulator.platform/Developer/usr
    export PLATFORM_DIR\=/Applications/Xcode.app/Contents/Developer/Platforms/iPhoneSimulator.platform
    export PLATFORM_DISPLAY_NAME\=iOS\ Simulator
    export PLATFORM_FAMILY_NAME\=iOS
    export PLATFORM_NAME\=iphonesimulator
    export PLATFORM_PREFERRED_ARCH\=x86_64
    export PLATFORM_PRODUCT_BUILD_VERSION\=23F81a
    export PLATFORM_REQUIRES_SWIFT_AUTOLINK_EXTRACT\=NO
    export PLATFORM_REQUIRES_SWIFT_MODULEWRAP\=NO
    export PLATFORM_USES_DSYMS\=YES
    export PLIST_FILE_OUTPUT_FORMAT\=binary
    export PLUGINS_FOLDER_PATH\=FleetNotifierTests.xctest/PlugIns
    export PRECOMPS_INCLUDE_HEADERS_FROM_BUILT_PRODUCTS_DIR\=YES
    export PRECOMP_DESTINATION_DIR\=/tmp/fn574-dd/Build/Intermediates.noindex/FleetNotifier.build/Debug-iphonesimulator/FleetNotifierTests.build/PrefixHeaders
    export PRIVATE_HEADERS_FOLDER_PATH\=FleetNotifierTests.xctest/PrivateHeaders
    export PROCESSED_INFOPLIST_PATH\=/tmp/fn574-dd/Build/Intermediates.noindex/FleetNotifier.build/Debug-iphonesimulator/FleetNotifierTests.build/Objects-normal/undefined_arch/Processed-Info.plist
    export PRODUCT_BUNDLE_IDENTIFIER\=com.corral.fleetnotifier.tests
    export PRODUCT_BUNDLE_PACKAGE_TYPE\=BNDL
    export PRODUCT_MODULE_NAME\=FleetNotifierTests
    export PRODUCT_NAME\=FleetNotifierTests
    export PRODUCT_SETTINGS_PATH\=
    export PRODUCT_SPECIFIC_LDFLAGS\=-Xlinker\ -needed_framework\ -Xlinker\ XCTest\ -framework\ XCTest\ -Xlinker\ -needed-lXCTestSwiftSupport\ -lXCTestSwiftSupport
    export PRODUCT_TYPE\=com.apple.product-type.bundle.unit-test
    export PRODUCT_TYPE_SWIFT_STDLIB_TOOL_FLAGS\=--scan-executable\ \"/Applications/Xcode.app/Contents/Developer/Platforms/iPhoneSimulator.platform/Developer/usr/lib/libXCTestSwiftSupport.dylib\"
    export PROFILING_CODE\=NO
    export PROJECT\=FleetNotifier
    export PROJECT_DERIVED_FILE_DIR\=/tmp/fn574-dd/Build/Intermediates.noindex/FleetNotifier.build/DerivedSources
    export PROJECT_DIR\=/Users/jirathip/.herdr/worktrees/corral/g574-pager-perf/ios
    export PROJECT_FILE_PATH\=/Users/jirathip/.herdr/worktrees/corral/g574-pager-perf/ios/FleetNotifier.xcodeproj
    export PROJECT_GUID\=4e185eb72680d80f6b018d7d5cd1305a
    export PROJECT_NAME\=FleetNotifier
    export PROJECT_TEMP_DIR\=/tmp/fn574-dd/Build/Intermediates.noindex/FleetNotifier.build
    export PROJECT_TEMP_ROOT\=/tmp/fn574-dd/Build/Intermediates.noindex
    export PROVISIONING_PROFILE_REQUIRED\=NO
    export PROVISIONING_PROFILE_SUPPORTED\=YES
    export PUBLIC_HEADERS_FOLDER_PATH\=FleetNotifierTests.xctest/Headers
    export RECOMMENDED_IPHONEOS_DEPLOYMENT_TARGET\=15.0
    export RECURSIVE_SEARCH_PATHS_FOLLOW_SYMLINKS\=YES
    export REMOVE_CVS_FROM_RESOURCES\=YES
    export REMOVE_GIT_FROM_RESOURCES\=YES
    export REMOVE_HEADERS_FROM_EMBEDDED_BUNDLES\=YES
    export REMOVE_HG_FROM_RESOURCES\=YES
    export REMOVE_STATIC_EXECUTABLES_FROM_EMBEDDED_BUNDLES\=YES
    export REMOVE_SVN_FROM_RESOURCES\=YES
    export RESCHEDULE_INDEPENDENT_HEADERS_PHASES\=YES
    export REZ_COLLECTOR_DIR\=/tmp/fn574-dd/Build/Intermediates.noindex/FleetNotifier.build/Debug-iphonesimulator/FleetNotifierTests.build/ResourceManagerResources
    export REZ_OBJECTS_DIR\=/tmp/fn574-dd/Build/Intermediates.noindex/FleetNotifier.build/Debug-iphonesimulator/FleetNotifierTests.build/ResourceManagerResources/Objects
    export REZ_SEARCH_PATHS\=/tmp/fn574-dd/Build/Products/Debug-iphonesimulator\ 
    export RPATH_ORIGIN\=@loader_path
    export RUNTIME_EXCEPTION_ALLOW_DYLD_ENVIRONMENT_VARIABLES\=NO
    export RUNTIME_EXCEPTION_ALLOW_JIT\=NO
    export RUNTIME_EXCEPTION_ALLOW_UNSIGNED_EXECUTABLE_MEMORY\=NO
    export RUNTIME_EXCEPTION_DEBUGGING_TOOL\=NO
    export RUNTIME_EXCEPTION_DISABLE_EXECUTABLE_PAGE_PROTECTION\=NO
    export RUNTIME_EXCEPTION_DISABLE_LIBRARY_VALIDATION\=NO
    export SCANNING_PCM_KEEP_CACHE_DIRECTORY\=YES
    export SCAN_ALL_SOURCE_FILES_FOR_INCLUDES\=NO
    export SCRIPTS_FOLDER_PATH\=FleetNotifierTests.xctest/Scripts
    export SCRIPT_INPUT_FILE_0\=/Users/jirathip/.herdr/worktrees/corral/g574-pager-perf/ios/FleetNotifier/UI/FleetViews.swift
    export SCRIPT_INPUT_FILE_1\=/Users/jirathip/.herdr/worktrees/corral/g574-pager-perf/ios/FleetNotifier/UI/Herd/HerdView.swift
    export SCRIPT_INPUT_FILE_2\=/Users/jirathip/.herdr/worktrees/corral/g574-pager-perf/ios/FleetNotifier/UI/Herd/RanchEnvironment.swift
    export SCRIPT_INPUT_FILE_3\=/Users/jirathip/.herdr/worktrees/corral/g574-pager-perf/ios/FleetNotifier/UI/AppIconPicker.swift
    export SCRIPT_INPUT_FILE_4\=/Users/jirathip/.herdr/worktrees/corral/g574-pager-perf/ios/FleetNotifier/App/FleetNotifierApp.swift
    export SCRIPT_INPUT_FILE_5\=/Users/jirathip/.herdr/worktrees/corral/g574-pager-perf/ios/tools/herd-art/appicon-masters/treatment-a/bay-1024.png
    export SCRIPT_INPUT_FILE_6\=/Users/jirathip/.herdr/worktrees/corral/g574-pager-perf/ios/tools/herd-art/appicon-masters/treatment-a/palomino-1024.png
    export SCRIPT_INPUT_FILE_7\=/Users/jirathip/.herdr/worktrees/corral/g574-pager-perf/ios/tools/herd-art/appicon-masters/treatment-a/black-1024.png
    export SCRIPT_INPUT_FILE_8\=/Users/jirathip/.herdr/worktrees/corral/g574-pager-perf/ios/tools/herd-art/appicon-masters/treatment-a/grey-1024.png
    export SCRIPT_INPUT_FILE_COUNT\=9
    export SCRIPT_INPUT_FILE_LIST_COUNT\=0
    export SCRIPT_OUTPUT_FILE_0\=/tmp/fn574-dd/Build/Products/Debug-iphonesimulator/FleetNotifier.app/PlugIns/FleetNotifierTests.xctest/FleetViews.swift.txt
    export SCRIPT_OUTPUT_FILE_1\=/tmp/fn574-dd/Build/Products/Debug-iphonesimulator/FleetNotifier.app/PlugIns/FleetNotifierTests.xctest/HerdView.swift.txt
    export SCRIPT_OUTPUT_FILE_2\=/tmp/fn574-dd/Build/Products/Debug-iphonesimulator/FleetNotifier.app/PlugIns/FleetNotifierTests.xctest/RanchEnvironment.swift.txt
    export SCRIPT_OUTPUT_FILE_3\=/tmp/fn574-dd/Build/Products/Debug-iphonesimulator/FleetNotifier.app/PlugIns/FleetNotifierTests.xctest/AppIconPicker.swift.txt
    export SCRIPT_OUTPUT_FILE_4\=/tmp/fn574-dd/Build/Products/Debug-iphonesimulator/FleetNotifier.app/PlugIns/FleetNotifierTests.xctest/FleetNotifierApp.swift.txt
    export SCRIPT_OUTPUT_FILE_5\=/tmp/fn574-dd/Build/Products/Debug-iphonesimulator/FleetNotifier.app/PlugIns/FleetNotifierTests.xctest/master-bay.base64
    export SCRIPT_OUTPUT_FILE_6\=/tmp/fn574-dd/Build/Products/Debug-iphonesimulator/FleetNotifier.app/PlugIns/FleetNotifierTests.xctest/master-palomino.base64
    export SCRIPT_OUTPUT_FILE_7\=/tmp/fn574-dd/Build/Products/Debug-iphonesimulator/FleetNotifier.app/PlugIns/FleetNotifierTests.xctest/master-black.base64
    export SCRIPT_OUTPUT_FILE_8\=/tmp/fn574-dd/Build/Products/Debug-iphonesimulator/FleetNotifier.app/PlugIns/FleetNotifierTests.xctest/master-grey.base64
    export SCRIPT_OUTPUT_FILE_COUNT\=9
    export SCRIPT_OUTPUT_FILE_LIST_COUNT\=0
    export SDKROOT\=/Applications/Xcode.app/Contents/Developer/Platforms/iPhoneSimulator.platform/Developer/SDKs/iPhoneSimulator26.5.sdk
    export SDK_DIR\=/Applications/Xcode.app/Contents/Developer/Platforms/iPhoneSimulator.platform/Developer/SDKs/iPhoneSimulator26.5.sdk
    export SDK_DIR_iphonesimulator\=/Applications/Xcode.app/Contents/Developer/Platforms/iPhoneSimulator.platform/Developer/SDKs/iPhoneSimulator26.5.sdk
    export SDK_DIR_iphonesimulator26_5\=/Applications/Xcode.app/Contents/Developer/Platforms/iPhoneSimulator.platform/Developer/SDKs/iPhoneSimulator26.5.sdk
    export SDK_NAME\=iphonesimulator26.5
    export SDK_NAMES\=iphonesimulator26.5
    export SDK_PRODUCT_BUILD_VERSION\=23F81a
    export SDK_STAT_CACHE_DIR\=/tmp/fn574-dd
    export SDK_STAT_CACHE_ENABLE\=YES
    export SDK_STAT_CACHE_PATH\=/tmp/fn574-dd/SDKStatCaches.noindex/iphonesimulator26.5-23F81a-6cfe768891a92b912361537c460fe42b.sdkstatcache
    export SDK_VERSION\=26.5
    export SDK_VERSION_ACTUAL\=260500
    export SDK_VERSION_MAJOR\=260000
    export SDK_VERSION_MINOR\=260500
    export SED\=/usr/bin/sed
    export SEPARATE_STRIP\=NO
    export SEPARATE_SYMBOL_EDIT\=NO
    export SET_DIR_MODE_OWNER_GROUP\=YES
    export SET_FILE_MODE_OWNER_GROUP\=NO
    export SHALLOW_BUNDLE\=YES
    export SHALLOW_BUNDLE_TRIPLE\=ios-simulator
    export SHALLOW_BUNDLE_ios_macabi\=NO
    export SHALLOW_BUNDLE_macos\=NO
    export SHARED_DERIVED_FILE_DIR\=/tmp/fn574-dd/Build/Products/Debug-iphonesimulator/DerivedSources
    export SHARED_FRAMEWORKS_FOLDER_PATH\=FleetNotifierTests.xctest/SharedFrameworks
    export SHARED_PRECOMPS_DIR\=/tmp/fn574-dd/Build/Intermediates.noindex/PrecompiledHeaders
    export SHARED_SUPPORT_FOLDER_PATH\=FleetNotifierTests.xctest/SharedSupport
    export SKIP_INSTALL\=YES
    export SKIP_MERGEABLE_LIBRARY_BUNDLE_HOOK\=NO
    export SOURCE_ROOT\=/Users/jirathip/.herdr/worktrees/corral/g574-pager-perf/ios
    export SRCROOT\=/Users/jirathip/.herdr/worktrees/corral/g574-pager-perf/ios
    export STRINGSDATA_DIR\=/tmp/fn574-dd/Build/Intermediates.noindex/FleetNotifier.build/Debug-iphonesimulator/FleetNotifierTests.build/Objects-normal/undefined_arch
    export STRINGSDATA_ROOT\=/tmp/fn574-dd/Build/Intermediates.noindex/FleetNotifier.build/Debug-iphonesimulator/FleetNotifierTests.build
    export STRINGS_FILE_INFOPLIST_RENAME\=YES
    export STRINGS_FILE_OUTPUT_ENCODING\=binary
    export STRING_CATALOG_GENERATE_SYMBOLS\=NO
    export STRIP_BITCODE_FROM_COPIED_FILES\=NO
    export STRIP_INSTALLED_PRODUCT\=NO
    export STRIP_STYLE\=non-global
    export STRIP_SWIFT_SYMBOLS\=YES
    export SUPPORTED_DEVICE_FAMILIES\=1,2
    export SUPPORTED_PLATFORMS\=iphoneos\ iphonesimulator
    export SUPPORTS_TEXT_BASED_API\=NO
    export SUPPRESS_WARNINGS\=NO
    export SWIFT_ACTIVE_COMPILATION_CONDITIONS\=DEBUG
    export SWIFT_EMIT_CONST_VALUE_PROTOCOLS\=AnyResolverProviding\ AppEntity\ AppEnum\ AppExtension\ AppIntent\ AppIntentsPackage\ AppShortcutProviding\ AppShortcutsProvider\ AppUnionValue\ AppUnionValueCasesProviding\ DynamicOptionsProvider\ EntityQuery\ ExtensionPointDefining\ IntentValueQuery\ Resolver\ TransientEntity\ _AssistantIntentsProvider\ _GenerativeFunctionExtractable\ _IntentValueRepresentable
    export SWIFT_EMIT_LOC_STRINGS\=NO
    export SWIFT_ENABLE_EXPLICIT_MODULES\=YES
    export SWIFT_OPTIMIZATION_LEVEL\=-Onone
    export SWIFT_PLATFORM_TARGET_PREFIX\=ios
    export SWIFT_RESPONSE_FILE_PATH_normal_arm64\=/tmp/fn574-dd/Build/Intermediates.noindex/FleetNotifier.build/Debug-iphonesimulator/FleetNotifierTests.build/Objects-normal/arm64/FleetNotifierTests.SwiftFileList
    export SWIFT_VERSION\=5.9
    export SYMROOT\=/tmp/fn574-dd/Build/Products
    export SYSTEM_ADMIN_APPS_DIR\=/Applications/Utilities
    export SYSTEM_APPS_DIR\=/Applications
    export SYSTEM_CORE_SERVICES_DIR\=/System/Library/CoreServices
    export SYSTEM_DEMOS_DIR\=/Applications/Extras
    export SYSTEM_DEVELOPER_APPS_DIR\=/Applications/Xcode.app/Contents/Developer/Applications
    export SYSTEM_DEVELOPER_BIN_DIR\=/Applications/Xcode.app/Contents/Developer/usr/bin
    export SYSTEM_DEVELOPER_DEMOS_DIR\=/Applications/Xcode.app/Contents/Developer/Applications/Utilities/Built\ Examples
    export SYSTEM_DEVELOPER_DIR\=/Applications/Xcode.app/Contents/Developer
    export SYSTEM_DEVELOPER_DOC_DIR\=/Applications/Xcode.app/Contents/Developer/ADC\ Reference\ Library
    export SYSTEM_DEVELOPER_GRAPHICS_TOOLS_DIR\=/Applications/Xcode.app/Contents/Developer/Applications/Graphics\ Tools
    export SYSTEM_DEVELOPER_JAVA_TOOLS_DIR\=/Applications/Xcode.app/Contents/Developer/Applications/Java\ Tools
    export SYSTEM_DEVELOPER_PERFORMANCE_TOOLS_DIR\=/Applications/Xcode.app/Contents/Developer/Applications/Performance\ Tools
    export SYSTEM_DEVELOPER_RELEASENOTES_DIR\=/Applications/Xcode.app/Contents/Developer/ADC\ Reference\ Library/releasenotes
    export SYSTEM_DEVELOPER_TOOLS\=/Applications/Xcode.app/Contents/Developer/Tools
    export SYSTEM_DEVELOPER_TOOLS_DOC_DIR\=/Applications/Xcode.app/Contents/Developer/ADC\ Reference\ Library/documentation/DeveloperTools
    export SYSTEM_DEVELOPER_TOOLS_RELEASENOTES_DIR\=/Applications/Xcode.app/Contents/Developer/ADC\ Reference\ Library/releasenotes/DeveloperTools
    export SYSTEM_DEVELOPER_USR_DIR\=/Applications/Xcode.app/Contents/Developer/usr
    export SYSTEM_DEVELOPER_UTILITIES_DIR\=/Applications/Xcode.app/Contents/Developer/Applications/Utilities
    export SYSTEM_DEXT_INSTALL_PATH\=/System/Library/DriverExtensions
    export SYSTEM_DOCUMENTATION_DIR\=/Library/Documentation
    export SYSTEM_EXTENSIONS_FOLDER_PATH\=FleetNotifierTests.xctest/SystemExtensions
    export SYSTEM_EXTENSIONS_FOLDER_PATH_SHALLOW_BUNDLE_NO\=FleetNotifierTests.xctest/Library/SystemExtensions
    export SYSTEM_EXTENSIONS_FOLDER_PATH_SHALLOW_BUNDLE_YES\=FleetNotifierTests.xctest/SystemExtensions
    export SYSTEM_FRAMEWORK_SEARCH_PATHS\=\ \ /Applications/Xcode.app/Contents/Developer/Platforms/iPhoneSimulator.platform/Developer/Library/Frameworks\ /Applications/Xcode.app/Contents/Developer/Platforms/iPhoneSimulator.platform/Developer/SDKs/iPhoneSimulator26.5.sdk/Developer/Library/Frameworks
    export SYSTEM_KEXT_INSTALL_PATH\=/System/Library/Extensions
    export SYSTEM_LIBRARY_DIR\=/System/Library
    export TAPI_DEMANGLE\=YES
    export TAPI_ENABLE_PROJECT_HEADERS\=NO
    export TAPI_LANGUAGE\=objective-c
    export TAPI_LANGUAGE_STANDARD\=compiler-default
    export TAPI_USE_SRCROOT\=YES
    export TAPI_VERIFY_MODE\=Pedantic
    export TARGETED_DEVICE_FAMILY\=1,2
    export TARGETNAME\=FleetNotifierTests
    export TARGET_BUILD_DIR\=/tmp/fn574-dd/Build/Products/Debug-iphonesimulator/FleetNotifier.app/PlugIns
    export TARGET_BUILD_SUBPATH\=/FleetNotifier.app/PlugIns
    export TARGET_DEVICE_IDENTIFIER\=E8A93355-D7A7-4727-87B9-11E3D0FC1E08
    export TARGET_DEVICE_MODEL\=iPhone18,1
    export TARGET_DEVICE_OS_VERSION\=26.5
    export TARGET_DEVICE_PLATFORM_NAME\=iphonesimulator
    export TARGET_NAME\=FleetNotifierTests
    export TARGET_TEMP_DIR\=/tmp/fn574-dd/Build/Intermediates.noindex/FleetNotifier.build/Debug-iphonesimulator/FleetNotifierTests.build
    export TEMP_DIR\=/tmp/fn574-dd/Build/Intermediates.noindex/FleetNotifier.build/Debug-iphonesimulator/FleetNotifierTests.build
    export TEMP_FILES_DIR\=/tmp/fn574-dd/Build/Intermediates.noindex/FleetNotifier.build/Debug-iphonesimulator/FleetNotifierTests.build
    export TEMP_FILE_DIR\=/tmp/fn574-dd/Build/Intermediates.noindex/FleetNotifier.build/Debug-iphonesimulator/FleetNotifierTests.build
    export TEMP_ROOT\=/tmp/fn574-dd/Build/Intermediates.noindex
    export TEMP_SANDBOX_DIR\=/tmp/fn574-dd/Build/Intermediates.noindex/TemporaryTaskSandboxes
    export TEST_FRAMEWORK_SEARCH_PATHS\=\ /Applications/Xcode.app/Contents/Developer/Platforms/iPhoneSimulator.platform/Developer/Library/Frameworks\ /Applications/Xcode.app/Contents/Developer/Platforms/iPhoneSimulator.platform/Developer/SDKs/iPhoneSimulator26.5.sdk/Developer/Library/Frameworks
    export TEST_HOST\=/tmp/fn574-dd/Build/Products/Debug-iphonesimulator/FleetNotifier.app/FleetNotifier
    export TEST_LIBRARY_SEARCH_PATHS\=\ /Applications/Xcode.app/Contents/Developer/Platforms/iPhoneSimulator.platform/Developer/usr/lib
    export TOOLCHAINS\=com.apple.dt.toolchain.XcodeDefault
    export TOOLCHAIN_DIR\=/Applications/Xcode.app/Contents/Developer/Toolchains/XcodeDefault.xctoolchain
    export TREAT_MISSING_BASELINES_AS_TEST_FAILURES\=NO
    export TREAT_MISSING_SCRIPT_PHASE_OUTPUTS_AS_ERRORS\=NO
    export TeamIdentifierPrefix\=9244PWFYD7.
    export UID\=501
    export UNINSTALLED_PRODUCTS_DIR\=/tmp/fn574-dd/Build/Intermediates.noindex/UninstalledProducts
    export UNLOCALIZED_RESOURCES_FOLDER_PATH\=FleetNotifierTests.xctest
    export UNLOCALIZED_RESOURCES_FOLDER_PATH_SHALLOW_BUNDLE_NO\=FleetNotifierTests.xctest/Resources
    export UNLOCALIZED_RESOURCES_FOLDER_PATH_SHALLOW_BUNDLE_YES\=FleetNotifierTests.xctest
    export UNSTRIPPED_PRODUCT\=NO
    export USER\=jirathip
    export USER_APPS_DIR\=/Users/jirathip/Applications
    export USER_LIBRARY_DIR\=/Users/jirathip/Library
    export USE_DYNAMIC_NO_PIC\=YES
    export USE_HEADERMAP\=YES
    export USE_HEADER_SYMLINKS\=NO
    export VALIDATE_DEVELOPMENT_ASSET_PATHS\=YES_ERROR
    export VALIDATE_PRODUCT\=NO
    export VALID_ARCHS\=arm64\ x86_64
    export VERBOSE_PBXCP\=NO
    export VERSIONPLIST_PATH\=FleetNotifierTests.xctest/version.plist
    export VERSION_INFO_BUILDER\=jirathip
    export VERSION_INFO_FILE\=FleetNotifierTests_vers.c
    export VERSION_INFO_STRING\=\"@\(\#\)PROGRAM:FleetNotifierTests\ \ PROJECT:FleetNotifier-1\"
    export WORKSPACE_DIR\=/Users/jirathip/.herdr/worktrees/corral/g574-pager-perf/ios/FleetNotifier.xcodeproj
    export WRAPPER_EXTENSION\=xctest
    export WRAPPER_NAME\=FleetNotifierTests.xctest
    export WRAPPER_SUFFIX\=.xctest
    export WRAP_ASSET_PACKS_IN_SEPARATE_DIRECTORIES\=NO
    export XCODE_APP_SUPPORT_DIR\=/Applications/Xcode.app/Contents/Developer/Library/Xcode
    export XCODE_PRODUCT_BUILD_VERSION\=17F113
    export XCODE_VERSION_ACTUAL\=2660
    export XCODE_VERSION_MAJOR\=2600
    export XCODE_VERSION_MINOR\=2660
    export XPCSERVICES_FOLDER_PATH\=FleetNotifierTests.xctest/XPCServices
    export YACC\=yacc
    export _BUILDABLE_SERIALIZATION_KEY\=test-bundle-with-host:\ Path\(_str:\ \"/tmp/fn574-dd/Build/Products/Debug-iphonesimulator/FleetNotifier.app/FleetNotifier\"\)
    export _DISCOVER_COMMAND_LINE_LINKER_INPUTS\=YES
    export _DISCOVER_COMMAND_LINE_LINKER_INPUTS_INCLUDE_WL\=YES
    export _LD_MULTIARCH\=YES
    export _WRAPPER_CONTENTS_DIR_SHALLOW_BUNDLE_NO\=/Contents
    export _WRAPPER_PARENT_PATH_SHALLOW_BUNDLE_NO\=/..
    export _WRAPPER_RESOURCES_DIR_SHALLOW_BUNDLE_NO\=/Resources
    export __DIAGNOSE_DEPRECATED_ARCHS\=YES
    export __ORIGINAL_SDK_DEFINED_LLVM_TARGET_TRIPLE_SYS\=ios
    export arch\=undefined_arch
    export variant\=normal
    /usr/bin/sandbox-exec -D SCRIPT_OUTPUT_FILE_0\=/tmp/fn574-dd/Build/Products/Debug-iphonesimulator/FleetNotifier.app/PlugIns/FleetNotifierTests.xctest/FleetViews.swift.txt -D SCRIPT_OUTPUT_FILE_1\=/tmp/fn574-dd/Build/Products/Debug-iphonesimulator/FleetNotifier.app/PlugIns/FleetNotifierTests.xctest/HerdView.swift.txt -D SCRIPT_OUTPUT_FILE_2\=/tmp/fn574-dd/Build/Products/Debug-iphonesimulator/FleetNotifier.app/PlugIns/FleetNotifierTests.xctest/RanchEnvironment.swift.txt -D SCRIPT_OUTPUT_FILE_3\=/tmp/fn574-dd/Build/Products/Debug-iphonesimulator/FleetNotifier.app/PlugIns/FleetNotifierTests.xctest/AppIconPicker.swift.txt -D SCRIPT_OUTPUT_FILE_4\=/tmp/fn574-dd/Build/Products/Debug-iphonesimulator/FleetNotifier.app/PlugIns/FleetNotifierTests.xctest/FleetNotifierApp.swift.txt -D SCRIPT_OUTPUT_FILE_5\=/tmp/fn574-dd/Build/Products/Debug-iphonesimulator/FleetNotifier.app/PlugIns/FleetNotifierTests.xctest/master-bay.base64 -D SCRIPT_OUTPUT_FILE_6\=/tmp/fn574-dd/Build/Products/Debug-iphonesimulator/FleetNotifier.app/PlugIns/FleetNotifierTests.xctest/master-palomino.base64 -D SCRIPT_OUTPUT_FILE_7\=/tmp/fn574-dd/Build/Products/Debug-iphonesimulator/FleetNotifier.app/PlugIns/FleetNotifierTests.xctest/master-black.base64 -D SCRIPT_OUTPUT_FILE_8\=/tmp/fn574-dd/Build/Products/Debug-iphonesimulator/FleetNotifier.app/PlugIns/FleetNotifierTests.xctest/master-grey.base64 -D SCRIPT_INPUT_FILE_0\=/Users/jirathip/.herdr/worktrees/corral/g574-pager-perf/ios/FleetNotifier/UI/FleetViews.swift -D SCRIPT_INPUT_FILE_1\=/Users/jirathip/.herdr/worktrees/corral/g574-pager-perf/ios/FleetNotifier/UI/Herd/HerdView.swift -D SCRIPT_INPUT_FILE_2\=/Users/jirathip/.herdr/worktrees/corral/g574-pager-perf/ios/FleetNotifier/UI/Herd/RanchEnvironment.swift -D SCRIPT_INPUT_FILE_3\=/Users/jirathip/.herdr/worktrees/corral/g574-pager-perf/ios/FleetNotifier/UI/AppIconPicker.swift -D SCRIPT_INPUT_FILE_4\=/Users/jirathip/.herdr/worktrees/corral/g574-pager-perf/ios/FleetNotifier/App/FleetNotifierApp.swift -D SCRIPT_INPUT_FILE_5\=/Users/jirathip/.herdr/worktrees/corral/g574-pager-perf/ios/tools/herd-art/appicon-masters/treatment-a/bay-1024.png -D SCRIPT_INPUT_FILE_6\=/Users/jirathip/.herdr/worktrees/corral/g574-pager-perf/ios/tools/herd-art/appicon-masters/treatment-a/palomino-1024.png -D SCRIPT_INPUT_FILE_7\=/Users/jirathip/.herdr/worktrees/corral/g574-pager-perf/ios/tools/herd-art/appicon-masters/treatment-a/black-1024.png -D SCRIPT_INPUT_FILE_8\=/Users/jirathip/.herdr/worktrees/corral/g574-pager-perf/ios/tools/herd-art/appicon-masters/treatment-a/grey-1024.png -D SCRIPT_INPUT_FILE_9\=/tmp/fn574-dd/Build/Intermediates.noindex/FleetNotifier.build/Debug-iphonesimulator/FleetNotifierTests.build/Script-5F192B1FB1FA20C22EB91780.sh -D SCRIPT_INPUT_ANCESTOR_0\=/ -D SCRIPT_INPUT_ANCESTOR_1\=/Users -D SCRIPT_INPUT_ANCESTOR_2\=/Users/jirathip -D SCRIPT_INPUT_ANCESTOR_3\=/Users/jirathip/.herdr -D SCRIPT_INPUT_ANCESTOR_4\=/Users/jirathip/.herdr/worktrees -D SCRIPT_INPUT_ANCESTOR_5\=/Users/jirathip/.herdr/worktrees/corral -D SCRIPT_INPUT_ANCESTOR_6\=/Users/jirathip/.herdr/worktrees/corral/g574-pager-perf -D SCRIPT_INPUT_ANCESTOR_7\=/Users/jirathip/.herdr/worktrees/corral/g574-pager-perf/ios -D SCRIPT_INPUT_ANCESTOR_8\=/Users/jirathip/.herdr/worktrees/corral/g574-pager-perf/ios/FleetNotifier -D SCRIPT_INPUT_ANCESTOR_9\=/Users/jirathip/.herdr/worktrees/corral/g574-pager-perf/ios/FleetNotifier/App -D SCRIPT_INPUT_ANCESTOR_10\=/Users/jirathip/.herdr/worktrees/corral/g574-pager-perf/ios/FleetNotifier/UI -D SCRIPT_INPUT_ANCESTOR_11\=/Users/jirathip/.herdr/worktrees/corral/g574-pager-perf/ios/FleetNotifier/UI/Herd -D SCRIPT_INPUT_ANCESTOR_12\=/Users/jirathip/.herdr/worktrees/corral/g574-pager-perf/ios/tools -D SCRIPT_INPUT_ANCESTOR_13\=/Users/jirathip/.herdr/worktrees/corral/g574-pager-perf/ios/tools/herd-art -D SCRIPT_INPUT_ANCESTOR_14\=/Users/jirathip/.herdr/worktrees/corral/g574-pager-perf/ios/tools/herd-art/appicon-masters -D SCRIPT_INPUT_ANCESTOR_15\=/Users/jirathip/.herdr/worktrees/corral/g574-pager-perf/ios/tools/herd-art/appicon-masters/treatment-a -D SCRIPT_INPUT_ANCESTOR_16\=/tmp -D SCRIPT_INPUT_ANCESTOR_17\=/tmp/fn574-dd -D SCRIPT_INPUT_ANCESTOR_18\=/tmp/fn574-dd/Build -D SCRIPT_INPUT_ANCESTOR_19\=/tmp/fn574-dd/Build/Intermediates.noindex -D SCRIPT_INPUT_ANCESTOR_20\=/tmp/fn574-dd/Build/Intermediates.noindex/FleetNotifier.build -D SCRIPT_INPUT_ANCESTOR_21\=/tmp/fn574-dd/Build/Intermediates.noindex/FleetNotifier.build/Debug-iphonesimulator -D SCRIPT_INPUT_ANCESTOR_22\=/tmp/fn574-dd/Build/Intermediates.noindex/FleetNotifier.build/Debug-iphonesimulator/FleetNotifierTests.build -D SCRIPT_OUTPUT_ANCESTOR_0\=/ -D SCRIPT_OUTPUT_ANCESTOR_1\=/tmp -D SCRIPT_OUTPUT_ANCESTOR_2\=/tmp/fn574-dd -D SCRIPT_OUTPUT_ANCESTOR_3\=/tmp/fn574-dd/Build -D SCRIPT_OUTPUT_ANCESTOR_4\=/tmp/fn574-dd/Build/Products -D SCRIPT_OUTPUT_ANCESTOR_5\=/tmp/fn574-dd/Build/Products/Debug-iphonesimulator -D SCRIPT_OUTPUT_ANCESTOR_6\=/tmp/fn574-dd/Build/Products/Debug-iphonesimulator/FleetNotifier.app -D SCRIPT_OUTPUT_ANCESTOR_7\=/tmp/fn574-dd/Build/Products/Debug-iphonesimulator/FleetNotifier.app/PlugIns -D SCRIPT_OUTPUT_ANCESTOR_8\=/tmp/fn574-dd/Build/Products/Debug-iphonesimulator/FleetNotifier.app/PlugIns/FleetNotifierTests.xctest -D SRCROOT\=/Users/jirathip/.herdr/worktrees/corral/g574-pager-perf/ios -D PROJECT_DIR\=/Users/jirathip/.herdr/worktrees/corral/g574-pager-perf/ios -D OBJROOT\=/tmp/fn574-dd/Build/Intermediates.noindex -D SYMROOT\=/tmp/fn574-dd/Build/Products -D DSTROOT\=/tmp/FleetNotifier.dst -D SHARED_PRECOMPS_DIR\=/tmp/fn574-dd/Build/Intermediates.noindex/PrecompiledHeaders -D CACHE_ROOT\=/var/folders/4k/fbv06j2j5bbd3h4wgbwk1ccm0000gn/C/com.apple.DeveloperTools/26.6-17F113/Xcode -D CONFIGURATION_BUILD_DIR\=/tmp/fn574-dd/Build/Products/Debug-iphonesimulator -D CONFIGURATION_TEMP_DIR\=/tmp/fn574-dd/Build/Intermediates.noindex/FleetNotifier.build/Debug-iphonesimulator -D LOCROOT\=/Users/jirathip/.herdr/worktrees/corral/g574-pager-perf/ios -D LOCSYMROOT\=/Users/jirathip/.herdr/worktrees/corral/g574-pager-perf/ios -D INDEX_PRECOMPS_DIR\=/tmp/fn574-dd/Index.noindex/PrecompiledHeaders -D INDEX_DATA_STORE_DIR\=/tmp/fn574-dd/Index.noindex/DataStore -D TEMP_DIR\=/tmp/fn574-dd/Build/Intermediates.noindex/FleetNotifier.build/Debug-iphonesimulator/FleetNotifierTests.build -D TARGET_TEMP_DIR\=/tmp/fn574-dd/Build/Intermediates.noindex/FleetNotifier.build/Debug-iphonesimulator/FleetNotifierTests.build -D DERIVED_FILE_DIR\=/tmp/fn574-dd/Build/Intermediates.noindex/FleetNotifier.build/Debug-iphonesimulator/FleetNotifierTests.build/DerivedSources -f /tmp/fn574-dd/Build/Intermediates.noindex/FleetNotifier.build/Debug-iphonesimulator/FleetNotifierTests.build/4bdc83a8db68351ac259666e277ecd48.sb /bin/sh -c /tmp/fn574-dd/Build/Intermediates.noindex/FleetNotifier.build/Debug-iphonesimulator/FleetNotifierTests.build/Script-5F192B1FB1FA20C22EB91780.sh

CodeSign /tmp/fn574-dd/Build/Products/Debug-iphonesimulator/FleetNotifier.app/PlugIns/FleetNotifierTests.xctest (in target 'FleetNotifierTests' from project 'FleetNotifier')
    cd /Users/jirathip/.herdr/worktrees/corral/g574-pager-perf/ios
    
    Signing Identity:     "Sign to Run Locally"
    
    /usr/bin/codesign --force --sign - --timestamp\=none --generate-entitlement-der /tmp/fn574-dd/Build/Products/Debug-iphonesimulator/FleetNotifier.app/PlugIns/FleetNotifierTests.xctest
/tmp/fn574-dd/Build/Products/Debug-iphonesimulator/FleetNotifier.app/PlugIns/FleetNotifierTests.xctest: replacing existing signature

CodeSign /tmp/fn574-dd/Build/Products/Debug-iphonesimulator/FleetNotifier.app/FleetNotifier.debug.dylib (in target 'FleetNotifier' from project 'FleetNotifier')
    cd /Users/jirathip/.herdr/worktrees/corral/g574-pager-perf/ios
    
    Signing Identity:     "Sign to Run Locally"
    
    /usr/bin/codesign --force --sign - --timestamp\=none --generate-entitlement-der /tmp/fn574-dd/Build/Products/Debug-iphonesimulator/FleetNotifier.app/FleetNotifier.debug.dylib
/tmp/fn574-dd/Build/Products/Debug-iphonesimulator/FleetNotifier.app/FleetNotifier.debug.dylib: replacing existing signature

CodeSign /tmp/fn574-dd/Build/Products/Debug-iphonesimulator/FleetNotifier.app/__preview.dylib (in target 'FleetNotifier' from project 'FleetNotifier')
    cd /Users/jirathip/.herdr/worktrees/corral/g574-pager-perf/ios
    
    Signing Identity:     "Sign to Run Locally"
    
    /usr/bin/codesign --force --sign - --timestamp\=none --generate-entitlement-der /tmp/fn574-dd/Build/Products/Debug-iphonesimulator/FleetNotifier.app/__preview.dylib
/tmp/fn574-dd/Build/Products/Debug-iphonesimulator/FleetNotifier.app/__preview.dylib: replacing existing signature

CodeSign /tmp/fn574-dd/Build/Products/Debug-iphonesimulator/FleetNotifier.app (in target 'FleetNotifier' from project 'FleetNotifier')
    cd /Users/jirathip/.herdr/worktrees/corral/g574-pager-perf/ios
    
    Signing Identity:     "Sign to Run Locally"
    
    /usr/bin/codesign --force --sign - --entitlements /tmp/fn574-dd/Build/Intermediates.noindex/FleetNotifier.build/Debug-iphonesimulator/FleetNotifier.build/FleetNotifier.app.xcent --timestamp\=none --generate-entitlement-der /tmp/fn574-dd/Build/Products/Debug-iphonesimulator/FleetNotifier.app
/tmp/fn574-dd/Build/Products/Debug-iphonesimulator/FleetNotifier.app: replacing existing signature

Validate /tmp/fn574-dd/Build/Products/Debug-iphonesimulator/FleetNotifier.app (in target 'FleetNotifier' from project 'FleetNotifier')
    cd /Users/jirathip/.herdr/worktrees/corral/g574-pager-perf/ios
    builtin-validationUtility /tmp/fn574-dd/Build/Products/Debug-iphonesimulator/FleetNotifier.app -shallow-bundle -infoplist-subpath Info.plist

2026-09-19 17:03:36.765608+0700 FleetNotifierUITests-Runner[97177:44065669] [Default] Running tests...
    t =      nans Interface orientation changed to Portrait
Test Suite 'Selected tests' started at 2569-09-19 5:03:41.280 PM.
Test Suite 'FleetNotifierUITests.xctest' started at 2569-09-19 5:03:41.281 PM.
Test Suite 'HerdEdgeGestureTests' started at 2569-09-19 5:03:41.281 PM.
Test Case '-[FleetNotifierUITests.HerdEdgeGestureTests testAccessibilityOversizedAndReduceMotionUseNativeScroll]' started.
    t =     0.00s Start Test at 2569-09-19 5:03:41.286 PM
    t =     0.13s Set Up
    t =     0.14s Open com.corral.fleetnotifier
    t =     0.14s     Launch com.corral.fleetnotifier
2026-09-19 17:03:42.134 xcodebuild[94484:44059499] [MT] IDELaunchParametersSnapshot: The operation couldn’t be completed. (DebuggerLLDB.DebuggerVersionStore.StoreError error 0.)
2026-09-19 17:03:42.134 xcodebuild[94484:44059499] [MT] IDELaunchParametersSnapshot: no debugger version
objc[97177]: Class UIAccessibilityLoaderWebShared is implemented in both /Library/Developer/CoreSimulator/Volumes/iOS_23F77/Library/Developer/CoreSimulator/Profiles/Runtimes/iOS 26.5.simruntime/Contents/Resources/RuntimeRoot/System/Library/AccessibilityBundles/WebCore.axbundle/WebCore (0x10a92c310) and /Library/Developer/CoreSimulator/Volumes/iOS_23F77/Library/Developer/CoreSimulator/Profiles/Runtimes/iOS 26.5.simruntime/Contents/Resources/RuntimeRoot/System/Library/AccessibilityBundles/WebKit.axbundle/WebKit (0x1073d8398). This may cause spurious casting failures and mysterious crashes. One of the duplicates must be removed or renamed.
    t =     2.78s         Setting up automation session
    t =     7.90s         Wait for com.corral.fleetnotifier to idle
    t =    21.02s Waiting 15.0s for "herd-accessibility-column" ScrollView to exist
    t =    22.09s     Checking `Expect predicate `existsNoRetry == 1` for object "herd-accessibility-column" ScrollView`
    t =    22.09s         Checking existence of `"herd-accessibility-column" ScrollView`
    t =    22.75s Find the Target Application 'com.corral.fleetnotifier'
G568_CASE_BEGIN day-blocked-accessibility epoch=1789812244.032779 screen=(0.0, 0.0, 402.0, 874.0)
    t =    23.09s Swipe up "herd-accessibility-column" ScrollView
    t =    23.09s     Wait for com.corral.fleetnotifier to idle
    t =    23.32s     Find the "herd-accessibility-column" ScrollView
    t =    23.42s     Check for interrupting elements affecting "herd-accessibility-column" ScrollView
    t =    23.53s     Synthesize event
    t =    24.16s     Wait for com.corral.fleetnotifier to idle
    t =    27.58s Waiting 5.0s for "g568-geometry" Other to exist
    t =    28.65s     Checking `Expect predicate `existsNoRetry == 1` for object "g568-geometry" Other`
    t =    28.65s         Checking existence of `"g568-geometry" Other`
    t =    28.74s Find the "g568-geometry" Other
G568_GEOMETRY epoch=1789812250.101923 {"updates":[1789812244.017647,1789812248.0340328],"samples":{"::edge-13":{"group":[[12,4367.000000000001],[378,365.3333333333321]],"viewport":[[0,516.3333333333333],[402,244.66666666666674]],"opacity":1,"oversized":true},"::quiet":{"opacity":1,"oversized":true,"group":[[414,2612.666666666667],[378,244]],"viewport":[[0,516.3333333333333],[402,244.66666666666674]]},"::edge-14":{"group":[[12,4740.333333333333],[378,244]],"viewport":[[0,516.3333333333333],[402,244.66666666666674]],"opacity":1,"oversized":true},"::edge-08":{"group":[[12,2985.666666666667],[378,244]],"viewport":[[0,516.3333333333333],[402,244.66666666666674]],"opacity":1,"oversized":true},"::edge-06":{"group":[[12,2239.333333333333],[378,244]],"viewport":[[0,516.3333333333333],[402,244.66666666666674]],"opacity":1,"oversized":true},"::edge-07":{"opacity":1,"oversized":true,"group":[[12,2491.333333333333],[378,486.33333333333303]],"viewport":[[0,516.3333333333333],[402,244.66666666666674]]},"::edge-04":{"opacity":1,"oversized":true,"group":[[12,1613.9999999999998],[378,365.3333333333335]],"viewport":[[0,516.3333333333333],[402,244.66666666666674]]},"::edge-03":{"group":[[12,1362],[378,243.99999999999977]],"viewport":[[0,516.3333333333333],[402,244.66666666666674]],"opacity":1,"oversized":true},"::edge-12":{"opacity":1,"oversized":true,"group":[[12,4115.000000000001],[378,244]],"viewport":[[0,516.3333333333333],[402,244.66666666666674]]},"::edge-05":{"opacity":1,"oversized":true,"group":[[12,1987.3333333333333],[378,243.99999999999977]],"viewport":[[0,516.3333333333333],[402,244.66666666666674]]},"::edge-00":{"opacity":1,"oversized":true,"group":[[12,484.66666666666663],[378,244]],"viewport":[[0,516.3333333333333],[402,244.66666666666674]]},"::edge-09":{"opacity":1,"oversized":true,"group":[[12,3237.666666666667],[378,244]],"viewport":[[0,516.3333333333333],[402,244.66666666666674]]},"::edge-02":{"opacity":1,"oversized":true,"group":[[12,1110],[378,244]],"viewport":[[0,516.3333333333333],[402,244.66666666666674]]},"::edge-01":{"opacity":1,"oversized":true,"group":[[12,736.6666666666666],[378,365.33333333333337]],"viewport":[[0,516.3333333333333],[402,244.66666666666674]]},"::edge-10":{"group":[[12,3489.666666666667],[378,365.33333333333303]],"viewport":[[0,516.3333333333333],[402,244.66666666666674]],"opacity":1,"oversized":true},"::edge-11":{"opacity":1,"oversized":true,"group":[[12,3863],[378,244.0000000000009]],"viewport":[[0,516.3333333333333],[402,244.66666666666674]]}}}
    t =    28.82s Added attachment named 'measured-geometry'
    t =    28.83s Find the Target Application 'com.corral.fleetnotifier'
    t =    28.89s Find the Target Application 'com.corral.fleetnotifier'
    t =    28.96s Find the Target Application 'com.corral.fleetnotifier'
    t =    29.01s Find the Target Application 'com.corral.fleetnotifier'
    t =    29.06s Find the Target Application 'com.corral.fleetnotifier'
    t =    29.10s Find the Target Application 'com.corral.fleetnotifier'
    t =    29.16s Find the Target Application 'com.corral.fleetnotifier'
    t =    29.21s Find the Target Application 'com.corral.fleetnotifier'
    t =    29.27s Find the Target Application 'com.corral.fleetnotifier'
    t =    29.33s Find the Target Application 'com.corral.fleetnotifier'
    t =    29.38s Find the Target Application 'com.corral.fleetnotifier'
    t =    29.45s Find the Target Application 'com.corral.fleetnotifier'
    t =    29.49s Find the Target Application 'com.corral.fleetnotifier'
    t =    29.55s Find the Target Application 'com.corral.fleetnotifier'
    t =    29.60s Find the Target Application 'com.corral.fleetnotifier'
    t =    29.65s Find the Target Application 'com.corral.fleetnotifier'
    t =    29.70s Find the Target Application 'com.corral.fleetnotifier'
    t =    29.76s Find the Target Application 'com.corral.fleetnotifier'
    t =    29.81s Find the Target Application 'com.corral.fleetnotifier'
    t =    29.88s Find the Target Application 'com.corral.fleetnotifier'
    t =    29.92s Find the Target Application 'com.corral.fleetnotifier'
    t =    29.98s Find the Target Application 'com.corral.fleetnotifier'
    t =    30.04s Find the Target Application 'com.corral.fleetnotifier'
    t =    30.09s Find the Target Application 'com.corral.fleetnotifier'
    t =    30.14s Find the Target Application 'com.corral.fleetnotifier'
    t =    30.20s Find the Target Application 'com.corral.fleetnotifier'
    t =    30.26s Find the Target Application 'com.corral.fleetnotifier'
    t =    30.31s Find the Target Application 'com.corral.fleetnotifier'
    t =    30.36s Find the Target Application 'com.corral.fleetnotifier'
    t =    30.41s Find the Target Application 'com.corral.fleetnotifier'
    t =    30.47s Find the Target Application 'com.corral.fleetnotifier'
    t =    30.52s Find the Target Application 'com.corral.fleetnotifier'
G568_PHASE accessibility-oversized-scrolled epoch=1789812251.863697
    t =    30.58s Find the Target Application 'com.corral.fleetnotifier'
    t =    30.99s Added attachment named 'accessibility-oversized-scrolled'
    t =    30.99s Waiting 5.0s for "g568-geometry" Other to exist
    t =    32.06s     Checking `Expect predicate `existsNoRetry == 1` for object "g568-geometry" Other`
    t =    32.06s         Checking existence of `"g568-geometry" Other`
    t =    32.13s Find the "g568-geometry" Other
G568_GEOMETRY epoch=1789812253.4809442 {"samples":{"::quiet":{"viewport":[[0,516.3333333333333],[402,244.66666666666674]],"group":[[414,2521.666666666667],[378,244]],"opacity":1,"oversized":true},"::edge-08":{"group":[[12,2804],[378,244]],"viewport":[[0,516.3333333333333],[402,244.66666666666674]],"opacity":1,"oversized":true},"::edge-06":{"oversized":true,"viewport":[[0,516.3333333333333],[402,244.66666666666674]],"group":[[12,2239.333333333333],[378,244]],"opacity":1},"::edge-13":{"viewport":[[0,516.3333333333333],[402,244.66666666666674]],"group":[[12,4185.333333333333],[378,365.33333333333394]],"opacity":1,"oversized":true},"::edge-03":{"group":[[12,1362],[378,243.99999999999977]],"viewport":[[0,516.3333333333333],[402,244.66666666666674]],"opacity":1,"oversized":true},"::edge-00":{"viewport":[[0,516.3333333333333],[402,244.66666666666674]],"group":[[12,484.66666666666663],[378,244]],"opacity":1,"oversized":true},"::edge-09":{"viewport":[[0,516.3333333333333],[402,244.66666666666674]],"group":[[12,3056],[378,244]],"opacity":1,"oversized":true},"::edge-01":{"oversized":true,"viewport":[[0,516.3333333333333],[402,244.66666666666674]],"group":[[12,736.6666666666666],[378,365.33333333333337]],"opacity":1},"::edge-10":{"oversized":true,"viewport":[[0,516.3333333333333],[402,244.66666666666674]],"group":[[12,3308],[378,365.33333333333303]],"opacity":1},"::edge-14":{"oversized":true,"viewport":[[0,516.3333333333333],[402,244.66666666666674]],"group":[[12,4558.666666666667],[378,243.9999999999991]],"opacity":1},"::edge-11":{"viewport":[[0,516.3333333333333],[402,244.66666666666674]],"group":[[12,3681.333333333333],[378,244]],"opacity":1,"oversized":true},"::edge-12":{"viewport":[[0,516.3333333333333],[402,244.66666666666674]],"group":[[12,3933.333333333333],[378,244]],"opacity":1,"oversized":true},"::edge-05":{"oversized":true,"viewport":[[0,516.3333333333333],[402,244.66666666666674]],"group":[[12,1987.3333333333333],[378,243.99999999999977]],"opacity":1},"::edge-07":{"viewport":[[0,516.3333333333333],[402,244.66666666666674]],"group":[[12,2491.333333333334],[378,304.66666666666606]],"opacity":1,"oversized":true},"::edge-04":{"group":[[12,1613.9999999999998],[378,365.3333333333335]],"viewport":[[0,516.3333333333333],[402,244.66666666666674]],"opacity":1,"oversized":true},"::edge-02":{"oversized":true,"viewport":[[0,516.3333333333333],[402,244.66666666666674]],"group":[[12,1110],[378,244]],"opacity":1}},"updates":[1789812244.017647,1789812248.0340328,1789812252.20137]}
    t =    32.20s Added attachment named 'measured-geometry'
    t =    32.20s Swipe up "herd-accessibility-column" ScrollView
    t =    32.20s     Wait for com.corral.fleetnotifier to idle
    t =    32.21s     Find the "herd-accessibility-column" ScrollView
    t =    32.29s     Check for interrupting elements affecting "herd-accessibility-column" ScrollView
    t =    32.36s     Synthesize event
    t =    32.95s     Wait for com.corral.fleetnotifier to idle
    t =    32.98s Swipe down "herd-accessibility-column" ScrollView
    t =    32.98s     Wait for com.corral.fleetnotifier to idle
    t =    33.14s     Find the "herd-accessibility-column" ScrollView
    t =    33.26s     Check for interrupting elements affecting "herd-accessibility-column" ScrollView
    t =    33.34s     Synthesize event
    t =    34.10s     Wait for com.corral.fleetnotifier to idle
    t =    36.64s Waiting 5.0s for "g568-geometry" Other to exist
    t =    37.71s     Checking `Expect predicate `existsNoRetry == 1` for object "g568-geometry" Other`
    t =    37.71s         Checking existence of `"g568-geometry" Other`
    t =    38.48s Find the "g568-geometry" Other
G568_GEOMETRY epoch=1789812260.009969 {"samples":{"::edge-09":{"group":[[12,3237.666666666667],[378,244]],"oversized":true,"opacity":1,"viewport":[[0,516.3333333333333],[402,244.66666666666674]]},"::edge-13":{"opacity":1,"oversized":true,"group":[[12,4367.000000000001],[378,365.3333333333321]],"viewport":[[0,516.3333333333333],[402,244.66666666666674]]},"::edge-01":{"opacity":1,"oversized":true,"group":[[12,736.6666666666666],[378,365.33333333333337]],"viewport":[[0,516.3333333333333],[402,244.66666666666674]]},"::edge-07":{"opacity":1,"oversized":true,"group":[[12,2491.333333333333],[378,486.33333333333303]],"viewport":[[0,516.3333333333333],[402,244.66666666666674]]},"::edge-11":{"opacity":1,"oversized":true,"group":[[12,3863],[378,244.0000000000009]],"viewport":[[0,516.3333333333333],[402,244.66666666666674]]},"::edge-05":{"opacity":1,"oversized":true,"group":[[12,1987.3333333333333],[378,243.99999999999977]],"viewport":[[0,516.3333333333333],[402,244.66666666666674]]},"::edge-10":{"group":[[12,3489.666666666667],[378,365.33333333333303]],"oversized":true,"opacity":1,"viewport":[[0,516.3333333333333],[402,244.66666666666674]]},"::edge-06":{"opacity":1,"oversized":true,"group":[[12,2239.333333333333],[378,244]],"viewport":[[0,516.3333333333333],[402,244.66666666666674]]},"::edge-00":{"group":[[12,484.66666666666663],[378,244]],"oversized":true,"opacity":1,"viewport":[[0,516.3333333333333],[402,244.66666666666674]]},"::edge-12":{"group":[[12,4115.000000000001],[378,244]],"oversized":true,"opacity":1,"viewport":[[0,516.3333333333333],[402,244.66666666666674]]},"::edge-02":{"opacity":1,"oversized":true,"group":[[12,1110],[378,244]],"viewport":[[0,516.3333333333333],[402,244.66666666666674]]},"::quiet":{"group":[[414,2612.666666666667],[378,244]],"viewport":[[0,516.3333333333333],[402,244.66666666666674]],"oversized":true,"opacity":1},"::edge-03":{"group":[[12,1362],[378,243.99999999999977]],"oversized":true,"opacity":1,"viewport":[[0,516.3333333333333],[402,244.66666666666674]]},"::edge-14":{"group":[[12,4740.333333333333],[378,244]],"oversized":true,"opacity":1,"viewport":[[0,516.3333333333333],[402,244.66666666666674]]},"::edge-04":{"opacity":1,"oversized":true,"group":[[12,1613.9999999999998],[378,365.3333333333335]],"viewport":[[0,516.3333333333333],[402,244.66666666666674]]},"::edge-08":{"group":[[12,2985.666666666667],[378,244]],"oversized":true,"opacity":1,"viewport":[[0,516.3333333333333],[402,244.66666666666674]]}},"updates":[1789812244.017647,1789812248.0340328,1789812252.20137,1789812256.609622]}
    t =    38.73s Added attachment named 'measured-geometry'
    t =    38.73s Find the Target Application 'com.corral.fleetnotifier'
    t =    38.90s Find the Target Application 'com.corral.fleetnotifier'
    t =    39.04s Find the Target Application 'com.corral.fleetnotifier'
    t =    39.22s Find the Target Application 'com.corral.fleetnotifier'
    t =    39.36s Find the Target Application 'com.corral.fleetnotifier'
    t =    39.50s Find the Target Application 'com.corral.fleetnotifier'
    t =    39.84s Find the Target Application 'com.corral.fleetnotifier'
    t =    39.98s Find the Target Application 'com.corral.fleetnotifier'
    t =    40.13s Find the Target Application 'com.corral.fleetnotifier'
    t =    40.25s Find the Target Application 'com.corral.fleetnotifier'
    t =    40.35s Find the Target Application 'com.corral.fleetnotifier'
    t =    40.45s Find the Target Application 'com.corral.fleetnotifier'
    t =    40.59s Find the Target Application 'com.corral.fleetnotifier'
    t =    40.73s Find the Target Application 'com.corral.fleetnotifier'
    t =    40.87s Find the Target Application 'com.corral.fleetnotifier'
    t =    41.02s Find the Target Application 'com.corral.fleetnotifier'
    t =    41.16s Find the Target Application 'com.corral.fleetnotifier'
    t =    41.28s Find the Target Application 'com.corral.fleetnotifier'
    t =    41.41s Find the Target Application 'com.corral.fleetnotifier'
    t =    41.55s Find the Target Application 'com.corral.fleetnotifier'
    t =    41.68s Find the Target Application 'com.corral.fleetnotifier'
    t =    41.82s Find the Target Application 'com.corral.fleetnotifier'
    t =    41.95s Find the Target Application 'com.corral.fleetnotifier'
    t =    42.09s Find the Target Application 'com.corral.fleetnotifier'
    t =    42.23s Find the Target Application 'com.corral.fleetnotifier'
    t =    42.36s Find the Target Application 'com.corral.fleetnotifier'
    t =    42.49s Find the Target Application 'com.corral.fleetnotifier'
    t =    42.63s Find the Target Application 'com.corral.fleetnotifier'
    t =    42.78s Find the Target Application 'com.corral.fleetnotifier'
    t =    42.90s Find the Target Application 'com.corral.fleetnotifier'
    t =    43.03s Find the Target Application 'com.corral.fleetnotifier'
    t =    43.16s Find the Target Application 'com.corral.fleetnotifier'
G568_PHASE accessibility-oversized-reversal epoch=1789812264.564558
    t =    43.28s Find the Target Application 'com.corral.fleetnotifier'
    t =    43.74s Added attachment named 'accessibility-oversized-reversal'
G568_CASE_END day-blocked-accessibility epoch=1789812265.022596
    t =    43.74s Terminate com.corral.fleetnotifier:3843
    t =    44.84s Open com.corral.fleetnotifier
    t =    44.85s     Launch com.corral.fleetnotifier
2026-09-19 17:04:26.611 xcodebuild[94484:44059499] [MT] IDELaunchParametersSnapshot: The operation couldn’t be completed. (DebuggerLLDB.DebuggerVersionStore.StoreError error 0.)
2026-09-19 17:04:26.611 xcodebuild[94484:44059499] [MT] IDELaunchParametersSnapshot: no debugger version
    t =    46.06s         Setting up automation session
    t =    50.33s         Wait for com.corral.fleetnotifier to idle
    t =    58.84s Waiting 15.0s for "herd-field-repo:edge-meadow" ScrollView to exist
    t =    59.88s     Checking `Expect predicate `existsNoRetry == 1` for object "herd-field-repo:edge-meadow" ScrollView`
    t =    59.88s         Checking existence of `"herd-field-repo:edge-meadow" ScrollView`
    t =    60.58s Find the Target Application 'com.corral.fleetnotifier'
G568_CASE_BEGIN day-empty-reduced epoch=1789812281.865162 screen=(0.0, 0.0, 402.0, 874.0)
    t =    61.71s Waiting 5.0s for "g568-geometry" Other to exist
    t =    62.74s     Checking `Expect predicate `existsNoRetry == 1` for object "g568-geometry" Other`
    t =    62.74s         Checking existence of `"g568-geometry" Other`
    t =    62.82s Find the "g568-geometry" Other
G568_GEOMETRY epoch=1789812284.170912 {"updates":[],"samples":{"::edge-06":{"oversized":false,"viewport":[[0,361],[378,417]],"opacity":0,"group":[[12,910.5],[186,156.66666666666652]]},"::edge-05":{"oversized":false,"viewport":[[0,361],[378,417]],"opacity":0,"group":[[204,726.8333333333333],[186,156.66666666666674]]},"::edge-12":{"group":[[12,1442.5],[186,156.66666666666674]],"opacity":0,"oversized":false,"viewport":[[0,361],[378,417]]},"::edge-13":{"oversized":false,"viewport":[[0,361],[378,417]],"opacity":0,"group":[[204,1433],[186,175.66666666666674]]},"::edge-09":{"group":[[204,1084.6666666666665],[186,156.66666666666674]],"opacity":0,"oversized":false,"viewport":[[0,361],[378,417]]},"::edge-04":{"oversized":false,"viewport":[[0,361],[378,417]],"opacity":0,"group":[[12,717.3333333333333],[186,175.66666666666674]]},"::edge-11":{"group":[[204,1258.8333333333333],[186,156.66666666666674]],"opacity":0,"oversized":false,"viewport":[[0,361],[378,417]]},"::edge-08":{"group":[[12,1084.6666666666665],[186,156.66666666666674]],"opacity":0,"oversized":false,"viewport":[[0,361],[378,417]]},"::edge-00":{"oversized":false,"viewport":[[0,361],[378,417]],"opacity":1,"group":[[12,378.5],[186,156.66666666666663]]},"::edge-01":{"viewport":[[0,361],[378,417]],"oversized":false,"group":[[204,369],[186,175.66666666666663]],"opacity":1},"::edge-02":{"oversized":false,"viewport":[[0,361],[378,417]],"opacity":1,"group":[[12,552.6666666666667],[186,156.66666666666663]]},"::quiet":{"group":[[414,369],[186,156.66666666666663]],"opacity":1,"oversized":false,"viewport":[[0,361],[378,417]]},"::edge-10":{"group":[[12,1249.3333333333333],[186,175.66666666666674]],"opacity":0,"oversized":false,"viewport":[[0,361],[378,417]]},"::edge-07":{"viewport":[[0,361],[378,417]],"oversized":false,"group":[[204,901],[186,175.66666666666652]],"opacity":0},"::edge-03":{"oversized":false,"viewport":[[0,361],[378,417]],"opacity":1,"group":[[204,552.6666666666667],[186,156.66666666666663]]},"::edge-14":{"oversized":false,"viewport":[[0,361],[378,417]],"opacity":0,"group":[[12,1616.6666666666667],[186,156.66666666666674]]}}}
    t =    62.89s Added attachment named 'measured-geometry'
    t =    62.89s Find the Target Application 'com.corral.fleetnotifier'
    t =    62.95s Find the Target Application 'com.corral.fleetnotifier'
    t =    62.99s Find the Target Application 'com.corral.fleetnotifier'
    t =    63.05s Find the Target Application 'com.corral.fleetnotifier'
    t =    63.10s Find the Target Application 'com.corral.fleetnotifier'
    t =    63.15s Find the Target Application 'com.corral.fleetnotifier'
    t =    63.21s Find the Target Application 'com.corral.fleetnotifier'
    t =    63.26s Find the Target Application 'com.corral.fleetnotifier'
    t =    63.31s Find the Target Application 'com.corral.fleetnotifier'
    t =    63.35s Find the Target Application 'com.corral.fleetnotifier'
G568_PHASE day-empty-reduced-first-row epoch=1789812284.6834068
    t =    63.40s Find the Target Application 'com.corral.fleetnotifier'
    t =    63.80s Added attachment named 'day-empty-reduced-first-row'
G568_ACTION_BEGIN drag epoch=1789812285.07813
    t =    63.80s Press "herd-field-repo:edge-meadow" ScrollView[0.50, 0.18] for 0.1 seconds, then drag to "herd-field-repo:edge-meadow" ScrollView[0.50, 0.82] with velocity of 250.00 pixels per second, and then hold for 0.1 seconds 
    t =    63.80s     Wait for com.corral.fleetnotifier to idle
    t =    63.80s     Find the "herd-field-repo:edge-meadow" ScrollView
    t =    63.86s     Check for interrupting elements affecting "herd-field-repo:edge-meadow" ScrollView
    t =    63.93s     Synthesize event
    t =    63.94s         Find the "herd-field-repo:edge-meadow" ScrollView
    t =    64.02s         Find the "herd-field-repo:edge-meadow" ScrollView
    t =    64.50s         Find the "herd-field-repo:edge-meadow" ScrollView
    t =    64.59s         Find the "herd-field-repo:edge-meadow" ScrollView
    t =    64.68s         Find the "herd-field-repo:edge-meadow" ScrollView
    t =    66.30s     Wait for com.corral.fleetnotifier to idle
G568_ACTION_END drag epoch=1789812288.112726
    t =    67.84s Waiting 5.0s for "g568-geometry" Other to exist
    t =    68.89s     Checking `Expect predicate `existsNoRetry == 1` for object "g568-geometry" Other`
    t =    68.89s         Checking existence of `"g568-geometry" Other`
    t =    68.99s Find the "g568-geometry" Other
G568_GEOMETRY epoch=1789812290.359075 {"updates":[1789812285.348429,1789812289.375035],"samples":{"::edge-12":{"group":[[12,1442.5],[186,156.66666666666674]],"viewport":[[0,361],[378,417]],"opacity":0,"oversized":false},"::edge-01":{"group":[[204,369],[186,175.66666666666663]],"opacity":1,"oversized":false,"viewport":[[0,361],[378,417]]},"::edge-08":{"group":[[12,1084.6666666666665],[186,156.66666666666674]],"opacity":0,"oversized":false,"viewport":[[0,361],[378,417]]},"::edge-05":{"group":[[204,726.8333333333333],[186,156.66666666666674]],"opacity":0,"oversized":false,"viewport":[[0,361],[378,417]]},"::edge-04":{"group":[[12,717.3333333333333],[186,175.66666666666674]],"opacity":0,"oversized":false,"viewport":[[0,361],[378,417]]},"::edge-02":{"opacity":1,"oversized":false,"viewport":[[0,361],[378,417]],"group":[[12,552.6666666666667],[186,156.66666666666663]]},"::edge-10":{"group":[[12,1249.3333333333333],[186,175.66666666666674]],"opacity":0,"oversized":false,"viewport":[[0,361],[378,417]]},"::edge-13":{"group":[[204,1433],[186,175.66666666666674]],"opacity":0,"oversized":false,"viewport":[[0,361],[378,417]]},"::edge-09":{"group":[[204,1084.6666666666665],[186,156.66666666666674]],"viewport":[[0,361],[378,417]],"opacity":0,"oversized":false},"::edge-03":{"group":[[204,552.6666666666667],[186,156.66666666666663]],"opacity":1,"oversized":false,"viewport":[[0,361],[378,417]]},"::edge-00":{"group":[[12,378.5],[186,156.66666666666663]],"opacity":1,"oversized":false,"viewport":[[0,361],[378,417]]},"::edge-06":{"group":[[12,910.5],[186,156.66666666666652]],"opacity":0,"oversized":false,"viewport":[[0,361],[378,417]]},"::quiet":{"group":[[414,369],[186,156.66666666666663]],"opacity":1,"oversized":false,"viewport":[[0,361],[378,417]]},"::edge-11":{"group":[[204,1258.8333333333333],[186,156.66666666666674]],"opacity":0,"oversized":false,"viewport":[[0,361],[378,417]]},"::edge-14":{"group":[[12,1616.6666666666667],[186,156.66666666666674]],"opacity":0,"oversized":false,"viewport":[[0,361],[378,417]]},"::edge-07":{"opacity":0,"oversized":false,"viewport":[[0,361],[378,417]],"group":[[204,901],[186,175.66666666666652]]}}}
    t =    69.08s Added attachment named 'measured-geometry'
    t =    69.08s Find the Target Application 'com.corral.fleetnotifier'
    t =    69.13s Find the Target Application 'com.corral.fleetnotifier'
    t =    69.19s Find the Target Application 'com.corral.fleetnotifier'
    t =    69.26s Find the Target Application 'com.corral.fleetnotifier'
    t =    69.34s Find the Target Application 'com.corral.fleetnotifier'
    t =    69.41s Find the Target Application 'com.corral.fleetnotifier'
    t =    69.48s Find the Target Application 'com.corral.fleetnotifier'
    t =    69.56s Find the Target Application 'com.corral.fleetnotifier'
    t =    69.61s Find the Target Application 'com.corral.fleetnotifier'
    t =    69.67s Find the Target Application 'com.corral.fleetnotifier'
G568_PHASE day-empty-reduced-top-overscroll-settle epoch=1789812291.0227609
    t =    69.74s Find the Target Application 'com.corral.fleetnotifier'
    t =    70.17s Added attachment named 'day-empty-reduced-top-overscroll-settle'
G568_ACTION_BEGIN drag epoch=1789812291.457761
    t =    70.18s Press "herd-field-repo:edge-meadow" ScrollView[0.50, 0.82] for 0.1 seconds, then drag to "herd-field-repo:edge-meadow" ScrollView[0.50, 0.18] with velocity of 250.00 pixels per second, and then hold for 0.1 seconds 
    t =    70.18s     Wait for com.corral.fleetnotifier to idle
    t =    70.19s     Find the "herd-field-repo:edge-meadow" ScrollView
    t =    70.26s     Check for interrupting elements affecting "herd-field-repo:edge-meadow" ScrollView
    t =    70.34s     Synthesize event
    t =    70.34s         Find the "herd-field-repo:edge-meadow" ScrollView
    t =    70.41s         Find the "herd-field-repo:edge-meadow" ScrollView
    t =    70.50s         Find the "herd-field-repo:edge-meadow" ScrollView
    t =    70.59s         Find the "herd-field-repo:edge-meadow" ScrollView
    t =    70.69s         Find the "herd-field-repo:edge-meadow" ScrollView
    t =    72.31s     Wait for com.corral.fleetnotifier to idle
G568_ACTION_END drag epoch=1789812294.078349
G568_ACTION_BEGIN drag epoch=1789812294.078414
    t =    72.82s Press "herd-field-repo:edge-meadow" ScrollView[0.50, 0.18] for 0.1 seconds, then drag to "herd-field-repo:edge-meadow" ScrollView[0.50, 0.82] with velocity of 250.00 pixels per second, and then hold for 0.1 seconds 
    t =    72.82s     Wait for com.corral.fleetnotifier to idle
    t =    72.83s     Find the "herd-field-repo:edge-meadow" ScrollView
    t =    73.01s     Check for interrupting elements affecting "herd-field-repo:edge-meadow" ScrollView
    t =    73.14s     Synthesize event
    t =    73.15s         Find the "herd-field-repo:edge-meadow" ScrollView
    t =    73.39s         Find the "herd-field-repo:edge-meadow" ScrollView
    t =    73.69s         Find the "herd-field-repo:edge-meadow" ScrollView
    t =    73.86s         Find the "herd-field-repo:edge-meadow" ScrollView
    t =    73.99s         Find the "herd-field-repo:edge-meadow" ScrollView
    t =    75.66s     Wait for com.corral.fleetnotifier to idle
G568_ACTION_END drag epoch=1789812297.500939
    t =    77.22s Waiting 5.0s for "g568-geometry" Other to exist
    t =    78.29s     Checking `Expect predicate `existsNoRetry == 1` for object "g568-geometry" Other`
    t =    78.30s         Checking existence of `"g568-geometry" Other`
    t =    78.38s Find the "g568-geometry" Other
G568_GEOMETRY epoch=1789812299.802851 {"updates":[1789812285.348429,1789812289.375035,1789812293.463982,1789812297.502121],"samples":{"::edge-10":{"viewport":[[0,361],[378,417]],"group":[[12,1249.3333333333333],[186,175.66666666666674]],"opacity":0,"oversized":false},"::edge-00":{"opacity":1,"oversized":false,"viewport":[[0,361],[378,417]],"group":[[12,378.5],[186,156.66666666666663]]},"::edge-09":{"opacity":0,"oversized":false,"viewport":[[0,361],[378,417]],"group":[[204,1084.6666666666665],[186,156.66666666666674]]},"::edge-02":{"viewport":[[0,361],[378,417]],"group":[[12,552.6666666666667],[186,156.66666666666663]],"opacity":1,"oversized":false},"::edge-14":{"viewport":[[0,361],[378,417]],"group":[[12,1616.6666666666667],[186,156.66666666666674]],"opacity":0,"oversized":false},"::edge-13":{"oversized":false,"opacity":0,"viewport":[[0,361],[378,417]],"group":[[204,1433],[186,175.66666666666674]]},"::edge-06":{"oversized":false,"opacity":0,"viewport":[[0,361],[378,417]],"group":[[12,910.5],[186,156.66666666666652]]},"::quiet":{"oversized":false,"opacity":1,"viewport":[[0,361],[378,417]],"group":[[414,369],[186,156.66666666666663]]},"::edge-04":{"viewport":[[0,361],[378,417]],"group":[[12,717.3333333333333],[186,175.66666666666674]],"opacity":0,"oversized":false},"::edge-03":{"viewport":[[0,361],[378,417]],"group":[[204,552.6666666666667],[186,156.66666666666663]],"opacity":1,"oversized":false},"::edge-08":{"viewport":[[0,361],[378,417]],"group":[[12,1084.6666666666665],[186,156.66666666666674]],"opacity":0,"oversized":false},"::edge-05":{"viewport":[[0,361],[378,417]],"group":[[204,726.8333333333333],[186,156.66666666666674]],"opacity":0,"oversized":false},"::edge-11":{"opacity":0,"oversized":false,"viewport":[[0,361],[378,417]],"group":[[204,1258.8333333333333],[186,156.66666666666674]]},"::edge-01":{"viewport":[[0,361],[378,417]],"group":[[204,369],[186,175.66666666666663]],"opacity":1,"oversized":false},"::edge-07":{"viewport":[[0,361],[378,417]],"group":[[204,901],[186,175.66666666666652]],"opacity":0,"oversized":false},"::edge-12":{"viewport":[[0,361],[378,417]],"group":[[12,1442.5],[186,156.66666666666674]],"opacity":0,"oversized":false}}}
    t =    78.54s Added attachment named 'measured-geometry'
    t =    78.54s Find the Target Application 'com.corral.fleetnotifier'
    t =    78.60s Find the Target Application 'com.corral.fleetnotifier'
    t =    78.81s Find the Target Application 'com.corral.fleetnotifier'
    t =    78.88s Find the Target Application 'com.corral.fleetnotifier'
    t =    79.08s Find the Target Application 'com.corral.fleetnotifier'
    t =    79.15s Find the Target Application 'com.corral.fleetnotifier'
    t =    79.21s Find the Target Application 'com.corral.fleetnotifier'
    t =    79.28s Find the Target Application 'com.corral.fleetnotifier'
    t =    79.35s Find the Target Application 'com.corral.fleetnotifier'
    t =    79.43s Find the Target Application 'com.corral.fleetnotifier'
G568_PHASE day-empty-reduced-top-reversal-settle epoch=1789812300.7679071
    t =    79.49s Find the Target Application 'com.corral.fleetnotifier'
    t =    79.90s Added attachment named 'day-empty-reduced-top-reversal-settle'
    t =    79.91s Swipe up "herd-field-repo:edge-meadow" ScrollView
    t =    79.91s     Wait for com.corral.fleetnotifier to idle
    t =    79.92s     Find the "herd-field-repo:edge-meadow" ScrollView
    t =    80.00s     Check for interrupting elements affecting "herd-field-repo:edge-meadow" ScrollView
    t =    80.07s     Synthesize event
    t =    80.66s     Wait for com.corral.fleetnotifier to idle
    t =    83.00s Swipe up "herd-field-repo:edge-meadow" ScrollView
    t =    83.00s     Wait for com.corral.fleetnotifier to idle
    t =    83.01s     Find the "herd-field-repo:edge-meadow" ScrollView
    t =    83.12s     Check for interrupting elements affecting "herd-field-repo:edge-meadow" ScrollView
    t =    83.39s     Synthesize event
    t =    84.52s     Wait for com.corral.fleetnotifier to idle
    t =    85.58s Swipe up "herd-field-repo:edge-meadow" ScrollView
    t =    85.58s     Wait for com.corral.fleetnotifier to idle
    t =    85.59s     Find the "herd-field-repo:edge-meadow" ScrollView
    t =    85.88s     Check for interrupting elements affecting "herd-field-repo:edge-meadow" ScrollView
    t =    86.00s     Synthesize event
    t =    86.60s     Wait for com.corral.fleetnotifier to idle
    t =    87.26s Swipe up "herd-field-repo:edge-meadow" ScrollView
    t =    87.26s     Wait for com.corral.fleetnotifier to idle
    t =    87.27s     Find the "herd-field-repo:edge-meadow" ScrollView
    t =    88.02s     Check for interrupting elements affecting "herd-field-repo:edge-meadow" ScrollView
    t =    88.27s     Synthesize event
    t =    88.94s     Wait for com.corral.fleetnotifier to idle
    t =    89.64s Swipe up "herd-field-repo:edge-meadow" ScrollView
    t =    89.64s     Wait for com.corral.fleetnotifier to idle
    t =    89.66s     Find the "herd-field-repo:edge-meadow" ScrollView
    t =    89.76s     Check for interrupting elements affecting "herd-field-repo:edge-meadow" ScrollView
    t =    89.93s     Synthesize event
    t =    90.49s     Wait for com.corral.fleetnotifier to idle
    t =    92.12s Waiting 5.0s for "g568-geometry" Other to exist
    t =    93.17s     Checking `Expect predicate `existsNoRetry == 1` for object "g568-geometry" Other`
    t =    93.17s         Checking existence of `"g568-geometry" Other`
    t =    93.26s Find the "g568-geometry" Other
G568_GEOMETRY epoch=1789812314.630482 {"samples":{"::edge-10":{"opacity":0,"group":[[12,1.3333333333332575],[186,175.66666666666674]],"viewport":[[0,361],[378,417]],"oversized":false},"::edge-00":{"opacity":0,"oversized":false,"group":[[12,-869.5],[186,156.66666666666674]],"viewport":[[0,361],[378,417]]},"::edge-05":{"viewport":[[0,361],[378,417]],"group":[[204,-521.1666666666667],[186,156.66666666666674]],"opacity":0,"oversized":false},"::edge-01":{"viewport":[[0,361],[378,417]],"opacity":0,"group":[[204,-879],[186,175.66666666666674]],"oversized":false},"::edge-09":{"viewport":[[0,361],[378,417]],"opacity":0,"group":[[204,-163.33333333333337],[186,156.66666666666663]],"oversized":false},"::edge-11":{"viewport":[[0,361],[378,417]],"opacity":0,"group":[[204,10.833333333333258],[186,156.66666666666674]],"oversized":false},"::edge-13":{"opacity":0,"oversized":false,"group":[[204,185],[186,175.66666666666674]],"viewport":[[0,361],[378,417]]},"::edge-06":{"viewport":[[0,361],[378,417]],"opacity":0,"group":[[12,-337.5],[186,156.66666666666663]],"oversized":false},"::edge-03":{"opacity":0,"group":[[204,-695.3333333333333],[186,156.66666666666663]],"viewport":[[0,361],[378,417]],"oversized":false},"::edge-14":{"viewport":[[0,361],[378,417]],"opacity":0.9523809523809632,"group":[[12,368.66666666666674],[186,156.66666666666674]],"oversized":false},"::edge-08":{"viewport":[[0,361],[378,417]],"opacity":0,"group":[[12,-163.33333333333337],[186,156.66666666666663]],"oversized":false},"::edge-07":{"opacity":0,"group":[[204,-347],[186,175.66666666666663]],"viewport":[[0,361],[378,417]],"oversized":false},"::edge-04":{"viewport":[[0,361],[378,417]],"group":[[12,-530.6666666666667],[186,175.66666666666674]],"opacity":0,"oversized":false},"::quiet":{"viewport":[[0,361],[378,417]],"opacity":1,"group":[[414,369],[186,156.66666666666663]],"oversized":false},"::edge-02":{"opacity":0,"group":[[12,-695.3333333333333],[186,156.66666666666663]],"viewport":[[0,361],[378,417]],"oversized":false},"::edge-12":{"viewport":[[0,361],[378,417]],"opacity":0,"group":[[12,194.5],[186,156.66666666666674]],"oversized":false}},"updates":[1789812285.348429,1789812289.375035,1789812293.463982,1789812297.502121]}
    t =    93.35s Added attachment named 'measured-geometry'
    t =    93.35s Find the Target Application 'com.corral.fleetnotifier'
    t =    93.42s Find the Target Application 'com.corral.fleetnotifier'
    t =    93.47s Find the Target Application 'com.corral.fleetnotifier'
    t =    93.53s Find the Target Application 'com.corral.fleetnotifier'
G568_PHASE day-empty-reduced-bottom-flick-settle epoch=1789812314.8643398
    t =    93.58s Find the Target Application 'com.corral.fleetnotifier'
    t =    93.99s Added attachment named 'day-empty-reduced-bottom-flick-settle'
    t =    93.99s Waiting 5.0s for "g568-geometry" Other to exist
    t =    95.01s     Checking `Expect predicate `existsNoRetry == 1` for object "g568-geometry" Other`
    t =    95.01s         Checking existence of `"g568-geometry" Other`
    t =    95.08s Find the "g568-geometry" Other
G568_GEOMETRY epoch=1789812316.441402 {"samples":{"::edge-10":{"opacity":0,"group":[[12,1.3333333333332575],[186,175.66666666666674]],"viewport":[[0,361],[378,417]],"oversized":false},"::edge-00":{"opacity":0,"oversized":false,"group":[[12,-869.5],[186,156.66666666666674]],"viewport":[[0,361],[378,417]]},"::edge-05":{"viewport":[[0,361],[378,417]],"group":[[204,-521.1666666666667],[186,156.66666666666674]],"opacity":0,"oversized":false},"::edge-01":{"viewport":[[0,361],[378,417]],"opacity":0,"group":[[204,-879],[186,175.66666666666674]],"oversized":false},"::edge-09":{"viewport":[[0,361],[378,417]],"opacity":0,"group":[[204,-163.33333333333337],[186,156.66666666666663]],"oversized":false},"::edge-11":{"viewport":[[0,361],[378,417]],"opacity":0,"group":[[204,10.833333333333258],[186,156.66666666666674]],"oversized":false},"::edge-13":{"opacity":0,"oversized":false,"group":[[204,185],[186,175.66666666666674]],"viewport":[[0,361],[378,417]]},"::edge-06":{"viewport":[[0,361],[378,417]],"opacity":0,"group":[[12,-337.5],[186,156.66666666666663]],"oversized":false},"::edge-03":{"opacity":0,"group":[[204,-695.3333333333333],[186,156.66666666666663]],"viewport":[[0,361],[378,417]],"oversized":false},"::edge-14":{"viewport":[[0,361],[378,417]],"opacity":0.9523809523809632,"group":[[12,368.66666666666674],[186,156.66666666666674]],"oversized":false},"::edge-08":{"viewport":[[0,361],[378,417]],"opacity":0,"group":[[12,-163.33333333333337],[186,156.66666666666663]],"oversized":false},"::edge-07":{"opacity":0,"group":[[204,-347],[186,175.66666666666663]],"viewport":[[0,361],[378,417]],"oversized":false},"::edge-04":{"viewport":[[0,361],[378,417]],"group":[[12,-530.6666666666667],[186,175.66666666666674]],"opacity":0,"oversized":false},"::quiet":{"viewport":[[0,361],[378,417]],"opacity":1,"group":[[414,369],[186,156.66666666666663]],"oversized":false},"::edge-02":{"opacity":0,"group":[[12,-695.3333333333333],[186,156.66666666666663]],"viewport":[[0,361],[378,417]],"oversized":false},"::edge-12":{"viewport":[[0,361],[378,417]],"opacity":0,"group":[[12,194.5],[186,156.66666666666674]],"oversized":false}},"updates":[1789812285.348429,1789812289.375035,1789812293.463982,1789812297.502121]}
    t =    95.16s Added attachment named 'measured-geometry'
G568_ACTION_BEGIN drag epoch=1789812316.443855
    t =    95.16s Press "herd-field-repo:edge-meadow" ScrollView[0.50, 0.82] for 0.1 seconds, then drag to "herd-field-repo:edge-meadow" ScrollView[0.50, 0.18] with velocity of 250.00 pixels per second, and then hold for 0.1 seconds 
    t =    95.16s     Wait for com.corral.fleetnotifier to idle
    t =    95.17s     Find the "herd-field-repo:edge-meadow" ScrollView
    t =    95.23s     Check for interrupting elements affecting "herd-field-repo:edge-meadow" ScrollView
    t =    95.30s     Synthesize event
    t =    95.31s         Find the "herd-field-repo:edge-meadow" ScrollView
    t =    95.38s         Find the "herd-field-repo:edge-meadow" ScrollView
    t =    95.51s         Find the "herd-field-repo:edge-meadow" ScrollView
    t =    95.60s         Find the "herd-field-repo:edge-meadow" ScrollView
    t =    95.69s         Find the "herd-field-repo:edge-meadow" ScrollView
    t =    97.31s     Wait for com.corral.fleetnotifier to idle
G568_ACTION_END drag epoch=1789812319.129909
    t =    98.86s Waiting 5.0s for "g568-geometry" Other to exist
    t =    99.88s     Checking `Expect predicate `existsNoRetry == 1` for object "g568-geometry" Other`
    t =    99.88s         Checking existence of `"g568-geometry" Other`
    t =    99.95s Find the "g568-geometry" Other
G568_GEOMETRY epoch=1789812321.290347 {"samples":{"::quiet":{"viewport":[[0,361],[378,417]],"oversized":false,"opacity":1,"group":[[414,369],[186,156.66666666666663]]},"::edge-11":{"oversized":false,"viewport":[[0,361],[378,417]],"opacity":0,"group":[[204,10.833333333333258],[186,156.66666666666674]]},"::edge-03":{"oversized":false,"viewport":[[0,361],[378,417]],"opacity":0,"group":[[204,-695.3333333333333],[186,156.66666666666663]]},"::edge-02":{"oversized":false,"opacity":0,"viewport":[[0,361],[378,417]],"group":[[12,-695.3333333333333],[186,156.66666666666663]]},"::edge-01":{"oversized":false,"viewport":[[0,361],[378,417]],"opacity":0,"group":[[204,-879],[186,175.66666666666674]]},"::edge-06":{"viewport":[[0,361],[378,417]],"oversized":false,"opacity":0,"group":[[12,-337.5],[186,156.66666666666663]]},"::edge-05":{"oversized":false,"viewport":[[0,361],[378,417]],"opacity":0,"group":[[204,-521.1666666666667],[186,156.66666666666674]]},"::edge-12":{"oversized":false,"opacity":0,"viewport":[[0,361],[378,417]],"group":[[12,194.5],[186,156.66666666666674]]},"::edge-09":{"oversized":false,"viewport":[[0,361],[378,417]],"opacity":0,"group":[[204,-163.33333333333337],[186,156.66666666666663]]},"::edge-00":{"oversized":false,"viewport":[[0,361],[378,417]],"opacity":0,"group":[[12,-869.5],[186,156.66666666666674]]},"::edge-07":{"oversized":false,"viewport":[[0,361],[378,417]],"opacity":0,"group":[[204,-347],[186,175.66666666666663]]},"::edge-08":{"oversized":false,"viewport":[[0,361],[378,417]],"opacity":0,"group":[[12,-163.33333333333337],[186,156.66666666666663]]},"::edge-13":{"oversized":false,"opacity":0,"viewport":[[0,361],[378,417]],"group":[[204,185],[186,175.66666666666674]]},"::edge-04":{"oversized":false,"viewport":[[0,361],[378,417]],"opacity":0,"group":[[12,-530.6666666666667],[186,175.66666666666674]]},"::edge-10":{"oversized":false,"viewport":[[0,361],[378,417]],"opacity":0,"group":[[12,1.3333333333332575],[186,175.66666666666674]]},"::edge-14":{"oversized":false,"viewport":[[0,361],[378,417]],"opacity":0.9523809523809632,"group":[[12,368.66666666666674],[186,156.66666666666674]]}},"updates":[1789812285.348429,1789812289.375035,1789812293.463982,1789812297.502121]}
    t =   100.01s Added attachment named 'measured-geometry'
    t =   100.01s Find the Target Application 'com.corral.fleetnotifier'
    t =   100.06s Find the Target Application 'com.corral.fleetnotifier'
    t =   100.11s Find the Target Application 'com.corral.fleetnotifier'
    t =   100.16s Find the Target Application 'com.corral.fleetnotifier'
G568_PHASE day-empty-reduced-bottom-overscroll-settle epoch=1789812321.4880052
    t =   100.21s Find the Target Application 'com.corral.fleetnotifier'
    t =   100.56s Added attachment named 'day-empty-reduced-bottom-overscroll-settle'
G568_ACTION_BEGIN drag epoch=1789812321.845784
    t =   100.57s Press "herd-field-repo:edge-meadow" ScrollView[0.50, 0.18] for 0.1 seconds, then drag to "herd-field-repo:edge-meadow" ScrollView[0.50, 0.82] with velocity of 250.00 pixels per second, and then hold for 0.1 seconds 
    t =   100.57s     Wait for com.corral.fleetnotifier to idle
    t =   100.58s     Find the "herd-field-repo:edge-meadow" ScrollView
    t =   100.64s     Check for interrupting elements affecting "herd-field-repo:edge-meadow" ScrollView
    t =   100.71s     Synthesize event
    t =   100.72s         Find the "herd-field-repo:edge-meadow" ScrollView
    t =   100.79s         Find the "herd-field-repo:edge-meadow" ScrollView
    t =   100.88s         Find the "herd-field-repo:edge-meadow" ScrollView
    t =   100.98s         Find the "herd-field-repo:edge-meadow" ScrollView
    t =   101.07s         Find the "herd-field-repo:edge-meadow" ScrollView
    t =   102.71s     Wait for com.corral.fleetnotifier to idle
G568_ACTION_END drag epoch=1789812324.2836452
G568_ACTION_BEGIN drag epoch=1789812324.283721
    t =   103.02s Press "herd-field-repo:edge-meadow" ScrollView[0.50, 0.82] for 0.1 seconds, then drag to "herd-field-repo:edge-meadow" ScrollView[0.50, 0.18] with velocity of 250.00 pixels per second, and then hold for 0.1 seconds 
    t =   103.02s     Wait for com.corral.fleetnotifier to idle
    t =   103.03s     Find the "herd-field-repo:edge-meadow" ScrollView
    t =   103.22s     Check for interrupting elements affecting "herd-field-repo:edge-meadow" ScrollView
    t =   103.30s     Synthesize event
    t =   103.31s         Find the "herd-field-repo:edge-meadow" ScrollView
    t =   103.39s         Find the "herd-field-repo:edge-meadow" ScrollView
    t =   103.53s         Find the "herd-field-repo:edge-meadow" ScrollView
    t =   103.62s         Find the "herd-field-repo:edge-meadow" ScrollView
    t =   103.74s         Find the "herd-field-repo:edge-meadow" ScrollView
    t =   105.43s     Wait for com.corral.fleetnotifier to idle
G568_ACTION_END drag epoch=1789812327.1762052
    t =   106.90s Waiting 5.0s for "g568-geometry" Other to exist
    t =   107.98s     Checking `Expect predicate `existsNoRetry == 1` for object "g568-geometry" Other`
    t =   107.98s         Checking existence of `"g568-geometry" Other`
    t =   108.06s Find the "g568-geometry" Other
G568_GEOMETRY epoch=1789812329.409155 {"updates":[1789812285.348429,1789812289.375035,1789812293.463982,1789812297.502121],"samples":{"::quiet":{"viewport":[[0,361],[378,417]],"oversized":false,"group":[[414,369],[186,156.66666666666663]],"opacity":1},"::edge-06":{"group":[[12,-337.5],[186,156.66666666666663]],"oversized":false,"opacity":0,"viewport":[[0,361],[378,417]]},"::edge-04":{"group":[[12,-530.6666666666667],[186,175.66666666666674]],"oversized":false,"opacity":0,"viewport":[[0,361],[378,417]]},"::edge-10":{"group":[[12,1.3333333333332575],[186,175.66666666666674]],"oversized":false,"opacity":0,"viewport":[[0,361],[378,417]]},"::edge-03":{"viewport":[[0,361],[378,417]],"opacity":0,"group":[[204,-695.3333333333333],[186,156.66666666666663]],"oversized":false},"::edge-05":{"oversized":false,"group":[[204,-521.1666666666667],[186,156.66666666666674]],"viewport":[[0,361],[378,417]],"opacity":0},"::edge-13":{"group":[[204,185],[186,175.66666666666674]],"oversized":false,"opacity":0,"viewport":[[0,361],[378,417]]},"::edge-11":{"viewport":[[0,361],[378,417]],"opacity":0,"group":[[204,10.833333333333258],[186,156.66666666666674]],"oversized":false},"::edge-07":{"group":[[204,-347],[186,175.66666666666663]],"oversized":false,"opacity":0,"viewport":[[0,361],[378,417]]},"::edge-12":{"oversized":false,"group":[[12,194.5],[186,156.66666666666674]],"viewport":[[0,361],[378,417]],"opacity":0},"::edge-14":{"oversized":false,"group":[[12,368.66666666666674],[186,156.66666666666674]],"viewport":[[0,361],[378,417]],"opacity":0.9523809523809632},"::edge-02":{"group":[[12,-695.3333333333333],[186,156.66666666666663]],"oversized":false,"opacity":0,"viewport":[[0,361],[378,417]]},"::edge-09":{"group":[[204,-163.33333333333337],[186,156.66666666666663]],"oversized":false,"opacity":0,"viewport":[[0,361],[378,417]]},"::edge-00":{"viewport":[[0,361],[378,417]],"oversized":false,"group":[[12,-869.5],[186,156.66666666666674]],"opacity":0},"::edge-01":{"viewport":[[0,361],[378,417]],"oversized":false,"group":[[204,-879],[186,175.66666666666674]],"opacity":0},"::edge-08":{"viewport":[[0,361],[378,417]],"oversized":false,"group":[[12,-163.33333333333337],[186,156.66666666666663]],"opacity":0}}}
    t =   108.13s Added attachment named 'measured-geometry'
    t =   108.13s Find the Target Application 'com.corral.fleetnotifier'
    t =   108.19s Find the Target Application 'com.corral.fleetnotifier'
    t =   108.35s Find the Target Application 'com.corral.fleetnotifier'
    t =   108.39s Find the Target Application 'com.corral.fleetnotifier'
G568_PHASE day-empty-reduced-bottom-reversal-settle epoch=1789812329.70999
    t =   108.43s Find the Target Application 'com.corral.fleetnotifier'
    t =   108.83s Added attachment named 'day-empty-reduced-bottom-reversal-settle'
    t =   108.87s Swipe down "herd-field-repo:edge-meadow" ScrollView
    t =   108.87s     Wait for com.corral.fleetnotifier to idle
    t =   108.88s     Find the "herd-field-repo:edge-meadow" ScrollView
    t =   108.97s     Check for interrupting elements affecting "herd-field-repo:edge-meadow" ScrollView
    t =   109.06s     Synthesize event
    t =   109.63s     Wait for com.corral.fleetnotifier to idle
    t =   111.95s Swipe down "herd-field-repo:edge-meadow" ScrollView
    t =   111.95s     Wait for com.corral.fleetnotifier to idle
    t =   112.00s     Find the "herd-field-repo:edge-meadow" ScrollView
    t =   112.26s     Check for interrupting elements affecting "herd-field-repo:edge-meadow" ScrollView
    t =   112.44s     Synthesize event
    t =   113.04s     Wait for com.corral.fleetnotifier to idle
    t =   114.16s Swipe down "herd-field-repo:edge-meadow" ScrollView
    t =   114.16s     Wait for com.corral.fleetnotifier to idle
    t =   114.18s     Find the "herd-field-repo:edge-meadow" ScrollView
    t =   114.38s     Check for interrupting elements affecting "herd-field-repo:edge-meadow" ScrollView
    t =   114.57s     Synthesize event
    t =   115.57s     Wait for com.corral.fleetnotifier to idle
    t =   116.18s Swipe down "herd-field-repo:edge-meadow" ScrollView
    t =   116.18s     Wait for com.corral.fleetnotifier to idle
    t =   116.19s     Find the "herd-field-repo:edge-meadow" ScrollView
    t =   116.38s     Check for interrupting elements affecting "herd-field-repo:edge-meadow" ScrollView
    t =   116.77s     Synthesize event
    t =   117.80s     Wait for com.corral.fleetnotifier to idle
    t =   118.46s Swipe down "herd-field-repo:edge-meadow" ScrollView
    t =   118.46s     Wait for com.corral.fleetnotifier to idle
    t =   118.47s     Find the "herd-field-repo:edge-meadow" ScrollView
    t =   118.60s     Check for interrupting elements affecting "herd-field-repo:edge-meadow" ScrollView
    t =   118.83s     Synthesize event
    t =   120.02s     Wait for com.corral.fleetnotifier to idle
    t =   121.80s Waiting 5.0s for "g568-geometry" Other to exist
    t =   122.88s     Checking `Expect predicate `existsNoRetry == 1` for object "g568-geometry" Other`
    t =   122.88s         Checking existence of `"g568-geometry" Other`
    t =   123.04s Find the "g568-geometry" Other
G568_GEOMETRY epoch=1789812344.563371 {"updates":[1789812285.348429,1789812289.375035,1789812293.463982,1789812297.502121],"samples":{"::edge-00":{"viewport":[[0,361],[378,417]],"group":[[12,378.8333333333333],[186,156.66666666666669]],"opacity":1,"oversized":false},"::edge-10":{"viewport":[[0,361],[378,417]],"group":[[12,1249.6666666666665],[186,175.66666666666674]],"opacity":0,"oversized":false},"::edge-01":{"viewport":[[0,361],[378,417]],"opacity":1,"group":[[204,369.3333333333333],[186,175.66666666666669]],"oversized":false},"::edge-07":{"viewport":[[0,361],[378,417]],"group":[[204,901.3333333333334],[186,175.66666666666663]],"opacity":0,"oversized":false},"::edge-04":{"viewport":[[0,361],[378,417]],"opacity":0,"group":[[12,717.6666666666666],[186,175.66666666666674]],"oversized":false},"::quiet":{"viewport":[[0,361],[378,417]],"opacity":1,"group":[[414,369],[186,156.66666666666663]],"oversized":false},"::edge-06":{"viewport":[[0,361],[378,417]],"opacity":0,"group":[[12,910.8333333333334],[186,156.66666666666663]],"oversized":false},"::edge-13":{"viewport":[[0,361],[378,417]],"group":[[204,1433.3333333333333],[186,175.66666666666674]],"opacity":0,"oversized":false},"::edge-12":{"viewport":[[0,361],[378,417]],"group":[[12,1442.8333333333333],[186,156.66666666666674]],"opacity":0,"oversized":false},"::edge-05":{"opacity":0,"viewport":[[0,361],[378,417]],"oversized":false,"group":[[204,727.1666666666666],[186,156.66666666666674]]},"::edge-08":{"viewport":[[0,361],[378,417]],"group":[[12,1085],[186,156.66666666666652]],"opacity":0,"oversized":false},"::edge-03":{"opacity":1,"viewport":[[0,361],[378,417]],"oversized":false,"group":[[204,553],[186,156.66666666666674]]},"::edge-02":{"opacity":1,"viewport":[[0,361],[378,417]],"oversized":false,"group":[[12,553],[186,156.66666666666674]]},"::edge-11":{"viewport":[[0,361],[378,417]],"opacity":0,"group":[[204,1259.1666666666665],[186,156.66666666666674]],"oversized":false},"::edge-09":{"opacity":0,"viewport":[[0,361],[378,417]],"oversized":false,"group":[[204,1085],[186,156.66666666666652]]},"::edge-14":{"viewport":[[0,361],[378,417]],"opacity":0,"group":[[12,1617],[186,156.66666666666674]],"oversized":false}}}
    t =   123.28s Added attachment named 'measured-geometry'
    t =   123.28s Find the Target Application 'com.corral.fleetnotifier'
    t =   123.44s Find the Target Application 'com.corral.fleetnotifier'
    t =   123.50s Find the Target Application 'com.corral.fleetnotifier'
    t =   123.56s Find the Target Application 'com.corral.fleetnotifier'
    t =   123.61s Find the Target Application 'com.corral.fleetnotifier'
    t =   123.67s Find the Target Application 'com.corral.fleetnotifier'
    t =   123.72s Find the Target Application 'com.corral.fleetnotifier'
    t =   123.78s Find the Target Application 'com.corral.fleetnotifier'
    t =   123.83s Find the Target Application 'com.corral.fleetnotifier'
    t =   123.88s Find the Target Application 'com.corral.fleetnotifier'
G568_PHASE day-empty-reduced-top-flick-settle epoch=1789812345.2103438
    t =   123.93s Find the Target Application 'com.corral.fleetnotifier'
    t =   124.30s Added attachment named 'day-empty-reduced-top-flick-settle'
    t =   124.30s Waiting 5.0s for "g568-geometry" Other to exist
    t =   125.38s     Checking `Expect predicate `existsNoRetry == 1` for object "g568-geometry" Other`
    t =   125.38s         Checking existence of `"g568-geometry" Other`
    t =   125.52s Find the "g568-geometry" Other
G568_GEOMETRY epoch=1789812346.924932 {"updates":[1789812285.348429,1789812289.375035,1789812293.463982,1789812297.502121],"samples":{"::edge-00":{"viewport":[[0,361],[378,417]],"group":[[12,378.8333333333333],[186,156.66666666666669]],"opacity":1,"oversized":false},"::edge-10":{"viewport":[[0,361],[378,417]],"group":[[12,1249.6666666666665],[186,175.66666666666674]],"opacity":0,"oversized":false},"::edge-01":{"viewport":[[0,361],[378,417]],"opacity":1,"group":[[204,369.3333333333333],[186,175.66666666666669]],"oversized":false},"::edge-07":{"viewport":[[0,361],[378,417]],"group":[[204,901.3333333333334],[186,175.66666666666663]],"opacity":0,"oversized":false},"::edge-04":{"viewport":[[0,361],[378,417]],"opacity":0,"group":[[12,717.6666666666666],[186,175.66666666666674]],"oversized":false},"::quiet":{"viewport":[[0,361],[378,417]],"opacity":1,"group":[[414,369],[186,156.66666666666663]],"oversized":false},"::edge-06":{"viewport":[[0,361],[378,417]],"opacity":0,"group":[[12,910.8333333333334],[186,156.66666666666663]],"oversized":false},"::edge-13":{"viewport":[[0,361],[378,417]],"group":[[204,1433.3333333333333],[186,175.66666666666674]],"opacity":0,"oversized":false},"::edge-12":{"viewport":[[0,361],[378,417]],"group":[[12,1442.8333333333333],[186,156.66666666666674]],"opacity":0,"oversized":false},"::edge-05":{"opacity":0,"viewport":[[0,361],[378,417]],"oversized":false,"group":[[204,727.1666666666666],[186,156.66666666666674]]},"::edge-08":{"viewport":[[0,361],[378,417]],"group":[[12,1085],[186,156.66666666666652]],"opacity":0,"oversized":false},"::edge-03":{"opacity":1,"viewport":[[0,361],[378,417]],"oversized":false,"group":[[204,553],[186,156.66666666666674]]},"::edge-02":{"opacity":1,"viewport":[[0,361],[378,417]],"oversized":false,"group":[[12,553],[186,156.66666666666674]]},"::edge-11":{"viewport":[[0,361],[378,417]],"opacity":0,"group":[[204,1259.1666666666665],[186,156.66666666666674]],"oversized":false},"::edge-09":{"opacity":0,"viewport":[[0,361],[378,417]],"oversized":false,"group":[[204,1085],[186,156.66666666666652]]},"::edge-14":{"viewport":[[0,361],[378,417]],"opacity":0,"group":[[12,1617],[186,156.66666666666674]],"oversized":false}}}
    t =   125.65s Added attachment named 'measured-geometry'
    t =   125.65s Find the "herd-next" Button
    t =   125.75s Tap "herd-next" Button
    t =   125.75s     Wait for com.corral.fleetnotifier to idle
    t =   125.76s     Find the "herd-next" Button
    t =   125.90s     Check for interrupting elements affecting "herd-next" Button
    t =   126.02s     Synthesize event
    t =   126.35s     Wait for com.corral.fleetnotifier to idle
    t =   126.51s Waiting 5.0s for "herd-field-repo:quiet-meadow" ScrollView to exist
    t =   127.56s     Checking `Expect predicate `existsNoRetry == 1` for object "herd-field-repo:quiet-meadow" ScrollView`
    t =   127.56s         Checking existence of `"herd-field-repo:quiet-meadow" ScrollView`
    t =   127.82s Tap "herd-previous" Button
    t =   127.82s     Wait for com.corral.fleetnotifier to idle
    t =   127.82s     Find the "herd-previous" Button
    t =   128.10s     Check for interrupting elements affecting "herd-previous" Button
    t =   128.32s     Synthesize event
    t =   128.67s     Wait for com.corral.fleetnotifier to idle
    t =   128.68s Waiting 5.0s for "herd-field-repo:edge-meadow" ScrollView to exist
    t =   129.74s     Checking `Expect predicate `existsNoRetry == 1` for object "herd-field-repo:edge-meadow" ScrollView`
    t =   129.74s         Checking existence of `"herd-field-repo:edge-meadow" ScrollView`
    t =   129.97s Swipe left "herd-field-repo:edge-meadow" ScrollView
    t =   129.97s     Wait for com.corral.fleetnotifier to idle
    t =   129.98s     Find the "herd-field-repo:edge-meadow" ScrollView
    t =   130.16s     Check for interrupting elements affecting "herd-field-repo:edge-meadow" ScrollView
    t =   130.44s     Synthesize event
    t =   131.21s     Wait for com.corral.fleetnotifier to idle
    t =   131.58s Waiting 5.0s for "herd-field-repo:quiet-meadow" ScrollView to exist
    t =   132.64s     Checking `Expect predicate `existsNoRetry == 1` for object "herd-field-repo:quiet-meadow" ScrollView`
    t =   132.64s         Checking existence of `"herd-field-repo:quiet-meadow" ScrollView`
    t =   132.74s Swipe right "herd-field-repo:quiet-meadow" ScrollView
    t =   132.74s     Wait for com.corral.fleetnotifier to idle
    t =   132.75s     Find the "herd-field-repo:quiet-meadow" ScrollView
    t =   132.86s     Check for interrupting elements affecting "herd-field-repo:quiet-meadow" ScrollView
    t =   133.00s     Synthesize event
    t =   133.86s     Wait for com.corral.fleetnotifier to idle
    t =   134.14s Waiting 5.0s for "herd-field-repo:edge-meadow" ScrollView to exist
    t =   135.21s     Checking `Expect predicate `existsNoRetry == 1` for object "herd-field-repo:edge-meadow" ScrollView`
    t =   135.21s         Checking existence of `"herd-field-repo:edge-meadow" ScrollView`
    t =   136.32s Waiting 5.0s for "g568-geometry" Other to exist
    t =   137.39s     Checking `Expect predicate `existsNoRetry == 1` for object "g568-geometry" Other`
    t =   137.39s         Checking existence of `"g568-geometry" Other`
    t =   137.46s Find the "g568-geometry" Other
G568_GEOMETRY epoch=1789812358.810073 {"samples":{"::quiet":{"viewport":[[0,361],[378,417]],"opacity":1,"group":[[414,369],[186,156.66666666666663]],"oversized":false},"::edge-11":{"oversized":false,"group":[[204,1259.1666666666665],[186,156.66666666666674]],"viewport":[[0,361],[378,417]],"opacity":0},"::edge-03":{"oversized":false,"viewport":[[0,361],[378,417]],"opacity":1,"group":[[204,553],[186,156.66666666666674]]},"::edge-02":{"viewport":[[0,361],[378,417]],"opacity":1,"group":[[12,553],[186,156.66666666666674]],"oversized":false},"::edge-01":{"oversized":false,"viewport":[[0,361],[378,417]],"opacity":1,"group":[[204,369.3333333333333],[186,175.66666666666669]]},"::edge-06":{"viewport":[[0,361],[378,417]],"opacity":0,"group":[[12,910.8333333333334],[186,156.66666666666663]],"oversized":false},"::edge-05":{"oversized":false,"viewport":[[0,361],[378,417]],"opacity":0,"group":[[204,727.1666666666666],[186,156.66666666666674]]},"::edge-12":{"viewport":[[0,361],[378,417]],"opacity":0,"group":[[12,1442.8333333333333],[186,156.66666666666674]],"oversized":false},"::edge-09":{"oversized":false,"viewport":[[0,361],[378,417]],"opacity":0,"group":[[204,1085],[186,156.66666666666652]]},"::edge-00":{"oversized":false,"viewport":[[0,361],[378,417]],"opacity":1,"group":[[12,378.8333333333333],[186,156.66666666666669]]},"::edge-07":{"oversized":false,"viewport":[[0,361],[378,417]],"opacity":0,"group":[[204,901.3333333333334],[186,175.66666666666663]]},"::edge-08":{"viewport":[[0,361],[378,417]],"opacity":0,"group":[[12,1085],[186,156.66666666666652]],"oversized":false},"::edge-13":{"viewport":[[0,361],[378,417]],"opacity":0,"group":[[204,1433.3333333333333],[186,175.66666666666674]],"oversized":false},"::edge-04":{"group":[[12,717.6666666666666],[186,175.66666666666674]],"oversized":false,"opacity":0,"viewport":[[0,361],[378,417]]},"::edge-10":{"viewport":[[0,361],[378,417]],"opacity":0,"group":[[12,1249.6666666666665],[186,175.66666666666674]],"oversized":false},"::edge-14":{"group":[[12,1617],[186,156.66666666666674]],"oversized":false,"opacity":0,"viewport":[[0,361],[378,417]]}},"updates":[1789812285.348429,1789812289.375035,1789812293.463982,1789812297.502121]}
    t =   137.53s Added attachment named 'measured-geometry'
    t =   137.53s Find the Target Application 'com.corral.fleetnotifier'
    t =   137.59s Find the Target Application 'com.corral.fleetnotifier'
    t =   137.63s Find the Target Application 'com.corral.fleetnotifier'
    t =   137.68s Find the Target Application 'com.corral.fleetnotifier'
    t =   137.72s Find the Target Application 'com.corral.fleetnotifier'
    t =   137.77s Find the Target Application 'com.corral.fleetnotifier'
    t =   137.81s Find the Target Application 'com.corral.fleetnotifier'
    t =   137.88s Find the Target Application 'com.corral.fleetnotifier'
    t =   137.96s Find the Target Application 'com.corral.fleetnotifier'
    t =   138.02s Find the Target Application 'com.corral.fleetnotifier'
G568_PHASE day-empty-reduced-navigation-restored epoch=1789812359.3549209
    t =   138.07s Find the Target Application 'com.corral.fleetnotifier'
    t =   138.48s Added attachment named 'day-empty-reduced-navigation-restored'
G568_LIVE_UPDATES [1789812285.348429, 1789812289.375035, 1789812293.463982, 1789812297.502121] duringScroll=true overlapsDrag=true
G568_CASE_END day-empty-reduced epoch=1789812359.786674
    t =   138.51s Terminate com.corral.fleetnotifier:6043
    t =   139.59s Tear Down
Test Case '-[FleetNotifierUITests.HerdEdgeGestureTests testAccessibilityOversizedAndReduceMotionUseNativeScroll]' passed (140.016 seconds).
Test Case '-[FleetNotifierUITests.HerdEdgeGestureTests testDayBlockedRailEdges]' started.
    t =     0.00s Start Test at 2569-09-19 5:06:01.305 PM
    t =     0.07s Set Up
    t =     0.07s Open com.corral.fleetnotifier
    t =     0.07s     Launch com.corral.fleetnotifier
2026-09-19 17:06:02.687 xcodebuild[94484:44059499] [MT] IDELaunchParametersSnapshot: The operation couldn’t be completed. (DebuggerLLDB.DebuggerVersionStore.StoreError error 0.)
2026-09-19 17:06:02.687 xcodebuild[94484:44059499] [MT] IDELaunchParametersSnapshot: no debugger version
    t =     1.84s         Setting up automation session
    t =     4.65s         Wait for com.corral.fleetnotifier to idle
    t =    13.94s Waiting 15.0s for "herd-field-repo:edge-meadow" ScrollView to exist
    t =    14.98s     Checking `Expect predicate `existsNoRetry == 1` for object "herd-field-repo:edge-meadow" ScrollView`
    t =    14.98s         Checking existence of `"herd-field-repo:edge-meadow" ScrollView`
    t =    15.98s Find the Target Application 'com.corral.fleetnotifier'
G568_CASE_BEGIN day-blocked epoch=1789812377.2806969 screen=(0.0, 0.0, 402.0, 874.0)
    t =    17.23s Waiting 5.0s for "g568-geometry" Other to exist
    t =    18.29s     Checking `Expect predicate `existsNoRetry == 1` for object "g568-geometry" Other`
    t =    18.29s         Checking existence of `"g568-geometry" Other`
    t =    18.62s Find the "g568-geometry" Other
G568_GEOMETRY epoch=1789812380.5811958 {"samples":{"::edge-02":{"oversized":false,"opacity":1,"group":[[12,552.6666666666667],[186,156.66666666666663]],"viewport":[[0,361],[378,417]]},"::edge-03":{"viewport":[[0,361],[378,417]],"group":[[204,552.6666666666667],[186,156.66666666666663]],"opacity":1,"oversized":false},"::edge-12":{"viewport":[[0,361],[378,417]],"group":[[12,1423.5],[186,156.66666666666674]],"oversized":false,"opacity":0},"::edge-09":{"viewport":[[0,361],[378,417]],"group":[[204,1065.6666666666665],[186,156.66666666666674]],"opacity":0,"oversized":false},"::edge-06":{"viewport":[[0,361],[378,417]],"group":[[12,901],[186,156.66666666666652]],"oversized":false,"opacity":0},"::edge-01":{"viewport":[[0,361],[378,417]],"group":[[204,369],[186,175.66666666666663]],"opacity":1,"oversized":false},"::edge-10":{"oversized":false,"opacity":0,"group":[[12,1230.3333333333333],[186,175.66666666666674]],"viewport":[[0,361],[378,417]]},"::edge-11":{"viewport":[[0,361],[378,417]],"group":[[204,1239.8333333333333],[186,156.66666666666674]],"oversized":false,"opacity":0},"::edge-13":{"viewport":[[0,361],[378,417]],"group":[[204,1414],[186,175.66666666666674]],"opacity":0,"oversized":false},"::quiet":{"viewport":[[0,361],[378,417]],"group":[[414,369],[186,156.66666666666663]],"opacity":1,"oversized":false},"::edge-04":{"viewport":[[0,361],[378,417]],"group":[[12,717.3333333333333],[186,175.66666666666674]],"opacity":0,"oversized":false},"::edge-14":{"oversized":false,"opacity":0,"group":[[12,1597.6666666666667],[186,156.66666666666674]],"viewport":[[0,361],[378,417]]},"::edge-07":{"oversized":false,"opacity":0,"group":[[204,901],[186,156.66666666666652]],"viewport":[[0,361],[378,417]]},"::edge-00":{"viewport":[[0,361],[378,417]],"group":[[12,378.5],[186,156.66666666666663]],"opacity":1,"oversized":false},"::edge-08":{"viewport":[[0,361],[378,417]],"group":[[12,1065.6666666666665],[186,156.66666666666674]],"oversized":false,"opacity":0},"::edge-05":{"oversized":false,"opacity":0,"group":[[204,726.8333333333333],[186,156.66666666666674]],"viewport":[[0,361],[378,417]]}},"updates":[1789812379.527124]}
    t =    19.34s Added attachment named 'measured-geometry'
    t =    19.34s Find the Target Application 'com.corral.fleetnotifier'
    t =    19.51s Find the Target Application 'com.corral.fleetnotifier'
    t =    19.73s Find the Target Application 'com.corral.fleetnotifier'
    t =    19.97s Find the Target Application 'com.corral.fleetnotifier'
    t =    20.15s Find the Target Application 'com.corral.fleetnotifier'
    t =    20.44s Find the Target Application 'com.corral.fleetnotifier'
    t =    20.65s Find the Target Application 'com.corral.fleetnotifier'
    t =    20.89s Find the Target Application 'com.corral.fleetnotifier'
    t =    21.21s Find the Target Application 'com.corral.fleetnotifier'
    t =    21.50s Find the Target Application 'com.corral.fleetnotifier'
G568_PHASE day-blocked-first-row epoch=1789812383.05872
    t =    21.76s Find the Target Application 'com.corral.fleetnotifier'
    t =    22.49s Added attachment named 'day-blocked-first-row'
G568_ACTION_BEGIN drag epoch=1789812383.7948198
    t =    22.49s Press "herd-field-repo:edge-meadow" ScrollView[0.50, 0.18] for 0.1 seconds, then drag to "herd-field-repo:edge-meadow" ScrollView[0.50, 0.82] with velocity of 250.00 pixels per second, and then hold for 0.1 seconds 
    t =    22.49s     Wait for com.corral.fleetnotifier to idle
    t =    22.78s     Find the "herd-field-repo:edge-meadow" ScrollView
    t =    23.34s     Check for interrupting elements affecting "herd-field-repo:edge-meadow" ScrollView
    t =    23.92s     Synthesize event
    t =    24.03s         Find the "herd-field-repo:edge-meadow" ScrollView
    t =    25.02s         Find the "herd-field-repo:edge-meadow" ScrollView
    t =    26.79s         Find the "herd-field-repo:edge-meadow" ScrollView
    t =    29.03s         Find the "herd-field-repo:edge-meadow" ScrollView
    t =    30.30s         Find the "herd-field-repo:edge-meadow" ScrollView
    t =    32.68s     Wait for com.corral.fleetnotifier to idle
G568_ACTION_END drag epoch=1789812394.8441849
    t =    34.54s Waiting 5.0s for "g568-geometry" Other to exist
    t =    35.61s     Checking `Expect predicate `existsNoRetry == 1` for object "g568-geometry" Other`
    t =    35.61s         Checking existence of `"g568-geometry" Other`
    t =    36.39s Find the "g568-geometry" Other
G568_GEOMETRY epoch=1789812399.774088 {"samples":{"::edge-04":{"opacity":0,"viewport":[[0,361],[378,417]],"oversized":false,"group":[[12,717.3333333333333],[186,175.66666666666674]]},"::edge-07":{"opacity":0,"viewport":[[0,361],[378,417]],"oversized":false,"group":[[204,901],[186,175.66666666666652]]},"::edge-05":{"viewport":[[0,361],[378,417]],"oversized":false,"opacity":0,"group":[[204,726.8333333333333],[186,156.66666666666674]]},"::edge-06":{"oversized":false,"viewport":[[0,361],[378,417]],"group":[[12,910.5],[186,156.66666666666652]],"opacity":0},"::edge-01":{"group":[[204,369],[186,175.66666666666663]],"viewport":[[0,361],[378,417]],"opacity":1,"oversized":false},"::edge-13":{"viewport":[[0,361],[378,417]],"oversized":false,"opacity":0,"group":[[204,1433],[186,175.66666666666674]]},"::edge-11":{"oversized":false,"viewport":[[0,361],[378,417]],"group":[[204,1258.8333333333333],[186,156.66666666666674]],"opacity":0},"::edge-00":{"oversized":false,"viewport":[[0,361],[378,417]],"group":[[12,378.5],[186,156.66666666666663]],"opacity":1},"::quiet":{"oversized":false,"viewport":[[0,361],[378,417]],"group":[[414,369],[186,156.66666666666663]],"opacity":1},"::edge-14":{"viewport":[[0,361],[378,417]],"oversized":false,"opacity":0,"group":[[12,1616.6666666666667],[186,156.66666666666674]]},"::edge-09":{"viewport":[[0,361],[378,417]],"oversized":false,"opacity":0,"group":[[204,1084.6666666666665],[186,156.66666666666674]]},"::edge-02":{"oversized":false,"viewport":[[0,361],[378,417]],"group":[[12,552.6666666666667],[186,156.66666666666663]],"opacity":1},"::edge-10":{"viewport":[[0,361],[378,417]],"oversized":false,"opacity":0,"group":[[12,1249.3333333333333],[186,175.66666666666674]]},"::edge-03":{"oversized":false,"viewport":[[0,361],[378,417]],"group":[[204,552.6666666666667],[186,156.66666666666663]],"opacity":1},"::edge-08":{"oversized":false,"viewport":[[0,361],[378,417]],"group":[[12,1084.6666666666665],[186,156.66666666666674]],"opacity":0},"::edge-12":{"viewport":[[0,361],[378,417]],"oversized":false,"opacity":0,"group":[[12,1442.5],[186,156.66666666666674]]}},"updates":[1789812379.527124,1789812383.579205,1789812387.622441,1789812391.77496]}
    t =    38.51s Added attachment named 'measured-geometry'
    t =    38.51s Find the Target Application 'com.corral.fleetnotifier'
    t =    38.77s Find the Target Application 'com.corral.fleetnotifier'
    t =    39.13s Find the Target Application 'com.corral.fleetnotifier'
    t =    39.39s Find the Target Application 'com.corral.fleetnotifier'
    t =    39.58s Find the Target Application 'com.corral.fleetnotifier'
    t =    39.95s Find the Target Application 'com.corral.fleetnotifier'
    t =    40.26s Find the Target Application 'com.corral.fleetnotifier'
    t =    40.52s Find the Target Application 'com.corral.fleetnotifier'
    t =    40.81s Find the Target Application 'com.corral.fleetnotifier'
    t =    41.09s Find the Target Application 'com.corral.fleetnotifier'
G568_PHASE day-blocked-top-overscroll-settle epoch=1789812402.658838
    t =    41.36s Find the Target Application 'com.corral.fleetnotifier'
    t =    42.15s Added attachment named 'day-blocked-top-overscroll-settle'
G568_ACTION_BEGIN drag epoch=1789812403.454691
    t =    42.30s Press "herd-field-repo:edge-meadow" ScrollView[0.50, 0.82] for 0.1 seconds, then drag to "herd-field-repo:edge-meadow" ScrollView[0.50, 0.18] with velocity of 250.00 pixels per second, and then hold for 0.1 seconds 
    t =    42.30s     Wait for com.corral.fleetnotifier to idle
    t =    42.51s     Find the "herd-field-repo:edge-meadow" ScrollView
    t =    43.09s     Check for interrupting elements affecting "herd-field-repo:edge-meadow" ScrollView
    t =    43.63s     Synthesize event
    t =    43.74s         Find the "herd-field-repo:edge-meadow" ScrollView
    t =    44.42s         Find the "herd-field-repo:edge-meadow" ScrollView
    t =    45.08s         Find the "herd-field-repo:edge-meadow" ScrollView
    t =    45.89s         Find the "herd-field-repo:edge-meadow" ScrollView
    t =    46.69s         Find the "herd-field-repo:edge-meadow" ScrollView
    t =    49.46s     Wait for com.corral.fleetnotifier to idle
G568_ACTION_END drag epoch=1789812411.659528
G568_ACTION_BEGIN drag epoch=1789812411.659583
    t =    50.57s Press "herd-field-repo:edge-meadow" ScrollView[0.50, 0.18] for 0.1 seconds, then drag to "herd-field-repo:edge-meadow" ScrollView[0.50, 0.82] with velocity of 250.00 pixels per second, and then hold for 0.1 seconds 
    t =    50.57s     Wait for com.corral.fleetnotifier to idle
    t =    50.67s     Find the "herd-field-repo:edge-meadow" ScrollView
    t =    51.06s     Check for interrupting elements affecting "herd-field-repo:edge-meadow" ScrollView
    t =    51.83s     Synthesize event
    t =    51.85s         Find the "herd-field-repo:edge-meadow" ScrollView
    t =    52.34s         Find the "herd-field-repo:edge-meadow" ScrollView
    t =    53.08s         Find the "herd-field-repo:edge-meadow" ScrollView
    t =    53.70s         Find the "herd-field-repo:edge-meadow" ScrollView
    t =    54.30s         Find the "herd-field-repo:edge-meadow" ScrollView
    t =    56.25s     Wait for com.corral.fleetnotifier to idle
G568_ACTION_END drag epoch=1789812418.1486912
    t =    57.86s Waiting 5.0s for "g568-geometry" Other to exist
    t =    58.87s     Checking `Expect predicate `existsNoRetry == 1` for object "g568-geometry" Other`
    t =    58.87s         Checking existence of `"g568-geometry" Other`
    t =    59.26s Find the "g568-geometry" Other
G568_GEOMETRY epoch=1789812421.3092608 {"updates":[1789812379.527124,1789812383.579205,1789812387.622441,1789812391.77496],"samples":{"::edge-02":{"group":[[12,552.6666666666667],[186,156.66666666666663]],"oversized":false,"opacity":1,"viewport":[[0,361],[378,417]]},"::edge-13":{"group":[[204,1433],[186,175.66666666666674]],"oversized":false,"opacity":0,"viewport":[[0,361],[378,417]]},"::edge-06":{"oversized":false,"opacity":0,"viewport":[[0,361],[378,417]],"group":[[12,910.5],[186,156.66666666666652]]},"::edge-09":{"group":[[204,1084.6666666666665],[186,156.66666666666674]],"oversized":false,"opacity":0,"viewport":[[0,361],[378,417]]},"::edge-10":{"group":[[12,1249.3333333333333],[186,175.66666666666674]],"oversized":false,"opacity":0,"viewport":[[0,361],[378,417]]},"::quiet":{"group":[[414,369],[186,156.66666666666663]],"oversized":false,"opacity":1,"viewport":[[0,361],[378,417]]},"::edge-12":{"oversized":false,"opacity":0,"viewport":[[0,361],[378,417]],"group":[[12,1442.5],[186,156.66666666666674]]},"::edge-04":{"group":[[12,717.3333333333333],[186,175.66666666666674]],"oversized":false,"opacity":0,"viewport":[[0,361],[378,417]]},"::edge-14":{"viewport":[[0,361],[378,417]],"opacity":0,"oversized":false,"group":[[12,1616.6666666666667],[186,156.66666666666674]]},"::edge-01":{"group":[[204,369],[186,175.66666666666663]],"oversized":false,"opacity":1,"viewport":[[0,361],[378,417]]},"::edge-08":{"oversized":false,"opacity":0,"viewport":[[0,361],[378,417]],"group":[[12,1084.6666666666665],[186,156.66666666666674]]},"::edge-05":{"oversized":false,"opacity":0,"viewport":[[0,361],[378,417]],"group":[[204,726.8333333333333],[186,156.66666666666674]]},"::edge-03":{"group":[[204,552.6666666666667],[186,156.66666666666663]],"oversized":false,"opacity":1,"viewport":[[0,361],[378,417]]},"::edge-11":{"oversized":false,"opacity":0,"viewport":[[0,361],[378,417]],"group":[[204,1258.8333333333333],[186,156.66666666666674]]},"::edge-00":{"group":[[12,378.5],[186,156.66666666666663]],"oversized":false,"opacity":1,"viewport":[[0,361],[378,417]]},"::edge-07":{"viewport":[[0,361],[378,417]],"opacity":0,"oversized":false,"group":[[204,901],[186,175.66666666666652]]}}}
    t =    60.01s Added attachment named 'measured-geometry'
    t =    60.01s Find the Target Application 'com.corral.fleetnotifier'
    t =    60.46s Find the Target Application 'com.corral.fleetnotifier'
    t =    60.90s Find the Target Application 'com.corral.fleetnotifier'
    t =    61.14s Find the Target Application 'com.corral.fleetnotifier'
    t =    61.33s Find the Target Application 'com.corral.fleetnotifier'
    t =    61.61s Find the Target Application 'com.corral.fleetnotifier'
    t =    61.89s Find the Target Application 'com.corral.fleetnotifier'
    t =    62.14s Find the Target Application 'com.corral.fleetnotifier'
    t =    62.40s Find the Target Application 'com.corral.fleetnotifier'
    t =    62.56s Find the Target Application 'com.corral.fleetnotifier'
G568_PHASE day-blocked-top-reversal-settle epoch=1789812424.137372
    t =    62.83s Find the Target Application 'com.corral.fleetnotifier'
    t =    63.55s Added attachment named 'day-blocked-top-reversal-settle'
    t =    63.72s Swipe up "herd-field-repo:edge-meadow" ScrollView
    t =    63.72s     Wait for com.corral.fleetnotifier to idle
    t =    63.77s     Find the "herd-field-repo:edge-meadow" ScrollView
    t =    64.13s     Check for interrupting elements affecting "herd-field-repo:edge-meadow" ScrollView
    t =    64.62s     Synthesize event
    t =    66.35s     Wait for com.corral.fleetnotifier to idle
    t =    68.82s Swipe up "herd-field-repo:edge-meadow" ScrollView
    t =    68.82s     Wait for com.corral.fleetnotifier to idle
    t =    69.00s     Find the "herd-field-repo:edge-meadow" ScrollView
    t =    69.45s     Check for interrupting elements affecting "herd-field-repo:edge-meadow" ScrollView
    t =    69.84s     Synthesize event
    t =    71.54s     Wait for com.corral.fleetnotifier to idle
    t =    73.03s Swipe up "herd-field-repo:edge-meadow" ScrollView
    t =    73.03s     Wait for com.corral.fleetnotifier to idle
    t =    73.04s     Find the "herd-field-repo:edge-meadow" ScrollView
    t =    73.55s     Check for interrupting elements affecting "herd-field-repo:edge-meadow" ScrollView
    t =    73.99s     Synthesize event
    t =    75.57s     Wait for com.corral.fleetnotifier to idle
    t =    76.28s Swipe up "herd-field-repo:edge-meadow" ScrollView
    t =    76.28s     Wait for com.corral.fleetnotifier to idle
    t =    76.44s     Find the "herd-field-repo:edge-meadow" ScrollView
    t =    76.64s     Check for interrupting elements affecting "herd-field-repo:edge-meadow" ScrollView
    t =    77.02s     Synthesize event
    t =    78.54s     Wait for com.corral.fleetnotifier to idle
    t =    79.32s Swipe up "herd-field-repo:edge-meadow" ScrollView
    t =    79.32s     Wait for com.corral.fleetnotifier to idle
    t =    79.51s     Find the "herd-field-repo:edge-meadow" ScrollView
    t =    80.05s     Check for interrupting elements affecting "herd-field-repo:edge-meadow" ScrollView
    t =    80.40s     Synthesize event
    t =    81.80s     Wait for com.corral.fleetnotifier to idle
    t =    83.64s Waiting 5.0s for "g568-geometry" Other to exist
    t =    84.65s     Checking `Expect predicate `existsNoRetry == 1` for object "g568-geometry" Other`
    t =    84.66s         Checking existence of `"g568-geometry" Other`
    t =    84.88s Find the "g568-geometry" Other
G568_GEOMETRY epoch=1789812446.508023 {"samples":{"::edge-03":{"viewport":[[0,361],[378,417]],"opacity":0,"group":[[204,-695],[186,156.66666666666663]],"oversized":false},"::edge-10":{"group":[[12,1.666666666666515],[186,175.66666666666674]],"oversized":false,"viewport":[[0,361],[378,417]],"opacity":0},"::edge-00":{"viewport":[[0,361],[378,417]],"opacity":0,"group":[[12,-869.1666666666667],[186,156.66666666666674]],"oversized":false},"::edge-09":{"group":[[204,-163.0000000000001],[186,156.66666666666663]],"oversized":false,"viewport":[[0,361],[378,417]],"opacity":0},"::edge-06":{"viewport":[[0,361],[378,417]],"opacity":0,"group":[[12,-337.16666666666674],[186,156.66666666666663]],"oversized":false},"::edge-01":{"group":[[204,-878.6666666666667],[186,175.66666666666674]],"oversized":false,"viewport":[[0,361],[378,417]],"opacity":0},"::quiet":{"viewport":[[0,361],[378,417]],"opacity":1,"group":[[414,369],[186,156.66666666666663]],"oversized":false},"::edge-08":{"viewport":[[0,361],[378,417]],"opacity":0,"group":[[12,-163.0000000000001],[186,156.66666666666663]],"oversized":false},"::edge-12":{"group":[[12,194.83333333333326],[186,156.66666666666674]],"viewport":[[0,361],[378,417]],"opacity":0,"oversized":false},"::edge-05":{"viewport":[[0,361],[378,417]],"opacity":0,"group":[[204,-520.8333333333335],[186,156.66666666666674]],"oversized":false},"::edge-11":{"group":[[204,11.166666666666515],[186,156.66666666666674]],"viewport":[[0,361],[378,417]],"opacity":0,"oversized":false},"::edge-02":{"group":[[12,-695],[186,156.66666666666663]],"viewport":[[0,361],[378,417]],"opacity":0,"oversized":false},"::edge-04":{"group":[[12,-530.3333333333335],[186,175.66666666666674]],"viewport":[[0,361],[378,417]],"opacity":0,"oversized":false},"::edge-13":{"viewport":[[0,361],[378,417]],"opacity":0,"group":[[204,185.33333333333326],[186,175.66666666666674]],"oversized":false},"::edge-07":{"group":[[204,-346.66666666666674],[186,175.66666666666663]],"oversized":false,"viewport":[[0,361],[378,417]],"opacity":0},"::edge-14":{"group":[[12,369],[186,156.66666666666674]],"viewport":[[0,361],[378,417]],"opacity":1,"oversized":false}},"updates":[1789812379.527124,1789812383.579205,1789812387.622441,1789812391.77496]}
    t =    85.21s Added attachment named 'measured-geometry'
    t =    85.21s Find the Target Application 'com.corral.fleetnotifier'
    t =    85.47s Find the Target Application 'com.corral.fleetnotifier'
    t =    85.71s Find the Target Application 'com.corral.fleetnotifier'
    t =    85.95s Find the Target Application 'com.corral.fleetnotifier'
G568_PHASE day-blocked-bottom-flick-settle epoch=1789812447.4591641
    t =    86.16s Find the Target Application 'com.corral.fleetnotifier'
    t =    86.63s Added attachment named 'day-blocked-bottom-flick-settle'
    t =    86.64s Waiting 5.0s for "g568-geometry" Other to exist
    t =    87.72s     Checking `Expect predicate `existsNoRetry == 1` for object "g568-geometry" Other`
    t =    87.72s         Checking existence of `"g568-geometry" Other`
    t =    88.18s Find the "g568-geometry" Other
G568_GEOMETRY epoch=1789812449.850525 {"samples":{"::edge-03":{"group":[[204,-695],[186,156.66666666666663]],"opacity":0,"oversized":false,"viewport":[[0,361],[378,417]]},"::edge-10":{"oversized":false,"opacity":0,"viewport":[[0,361],[378,417]],"group":[[12,1.666666666666515],[186,175.66666666666674]]},"::edge-00":{"group":[[12,-869.1666666666667],[186,156.66666666666674]],"opacity":0,"oversized":false,"viewport":[[0,361],[378,417]]},"::edge-09":{"oversized":false,"group":[[204,-163.0000000000001],[186,156.66666666666663]],"opacity":0,"viewport":[[0,361],[378,417]]},"::edge-06":{"group":[[12,-337.16666666666674],[186,156.66666666666663]],"opacity":0,"oversized":false,"viewport":[[0,361],[378,417]]},"::quiet":{"group":[[414,369],[186,156.66666666666663]],"opacity":1,"oversized":false,"viewport":[[0,361],[378,417]]},"::edge-08":{"group":[[12,-163.0000000000001],[186,156.66666666666663]],"opacity":0,"oversized":false,"viewport":[[0,361],[378,417]]},"::edge-01":{"oversized":false,"opacity":0,"viewport":[[0,361],[378,417]],"group":[[204,-878.6666666666667],[186,175.66666666666674]]},"::edge-12":{"oversized":false,"group":[[12,194.83333333333326],[186,156.66666666666674]],"opacity":0,"viewport":[[0,361],[378,417]]},"::edge-05":{"group":[[204,-520.8333333333335],[186,156.66666666666674]],"opacity":0,"oversized":false,"viewport":[[0,361],[378,417]]},"::edge-11":{"oversized":false,"group":[[204,11.166666666666515],[186,156.66666666666674]],"opacity":0,"viewport":[[0,361],[378,417]]},"::edge-02":{"oversized":false,"group":[[12,-695],[186,156.66666666666663]],"opacity":0,"viewport":[[0,361],[378,417]]},"::edge-04":{"oversized":false,"group":[[12,-530.3333333333335],[186,175.66666666666674]],"opacity":0,"viewport":[[0,361],[378,417]]},"::edge-13":{"group":[[204,185.33333333333326],[186,175.66666666666674]],"opacity":0,"oversized":false,"viewport":[[0,361],[378,417]]},"::edge-07":{"oversized":false,"opacity":0,"viewport":[[0,361],[378,417]],"group":[[204,-346.66666666666674],[186,175.66666666666663]]},"::edge-14":{"oversized":false,"group":[[12,369],[186,156.66666666666674]],"opacity":1,"viewport":[[0,361],[378,417]]}},"updates":[1789812379.527124,1789812383.579205,1789812387.622441,1789812391.77496]}
    t =    88.57s Added attachment named 'measured-geometry'
G568_ACTION_BEGIN drag epoch=1789812449.879966
    t =    88.58s Press "herd-field-repo:edge-meadow" ScrollView[0.50, 0.82] for 0.1 seconds, then drag to "herd-field-repo:edge-meadow" ScrollView[0.50, 0.18] with velocity of 250.00 pixels per second, and then hold for 0.1 seconds 
    t =    88.58s     Wait for com.corral.fleetnotifier to idle
    t =    88.66s     Find the "herd-field-repo:edge-meadow" ScrollView
    t =    89.29s     Check for interrupting elements affecting "herd-field-repo:edge-meadow" ScrollView
    t =    89.69s     Synthesize event
    t =    89.70s         Find the "herd-field-repo:edge-meadow" ScrollView
    t =    90.46s         Find the "herd-field-repo:edge-meadow" ScrollView
    t =    90.88s         Find the "herd-field-repo:edge-meadow" ScrollView
    t =    91.24s         Find the "herd-field-repo:edge-meadow" ScrollView
    t =    91.70s         Find the "herd-field-repo:edge-meadow" ScrollView
    t =    93.61s     Wait for com.corral.fleetnotifier to idle
G568_ACTION_END drag epoch=1789812455.600408
    t =    95.30s Waiting 5.0s for "g568-geometry" Other to exist
    t =    96.33s     Checking `Expect predicate `existsNoRetry == 1` for object "g568-geometry" Other`
    t =    96.33s         Checking existence of `"g568-geometry" Other`
    t =    96.52s Find the "g568-geometry" Other
G568_GEOMETRY epoch=1789812458.1475492 {"samples":{"::edge-02":{"viewport":[[0,361],[378,417]],"opacity":0,"oversized":false,"group":[[12,-695],[186,156.66666666666663]]},"::edge-05":{"viewport":[[0,361],[378,417]],"opacity":0,"oversized":false,"group":[[204,-520.8333333333335],[186,156.66666666666674]]},"::edge-08":{"oversized":false,"opacity":0,"viewport":[[0,361],[378,417]],"group":[[12,-163.0000000000001],[186,156.66666666666663]]},"::edge-00":{"oversized":false,"group":[[12,-869.1666666666667],[186,156.66666666666674]],"viewport":[[0,361],[378,417]],"opacity":0},"::quiet":{"oversized":false,"opacity":1,"viewport":[[0,361],[378,417]],"group":[[414,369],[186,156.66666666666663]]},"::edge-06":{"oversized":false,"group":[[12,-337.16666666666674],[186,156.66666666666663]],"viewport":[[0,361],[378,417]],"opacity":0},"::edge-10":{"oversized":false,"opacity":0,"viewport":[[0,361],[378,417]],"group":[[12,1.666666666666515],[186,175.66666666666674]]},"::edge-01":{"viewport":[[0,361],[378,417]],"opacity":0,"oversized":false,"group":[[204,-878.6666666666667],[186,175.66666666666674]]},"::edge-04":{"viewport":[[0,361],[378,417]],"opacity":0,"oversized":false,"group":[[12,-530.3333333333335],[186,175.66666666666674]]},"::edge-14":{"viewport":[[0,361],[378,417]],"opacity":1,"oversized":false,"group":[[12,369],[186,156.66666666666674]]},"::edge-11":{"viewport":[[0,361],[378,417]],"opacity":0,"oversized":false,"group":[[204,11.166666666666515],[186,156.66666666666674]]},"::edge-03":{"viewport":[[0,361],[378,417]],"opacity":0,"oversized":false,"group":[[204,-695],[186,156.66666666666663]]},"::edge-12":{"viewport":[[0,361],[378,417]],"opacity":0,"oversized":false,"group":[[12,194.83333333333326],[186,156.66666666666674]]},"::edge-07":{"oversized":false,"group":[[204,-346.66666666666674],[186,175.66666666666663]],"viewport":[[0,361],[378,417]],"opacity":0},"::edge-13":{"viewport":[[0,361],[378,417]],"opacity":0,"oversized":false,"group":[[204,185.33333333333326],[186,175.66666666666674]]},"::edge-09":{"oversized":false,"group":[[204,-163.0000000000001],[186,156.66666666666663]],"viewport":[[0,361],[378,417]],"opacity":0}},"updates":[1789812379.527124,1789812383.579205,1789812387.622441,1789812391.77496]}
    t =    96.85s Added attachment named 'measured-geometry'
    t =    96.85s Find the Target Application 'com.corral.fleetnotifier'
    t =    97.01s Find the Target Application 'com.corral.fleetnotifier'
    t =    97.25s Find the Target Application 'com.corral.fleetnotifier'
    t =    97.43s Find the Target Application 'com.corral.fleetnotifier'
G568_PHASE day-blocked-bottom-overscroll-settle epoch=1789812458.948313
    t =    97.65s Find the Target Application 'com.corral.fleetnotifier'
    t =    98.32s Added attachment named 'day-blocked-bottom-overscroll-settle'
G568_ACTION_BEGIN drag epoch=1789812459.628551
    t =    98.49s Press "herd-field-repo:edge-meadow" ScrollView[0.50, 0.18] for 0.1 seconds, then drag to "herd-field-repo:edge-meadow" ScrollView[0.50, 0.82] with velocity of 250.00 pixels per second, and then hold for 0.1 seconds 
    t =    98.50s     Wait for com.corral.fleetnotifier to idle
    t =    98.50s     Find the "herd-field-repo:edge-meadow" ScrollView
    t =    98.76s     Check for interrupting elements affecting "herd-field-repo:edge-meadow" ScrollView
    t =    99.12s     Synthesize event
    t =    99.21s         Find the "herd-field-repo:edge-meadow" ScrollView
    t =    99.60s         Find the "herd-field-repo:edge-meadow" ScrollView
    t =   100.08s         Find the "herd-field-repo:edge-meadow" ScrollView
    t =   100.56s         Find the "herd-field-repo:edge-meadow" ScrollView
    t =   101.02s         Find the "herd-field-repo:edge-meadow" ScrollView
    t =   103.02s     Wait for com.corral.fleetnotifier to idle
G568_ACTION_END drag epoch=1789812464.898131
G568_ACTION_BEGIN drag epoch=1789812464.898195
    t =   103.62s Press "herd-field-repo:edge-meadow" ScrollView[0.50, 0.82] for 0.1 seconds, then drag to "herd-field-repo:edge-meadow" ScrollView[0.50, 0.18] with velocity of 250.00 pixels per second, and then hold for 0.1 seconds 
    t =   103.62s     Wait for com.corral.fleetnotifier to idle
    t =   103.77s     Find the "herd-field-repo:edge-meadow" ScrollView
    t =   104.16s     Check for interrupting elements affecting "herd-field-repo:edge-meadow" ScrollView
    t =   104.57s     Synthesize event
    t =   104.57s         Find the "herd-field-repo:edge-meadow" ScrollView
    t =   104.86s         Find the "herd-field-repo:edge-meadow" ScrollView
    t =   105.16s         Find the "herd-field-repo:edge-meadow" ScrollView
    t =   105.58s         Find the "herd-field-repo:edge-meadow" ScrollView
    t =   106.09s         Find the "herd-field-repo:edge-meadow" ScrollView
    t =   108.06s     Wait for com.corral.fleetnotifier to idle
G568_ACTION_END drag epoch=1789812470.120111
    t =   109.83s Waiting 5.0s for "g568-geometry" Other to exist
    t =   110.87s     Checking `Expect predicate `existsNoRetry == 1` for object "g568-geometry" Other`
    t =   110.87s         Checking existence of `"g568-geometry" Other`
    t =   111.23s Find the "g568-geometry" Other
G568_GEOMETRY epoch=1789812472.8797932 {"samples":{"::edge-02":{"opacity":0,"oversized":false,"group":[[12,-695],[186,156.66666666666663]],"viewport":[[0,361],[378,417]]},"::edge-06":{"opacity":0,"viewport":[[0,361],[378,417]],"group":[[12,-337.16666666666674],[186,156.66666666666663]],"oversized":false},"::edge-13":{"opacity":0,"viewport":[[0,361],[378,417]],"group":[[204,185.33333333333326],[186,175.66666666666674]],"oversized":false},"::edge-09":{"oversized":false,"opacity":0,"viewport":[[0,361],[378,417]],"group":[[204,-163.0000000000001],[186,156.66666666666663]]},"::edge-10":{"oversized":false,"opacity":0,"group":[[12,1.666666666666515],[186,175.66666666666674]],"viewport":[[0,361],[378,417]]},"::edge-14":{"oversized":false,"opacity":1,"viewport":[[0,361],[378,417]],"group":[[12,369],[186,156.66666666666674]]},"::quiet":{"opacity":1,"viewport":[[0,361],[378,417]],"group":[[414,369],[186,156.66666666666663]],"oversized":false},"::edge-12":{"oversized":false,"opacity":0,"viewport":[[0,361],[378,417]],"group":[[12,194.83333333333326],[186,156.66666666666674]]},"::edge-04":{"opacity":0,"oversized":false,"group":[[12,-530.3333333333335],[186,175.66666666666674]],"viewport":[[0,361],[378,417]]},"::edge-01":{"oversized":false,"opacity":0,"group":[[204,-878.6666666666667],[186,175.66666666666674]],"viewport":[[0,361],[378,417]]},"::edge-08":{"opacity":0,"viewport":[[0,361],[378,417]],"group":[[12,-163.0000000000001],[186,156.66666666666663]],"oversized":false},"::edge-05":{"opacity":0,"viewport":[[0,361],[378,417]],"group":[[204,-520.8333333333335],[186,156.66666666666674]],"oversized":false},"::edge-03":{"opacity":0,"viewport":[[0,361],[378,417]],"group":[[204,-695],[186,156.66666666666663]],"oversized":false},"::edge-00":{"opacity":0,"viewport":[[0,361],[378,417]],"group":[[12,-869.1666666666667],[186,156.66666666666674]],"oversized":false},"::edge-07":{"oversized":false,"opacity":0,"group":[[204,-346.66666666666674],[186,175.66666666666663]],"viewport":[[0,361],[378,417]]},"::edge-11":{"opacity":0,"oversized":false,"group":[[204,11.166666666666515],[186,156.66666666666674]],"viewport":[[0,361],[378,417]]}},"updates":[1789812379.527124,1789812383.579205,1789812387.622441,1789812391.77496]}
    t =   111.58s Added attachment named 'measured-geometry'
    t =   111.58s Find the Target Application 'com.corral.fleetnotifier'
    t =   111.81s Find the Target Application 'com.corral.fleetnotifier'
    t =   111.98s Find the Target Application 'com.corral.fleetnotifier'
    t =   112.19s Find the Target Application 'com.corral.fleetnotifier'
G568_PHASE day-blocked-bottom-reversal-settle epoch=1789812473.630192
    t =   112.33s Find the Target Application 'com.corral.fleetnotifier'
    t =   112.81s Added attachment named 'day-blocked-bottom-reversal-settle'
    t =   112.91s Swipe down "herd-field-repo:edge-meadow" ScrollView
    t =   112.91s     Wait for com.corral.fleetnotifier to idle
    t =   113.01s     Find the "herd-field-repo:edge-meadow" ScrollView
    t =   113.37s     Check for interrupting elements affecting "herd-field-repo:edge-meadow" ScrollView
    t =   113.73s     Synthesize event
    t =   114.99s     Wait for com.corral.fleetnotifier to idle
    t =   117.52s Swipe down "herd-field-repo:edge-meadow" ScrollView
    t =   117.52s     Wait for com.corral.fleetnotifier to idle
    t =   117.76s     Find the "herd-field-repo:edge-meadow" ScrollView
    t =   118.26s     Check for interrupting elements affecting "herd-field-repo:edge-meadow" ScrollView
    t =   118.64s     Synthesize event
    t =   119.88s     Wait for com.corral.fleetnotifier to idle
    t =   122.60s Swipe down "herd-field-repo:edge-meadow" ScrollView
    t =   122.60s     Wait for com.corral.fleetnotifier to idle
    t =   122.78s     Find the "herd-field-repo:edge-meadow" ScrollView
    t =   123.17s     Check for interrupting elements affecting "herd-field-repo:edge-meadow" ScrollView
    t =   123.62s     Synthesize event
    t =   125.07s     Wait for com.corral.fleetnotifier to idle
    t =   125.99s Swipe down "herd-field-repo:edge-meadow" ScrollView
    t =   125.99s     Wait for com.corral.fleetnotifier to idle
    t =   126.15s     Find the "herd-field-repo:edge-meadow" ScrollView
    t =   126.61s     Check for interrupting elements affecting "herd-field-repo:edge-meadow" ScrollView
    t =   127.20s     Synthesize event
    t =   129.15s     Wait for com.corral.fleetnotifier to idle
    t =   129.92s Swipe down "herd-field-repo:edge-meadow" ScrollView
    t =   129.92s     Wait for com.corral.fleetnotifier to idle
    t =   130.26s     Find the "herd-field-repo:edge-meadow" ScrollView
    t =   130.71s     Check for interrupting elements affecting "herd-field-repo:edge-meadow" ScrollView
    t =   131.15s     Synthesize event
    t =   132.77s     Wait for com.corral.fleetnotifier to idle
    t =   134.56s Waiting 5.0s for "g568-geometry" Other to exist
    t =   135.58s     Checking `Expect predicate `existsNoRetry == 1` for object "g568-geometry" Other`
    t =   135.58s         Checking existence of `"g568-geometry" Other`
    t =   136.30s Find the "g568-geometry" Other
G568_GEOMETRY epoch=1789812497.952971 {"updates":[1789812379.527124,1789812383.579205,1789812387.622441,1789812391.77496],"samples":{"::edge-03":{"oversized":false,"group":[[204,552.6666666666667],[186,156.66666666666663]],"viewport":[[0,361],[378,417]],"opacity":1},"::edge-10":{"group":[[12,1249.3333333333333],[186,175.66666666666674]],"viewport":[[0,361],[378,417]],"opacity":0,"oversized":false},"::edge-00":{"oversized":false,"group":[[12,378.5],[186,156.66666666666663]],"viewport":[[0,361],[378,417]],"opacity":1},"::edge-09":{"oversized":false,"group":[[204,1084.6666666666665],[186,156.66666666666674]],"viewport":[[0,361],[378,417]],"opacity":0},"::edge-01":{"oversized":false,"group":[[204,369],[186,175.66666666666663]],"viewport":[[0,361],[378,417]],"opacity":1},"::quiet":{"oversized":false,"group":[[414,369],[186,156.66666666666663]],"viewport":[[0,361],[378,417]],"opacity":1},"::edge-08":{"oversized":false,"group":[[12,1084.6666666666665],[186,156.66666666666674]],"viewport":[[0,361],[378,417]],"opacity":0},"::edge-11":{"oversized":false,"group":[[204,1258.8333333333333],[186,156.66666666666674]],"viewport":[[0,361],[378,417]],"opacity":0},"::edge-04":{"oversized":false,"group":[[12,717.3333333333333],[186,175.66666666666674]],"viewport":[[0,361],[378,417]],"opacity":0},"::edge-05":{"oversized":false,"opacity":0,"group":[[204,726.8333333333333],[186,156.66666666666674]],"viewport":[[0,361],[378,417]]},"::edge-12":{"oversized":false,"opacity":0,"group":[[12,1442.5],[186,156.66666666666674]],"viewport":[[0,361],[378,417]]},"::edge-06":{"oversized":false,"opacity":0,"group":[[12,910.5],[186,156.66666666666652]],"viewport":[[0,361],[378,417]]},"::edge-02":{"group":[[12,552.6666666666667],[186,156.66666666666663]],"viewport":[[0,361],[378,417]],"opacity":1,"oversized":false},"::edge-13":{"oversized":false,"group":[[204,1433],[186,175.66666666666674]],"viewport":[[0,361],[378,417]],"opacity":0},"::edge-07":{"group":[[204,901],[186,175.66666666666652]],"viewport":[[0,361],[378,417]],"opacity":0,"oversized":false},"::edge-14":{"group":[[12,1616.6666666666667],[186,156.66666666666674]],"viewport":[[0,361],[378,417]],"opacity":0,"oversized":false}}}
    t =   136.67s Added attachment named 'measured-geometry'
    t =   136.67s Find the Target Application 'com.corral.fleetnotifier'
    t =   136.95s Find the Target Application 'com.corral.fleetnotifier'
    t =   137.18s Find the Target Application 'com.corral.fleetnotifier'
    t =   137.36s Find the Target Application 'com.corral.fleetnotifier'
    t =   137.65s Find the Target Application 'com.corral.fleetnotifier'
    t =   137.90s Find the Target Application 'com.corral.fleetnotifier'
    t =   138.31s Find the Target Application 'com.corral.fleetnotifier'
    t =   138.59s Find the Target Application 'com.corral.fleetnotifier'
    t =   138.88s Find the Target Application 'com.corral.fleetnotifier'
    t =   139.17s Find the Target Application 'com.corral.fleetnotifier'
G568_PHASE day-blocked-top-flick-settle epoch=1789812500.708805
    t =   139.41s Find the Target Application 'com.corral.fleetnotifier'
    t =   140.11s Added attachment named 'day-blocked-top-flick-settle'
    t =   140.11s Waiting 5.0s for "g568-geometry" Other to exist
    t =   141.17s     Checking `Expect predicate `existsNoRetry == 1` for object "g568-geometry" Other`
    t =   141.17s         Checking existence of `"g568-geometry" Other`
    t =   141.44s Find the "g568-geometry" Other
G568_GEOMETRY epoch=1789812503.366646 {"updates":[1789812379.527124,1789812383.579205,1789812387.622441,1789812391.77496],"samples":{"::edge-03":{"oversized":false,"opacity":1,"viewport":[[0,361],[378,417]],"group":[[204,552.6666666666667],[186,156.66666666666663]]},"::edge-10":{"oversized":false,"viewport":[[0,361],[378,417]],"opacity":0,"group":[[12,1249.3333333333333],[186,175.66666666666674]]},"::edge-00":{"oversized":false,"opacity":1,"viewport":[[0,361],[378,417]],"group":[[12,378.5],[186,156.66666666666663]]},"::edge-01":{"oversized":false,"opacity":1,"viewport":[[0,361],[378,417]],"group":[[204,369],[186,175.66666666666663]]},"::edge-06":{"oversized":false,"opacity":0,"group":[[12,910.5],[186,156.66666666666652]],"viewport":[[0,361],[378,417]]},"::edge-09":{"oversized":false,"opacity":0,"viewport":[[0,361],[378,417]],"group":[[204,1084.6666666666665],[186,156.66666666666674]]},"::edge-11":{"opacity":0,"oversized":false,"viewport":[[0,361],[378,417]],"group":[[204,1258.8333333333333],[186,156.66666666666674]]},"::edge-08":{"opacity":0,"oversized":false,"viewport":[[0,361],[378,417]],"group":[[12,1084.6666666666665],[186,156.66666666666674]]},"::edge-04":{"oversized":false,"opacity":0,"viewport":[[0,361],[378,417]],"group":[[12,717.3333333333333],[186,175.66666666666674]]},"::edge-05":{"oversized":false,"opacity":0,"group":[[204,726.8333333333333],[186,156.66666666666674]],"viewport":[[0,361],[378,417]]},"::edge-12":{"oversized":false,"opacity":0,"group":[[12,1442.5],[186,156.66666666666674]],"viewport":[[0,361],[378,417]]},"::quiet":{"oversized":false,"opacity":1,"viewport":[[0,361],[378,417]],"group":[[414,369],[186,156.66666666666663]]},"::edge-02":{"oversized":false,"viewport":[[0,361],[378,417]],"opacity":1,"group":[[12,552.6666666666667],[186,156.66666666666663]]},"::edge-13":{"oversized":false,"opacity":0,"viewport":[[0,361],[378,417]],"group":[[204,1433],[186,175.66666666666674]]},"::edge-07":{"oversized":false,"viewport":[[0,361],[378,417]],"opacity":0,"group":[[204,901],[186,175.66666666666652]]},"::edge-14":{"oversized":false,"viewport":[[0,361],[378,417]],"opacity":0,"group":[[12,1616.6666666666667],[186,156.66666666666674]]}}}
    t =   142.08s Added attachment named 'measured-geometry'
    t =   142.08s Find the "herd-next" Button
    t =   142.44s Tap "herd-next" Button
    t =   142.44s     Wait for com.corral.fleetnotifier to idle
    t =   142.67s     Find the "herd-next" Button
    t =   143.33s     Check for interrupting elements affecting "herd-next" Button
    t =   143.84s     Synthesize event
    t =   144.59s     Wait for com.corral.fleetnotifier to idle
    t =   144.84s Waiting 5.0s for "herd-field-repo:quiet-meadow" ScrollView to exist
    t =   145.89s     Checking `Expect predicate `existsNoRetry == 1` for object "herd-field-repo:quiet-meadow" ScrollView`
    t =   145.89s         Checking existence of `"herd-field-repo:quiet-meadow" ScrollView`
    t =   146.08s Tap "herd-previous" Button
    t =   146.08s     Wait for com.corral.fleetnotifier to idle
    t =   146.22s     Find the "herd-previous" Button
    t =   146.59s     Check for interrupting elements affecting "herd-previous" Button
    t =   147.20s     Synthesize event
    t =   147.92s     Wait for com.corral.fleetnotifier to idle
    t =   148.18s Waiting 5.0s for "herd-field-repo:edge-meadow" ScrollView to exist
    t =   149.22s     Checking `Expect predicate `existsNoRetry == 1` for object "herd-field-repo:edge-meadow" ScrollView`
    t =   149.22s         Checking existence of `"herd-field-repo:edge-meadow" ScrollView`
    t =   149.53s Swipe left "herd-field-repo:edge-meadow" ScrollView
    t =   149.53s     Wait for com.corral.fleetnotifier to idle
    t =   149.67s     Find the "herd-field-repo:edge-meadow" ScrollView
    t =   149.93s     Check for interrupting elements affecting "herd-field-repo:edge-meadow" ScrollView
    t =   150.42s     Synthesize event
    t =   152.41s     Wait for com.corral.fleetnotifier to idle
    t =   153.29s Waiting 5.0s for "herd-field-repo:quiet-meadow" ScrollView to exist
    t =   154.31s     Checking `Expect predicate `existsNoRetry == 1` for object "herd-field-repo:quiet-meadow" ScrollView`
    t =   154.32s         Checking existence of `"herd-field-repo:quiet-meadow" ScrollView`
    t =   154.56s Swipe right "herd-field-repo:quiet-meadow" ScrollView
    t =   154.56s     Wait for com.corral.fleetnotifier to idle
    t =   154.89s     Find the "herd-field-repo:quiet-meadow" ScrollView
    t =   155.24s     Check for interrupting elements affecting "herd-field-repo:quiet-meadow" ScrollView
    t =   155.69s     Synthesize event
    t =   157.72s     Wait for com.corral.fleetnotifier to idle
    t =   158.12s Waiting 5.0s for "herd-field-repo:edge-meadow" ScrollView to exist
    t =   159.13s     Checking `Expect predicate `existsNoRetry == 1` for object "herd-field-repo:edge-meadow" ScrollView`
    t =   159.13s         Checking existence of `"herd-field-repo:edge-meadow" ScrollView`
    t =   160.38s Waiting 5.0s for "g568-geometry" Other to exist
    t =   161.42s     Checking `Expect predicate `existsNoRetry == 1` for object "g568-geometry" Other`
    t =   161.42s         Checking existence of `"g568-geometry" Other`
    t =   161.64s Find the "g568-geometry" Other
G568_GEOMETRY epoch=1789812523.33576 {"updates":[1789812379.527124,1789812383.579205,1789812387.622441,1789812391.77496],"samples":{"::edge-02":{"viewport":[[0,361],[378,417]],"opacity":1,"group":[[12,552.6666666666667],[186,156.66666666666663]],"oversized":false},"::edge-08":{"oversized":false,"group":[[12,1084.6666666666665],[186,156.66666666666674]],"viewport":[[0,361],[378,417]],"opacity":0},"::edge-00":{"viewport":[[0,361],[378,417]],"opacity":1,"group":[[12,378.5],[186,156.66666666666663]],"oversized":false},"::edge-05":{"viewport":[[0,361],[378,417]],"opacity":0,"group":[[204,726.8333333333333],[186,156.66666666666674]],"oversized":false},"::quiet":{"viewport":[[0,361],[378,417]],"opacity":1,"group":[[414,369],[186,156.66666666666663]],"oversized":false},"::edge-10":{"oversized":false,"group":[[12,1249.3333333333333],[186,175.66666666666674]],"viewport":[[0,361],[378,417]],"opacity":0},"::edge-14":{"oversized":false,"group":[[12,1616.6666666666667],[186,156.66666666666674]],"viewport":[[0,361],[378,417]],"opacity":0},"::edge-01":{"viewport":[[0,361],[378,417]],"opacity":1,"group":[[204,369],[186,175.66666666666663]],"oversized":false},"::edge-04":{"oversized":false,"group":[[12,717.3333333333333],[186,175.66666666666674]],"viewport":[[0,361],[378,417]],"opacity":0},"::edge-06":{"viewport":[[0,361],[378,417]],"opacity":0,"group":[[12,910.5],[186,156.66666666666652]],"oversized":false},"::edge-11":{"viewport":[[0,361],[378,417]],"opacity":0,"group":[[204,1258.8333333333333],[186,156.66666666666674]],"oversized":false},"::edge-03":{"viewport":[[0,361],[378,417]],"opacity":1,"group":[[204,552.6666666666667],[186,156.66666666666663]],"oversized":false},"::edge-12":{"viewport":[[0,361],[378,417]],"opacity":0,"group":[[12,1442.5],[186,156.66666666666674]],"oversized":false},"::edge-07":{"oversized":false,"group":[[204,901],[186,175.66666666666652]],"viewport":[[0,361],[378,417]],"opacity":0},"::edge-13":{"oversized":false,"group":[[204,1433],[186,175.66666666666674]],"viewport":[[0,361],[378,417]],"opacity":0},"::edge-09":{"oversized":false,"group":[[204,1084.6666666666665],[186,156.66666666666674]],"viewport":[[0,361],[378,417]],"opacity":0}}}
    t =   162.03s Added attachment named 'measured-geometry'
    t =   162.04s Find the Target Application 'com.corral.fleetnotifier'
    t =   162.32s Find the Target Application 'com.corral.fleetnotifier'
    t =   162.62s Find the Target Application 'com.corral.fleetnotifier'
    t =   162.93s Find the Target Application 'com.corral.fleetnotifier'
    t =   163.18s Find the Target Application 'com.corral.fleetnotifier'
    t =   163.34s Find the Target Application 'com.corral.fleetnotifier'
    t =   163.62s Find the Target Application 'com.corral.fleetnotifier'
    t =   163.78s Find the Target Application 'com.corral.fleetnotifier'
    t =   164.08s Find the Target Application 'com.corral.fleetnotifier'
    t =   164.31s Find the Target Application 'com.corral.fleetnotifier'
G568_PHASE day-blocked-navigation-restored epoch=1789812525.766871
    t =   164.46s Find the Target Application 'com.corral.fleetnotifier'
    t =   165.23s Added attachment named 'day-blocked-navigation-restored'
G568_LIVE_UPDATES [1789812379.527124, 1789812383.579205, 1789812387.622441, 1789812391.77496] duringScroll=true overlapsDrag=true
G568_CASE_END day-blocked epoch=1789812526.537863
    t =   165.23s Terminate com.corral.fleetnotifier:12821
    t =   166.25s Tear Down
Test Case '-[FleetNotifierUITests.HerdEdgeGestureTests testDayBlockedRailEdges]' passed (166.681 seconds).
Test Case '-[FleetNotifierUITests.HerdEdgeGestureTests testDayEmptyRailEdges]' started.
    t =     0.00s Start Test at 2569-09-19 5:08:47.987 PM
    t =     0.04s Set Up
    t =     0.04s Open com.corral.fleetnotifier
    t =     0.04s     Launch com.corral.fleetnotifier
2026-09-19 17:08:48.413 xcodebuild[94484:44059499] [MT] IDELaunchParametersSnapshot: The operation couldn’t be completed. (DebuggerLLDB.DebuggerVersionStore.StoreError error 0.)
2026-09-19 17:08:48.413 xcodebuild[94484:44059499] [MT] IDELaunchParametersSnapshot: no debugger version
    t =     0.86s         Setting up automation session
    t =     4.23s         Wait for com.corral.fleetnotifier to idle
    t =    12.82s Waiting 15.0s for "herd-field-repo:edge-meadow" ScrollView to exist
    t =    13.85s     Checking `Expect predicate `existsNoRetry == 1` for object "herd-field-repo:edge-meadow" ScrollView`
    t =    13.85s         Checking existence of `"herd-field-repo:edge-meadow" ScrollView`
    t =    14.43s Find the Target Application 'com.corral.fleetnotifier'
G568_CASE_BEGIN day-empty epoch=1789812542.4114861 screen=(0.0, 0.0, 402.0, 874.0)
    t =    15.58s Waiting 5.0s for "g568-geometry" Other to exist
    t =    16.63s     Checking `Expect predicate `existsNoRetry == 1` for object "g568-geometry" Other`
    t =    16.63s         Checking existence of `"g568-geometry" Other`
    t =    16.88s Find the "g568-geometry" Other
G568_GEOMETRY epoch=1789812545.2317019 {"samples":{"::edge-05":{"oversized":false,"opacity":0,"viewport":[[0,361],[378,417]],"group":[[204,726.8333333333333],[186,156.66666666666674]]},"::edge-11":{"group":[[204,1258.8333333333333],[186,156.66666666666674]],"viewport":[[0,361],[378,417]],"oversized":false,"opacity":0},"::edge-10":{"group":[[12,1249.3333333333333],[186,175.66666666666674]],"viewport":[[0,361],[378,417]],"oversized":false,"opacity":0},"::edge-04":{"oversized":false,"opacity":0,"viewport":[[0,361],[378,417]],"group":[[12,717.3333333333333],[186,175.66666666666674]]},"::edge-01":{"oversized":false,"opacity":1,"viewport":[[0,361],[378,417]],"group":[[204,369],[186,175.66666666666663]]},"::edge-02":{"group":[[12,552.6666666666667],[186,156.66666666666663]],"viewport":[[0,361],[378,417]],"oversized":false,"opacity":1},"::edge-00":{"group":[[12,378.5],[186,156.66666666666663]],"viewport":[[0,361],[378,417]],"oversized":false,"opacity":1},"::edge-03":{"oversized":false,"opacity":1,"viewport":[[0,361],[378,417]],"group":[[204,552.6666666666667],[186,156.66666666666663]]},"::edge-13":{"group":[[204,1433],[186,175.66666666666674]],"viewport":[[0,361],[378,417]],"oversized":false,"opacity":0},"::edge-08":{"oversized":false,"opacity":0,"viewport":[[0,361],[378,417]],"group":[[12,1084.6666666666665],[186,156.66666666666674]]},"::quiet":{"group":[[414,369],[186,156.66666666666663]],"viewport":[[0,361],[378,417]],"oversized":false,"opacity":1},"::edge-06":{"oversized":false,"opacity":0,"viewport":[[0,361],[378,417]],"group":[[12,910.5],[186,156.66666666666652]]},"::edge-09":{"group":[[204,1084.6666666666665],[186,156.66666666666674]],"viewport":[[0,361],[378,417]],"oversized":false,"opacity":0},"::edge-14":{"group":[[12,1616.6666666666667],[186,156.66666666666674]],"viewport":[[0,361],[378,417]],"oversized":false,"opacity":0},"::edge-12":{"oversized":false,"opacity":0,"viewport":[[0,361],[378,417]],"group":[[12,1442.5],[186,156.66666666666674]]},"::edge-07":{"group":[[204,901],[186,175.66666666666652]],"viewport":[[0,361],[378,417]],"oversized":false,"opacity":0}},"updates":[]}
    t =    17.26s Added attachment named 'measured-geometry'
    t =    17.26s Find the Target Application 'com.corral.fleetnotifier'
    t =    17.47s Find the Target Application 'com.corral.fleetnotifier'
    t =    17.61s Find the Target Application 'com.corral.fleetnotifier'
    t =    17.85s Find the Target Application 'com.corral.fleetnotifier'
    t =    18.19s Find the Target Application 'com.corral.fleetnotifier'
    t =    18.56s Find the Target Application 'com.corral.fleetnotifier'
    t =    18.85s Find the Target Application 'com.corral.fleetnotifier'
    t =    19.31s Find the Target Application 'com.corral.fleetnotifier'
    t =    19.51s Find the Target Application 'com.corral.fleetnotifier'
    t =    19.90s Find the Target Application 'com.corral.fleetnotifier'
G568_PHASE day-empty-first-row epoch=1789812548.156079
    t =    20.17s Find the Target Application 'com.corral.fleetnotifier'
    t =    20.94s Added attachment named 'day-empty-first-row'
G568_ACTION_BEGIN drag epoch=1789812548.928309
    t =    20.94s Press "herd-field-repo:edge-meadow" ScrollView[0.50, 0.18] for 0.1 seconds, then drag to "herd-field-repo:edge-meadow" ScrollView[0.50, 0.82] with velocity of 250.00 pixels per second, and then hold for 0.1 seconds 
    t =    20.94s     Wait for com.corral.fleetnotifier to idle
    t =    20.99s     Find the "herd-field-repo:edge-meadow" ScrollView
    t =    22.19s     Check for interrupting elements affecting "herd-field-repo:edge-meadow" ScrollView
    t =    22.60s     Synthesize event
    t =    22.61s         Find the "herd-field-repo:edge-meadow" ScrollView
    t =    23.10s         Find the "herd-field-repo:edge-meadow" ScrollView
    t =    23.58s         Find the "herd-field-repo:edge-meadow" ScrollView
    t =    24.01s         Find the "herd-field-repo:edge-meadow" ScrollView
    t =    24.69s         Find the "herd-field-repo:edge-meadow" ScrollView
    t =    26.73s     Wait for com.corral.fleetnotifier to idle
G568_ACTION_END drag epoch=1789812555.271554
    t =    28.29s Waiting 5.0s for "g568-geometry" Other to exist
    t =    29.35s     Checking `Expect predicate `existsNoRetry == 1` for object "g568-geometry" Other`
    t =    29.35s         Checking existence of `"g568-geometry" Other`
    t =    29.75s Find the "g568-geometry" Other
G568_GEOMETRY epoch=1789812558.4298968 {"updates":[1789812545.7627249,1789812549.8462338,1789812554.0757031,1789812558.175981],"samples":{"::quiet":{"oversized":false,"viewport":[[0,361],[378,417]],"group":[[414,369],[186,156.66666666666663]],"opacity":1},"::edge-09":{"oversized":false,"viewport":[[0,361],[378,417]],"group":[[204,1084.6666666666665],[186,156.66666666666674]],"opacity":0},"::edge-11":{"viewport":[[0,361],[378,417]],"group":[[204,1258.8333333333333],[186,156.66666666666674]],"oversized":false,"opacity":0},"::edge-13":{"viewport":[[0,361],[378,417]],"group":[[204,1433],[186,175.66666666666674]],"oversized":false,"opacity":0},"::edge-04":{"group":[[12,717.3333333333333],[186,175.66666666666674]],"viewport":[[0,361],[378,417]],"oversized":false,"opacity":0},"::edge-03":{"oversized":false,"viewport":[[0,361],[378,417]],"group":[[204,552.6666666666667],[186,156.66666666666663]],"opacity":1},"::edge-05":{"oversized":false,"viewport":[[0,361],[378,417]],"group":[[204,726.8333333333333],[186,156.66666666666674]],"opacity":0},"::edge-01":{"oversized":false,"viewport":[[0,361],[378,417]],"group":[[204,369],[186,175.66666666666663]],"opacity":1},"::edge-00":{"oversized":false,"viewport":[[0,361],[378,417]],"group":[[12,378.5],[186,156.66666666666663]],"opacity":1},"::edge-06":{"group":[[12,910.5],[186,156.66666666666652]],"viewport":[[0,361],[378,417]],"oversized":false,"opacity":0},"::edge-12":{"group":[[12,1442.5],[186,156.66666666666674]],"viewport":[[0,361],[378,417]],"opacity":0,"oversized":false},"::edge-14":{"oversized":false,"viewport":[[0,361],[378,417]],"group":[[12,1616.6666666666667],[186,156.66666666666674]],"opacity":0},"::edge-08":{"oversized":false,"viewport":[[0,361],[378,417]],"group":[[12,1084.6666666666665],[186,156.66666666666674]],"opacity":0},"::edge-10":{"group":[[12,1249.3333333333333],[186,175.66666666666674]],"viewport":[[0,361],[378,417]],"opacity":0,"oversized":false},"::edge-02":{"oversized":false,"viewport":[[0,361],[378,417]],"group":[[12,552.6666666666667],[186,156.66666666666663]],"opacity":1},"::edge-07":{"group":[[204,901],[186,175.66666666666652]],"viewport":[[0,361],[378,417]],"oversized":false,"opacity":0}}}
    t =    30.45s Added attachment named 'measured-geometry'
    t =    30.45s Find the Target Application 'com.corral.fleetnotifier'
    t =    30.84s Find the Target Application 'com.corral.fleetnotifier'
    t =    31.12s Find the Target Application 'com.corral.fleetnotifier'
    t =    31.30s Find the Target Application 'com.corral.fleetnotifier'
    t =    31.57s Find the Target Application 'com.corral.fleetnotifier'
    t =    31.77s Find the Target Application 'com.corral.fleetnotifier'
    t =    32.01s Find the Target Application 'com.corral.fleetnotifier'
    t =    32.25s Find the Target Application 'com.corral.fleetnotifier'
    t =    32.49s Find the Target Application 'com.corral.fleetnotifier'
    t =    32.73s Find the Target Application 'com.corral.fleetnotifier'
G568_PHASE day-empty-top-overscroll-settle epoch=1789812560.981699
    t =    33.00s Find the Target Application 'com.corral.fleetnotifier'
    t =    33.68s Added attachment named 'day-empty-top-overscroll-settle'
G568_ACTION_BEGIN drag epoch=1789812561.6674418
    t =    33.87s Press "herd-field-repo:edge-meadow" ScrollView[0.50, 0.82] for 0.1 seconds, then drag to "herd-field-repo:edge-meadow" ScrollView[0.50, 0.18] with velocity of 250.00 pixels per second, and then hold for 0.1 seconds 
    t =    33.87s     Wait for com.corral.fleetnotifier to idle
    t =    33.88s     Find the "herd-field-repo:edge-meadow" ScrollView
    t =    34.37s     Check for interrupting elements affecting "herd-field-repo:edge-meadow" ScrollView
    t =    34.82s     Synthesize event
    t =    34.92s         Find the "herd-field-repo:edge-meadow" ScrollView
    t =    35.53s         Find the "herd-field-repo:edge-meadow" ScrollView
    t =    35.99s         Find the "herd-field-repo:edge-meadow" ScrollView
    t =    36.53s         Find the "herd-field-repo:edge-meadow" ScrollView
    t =    37.10s         Find the "herd-field-repo:edge-meadow" ScrollView
    t =    39.14s     Wait for com.corral.fleetnotifier to idle
G568_ACTION_END drag epoch=1789812568.178591
G568_ACTION_BEGIN drag epoch=1789812568.178643
    t =    40.43s Press "herd-field-repo:edge-meadow" ScrollView[0.50, 0.18] for 0.1 seconds, then drag to "herd-field-repo:edge-meadow" ScrollView[0.50, 0.82] with velocity of 250.00 pixels per second, and then hold for 0.1 seconds 
    t =    40.43s     Wait for com.corral.fleetnotifier to idle
    t =    40.47s     Find the "herd-field-repo:edge-meadow" ScrollView
    t =    41.40s     Check for interrupting elements affecting "herd-field-repo:edge-meadow" ScrollView
    t =    41.88s     Synthesize event
    t =    41.89s         Find the "herd-field-repo:edge-meadow" ScrollView
    t =    42.39s         Find the "herd-field-repo:edge-meadow" ScrollView
    t =    42.96s         Find the "herd-field-repo:edge-meadow" ScrollView
    t =    43.41s         Find the "herd-field-repo:edge-meadow" ScrollView
    t =    43.89s         Find the "herd-field-repo:edge-meadow" ScrollView
    t =    45.89s     Wait for com.corral.fleetnotifier to idle
G568_ACTION_END drag epoch=1789812574.439898
    t =    47.46s Waiting 5.0s for "g568-geometry" Other to exist
    t =    48.49s     Checking `Expect predicate `existsNoRetry == 1` for object "g568-geometry" Other`
    t =    48.49s         Checking existence of `"g568-geometry" Other`
    t =    48.70s Find the "g568-geometry" Other
G568_GEOMETRY epoch=1789812577.637521 {"updates":[1789812545.7627249,1789812549.8462338,1789812554.0757031,1789812558.175981],"samples":{"::edge-01":{"group":[[204,369.3333333333333],[186,175.66666666666669]],"opacity":1,"oversized":false,"viewport":[[0,361],[378,417]]},"::edge-10":{"group":[[12,1249.6666666666665],[186,175.66666666666674]],"viewport":[[0,361],[378,417]],"oversized":false,"opacity":0},"::edge-13":{"group":[[204,1433.3333333333333],[186,175.66666666666674]],"opacity":0,"oversized":false,"viewport":[[0,361],[378,417]]},"::quiet":{"group":[[414,369],[186,156.66666666666663]],"viewport":[[0,361],[378,417]],"oversized":false,"opacity":1},"::edge-08":{"group":[[12,1085],[186,156.66666666666652]],"opacity":0,"oversized":false,"viewport":[[0,361],[378,417]]},"::edge-12":{"group":[[12,1442.8333333333333],[186,156.66666666666674]],"opacity":0,"oversized":false,"viewport":[[0,361],[378,417]]},"::edge-09":{"group":[[204,1085],[186,156.66666666666652]],"opacity":0,"oversized":false,"viewport":[[0,361],[378,417]]},"::edge-00":{"group":[[12,378.8333333333333],[186,156.66666666666669]],"viewport":[[0,361],[378,417]],"oversized":false,"opacity":1},"::edge-03":{"oversized":false,"group":[[204,553],[186,156.66666666666674]],"viewport":[[0,361],[378,417]],"opacity":1},"::edge-07":{"group":[[204,901.3333333333334],[186,175.66666666666663]],"opacity":0,"oversized":false,"viewport":[[0,361],[378,417]]},"::edge-11":{"oversized":false,"group":[[204,1259.1666666666665],[186,156.66666666666674]],"viewport":[[0,361],[378,417]],"opacity":0},"::edge-05":{"oversized":false,"group":[[204,727.1666666666666],[186,156.66666666666674]],"viewport":[[0,361],[378,417]],"opacity":0},"::edge-02":{"group":[[12,553],[186,156.66666666666674]],"viewport":[[0,361],[378,417]],"oversized":false,"opacity":1},"::edge-14":{"group":[[12,1617],[186,156.66666666666674]],"viewport":[[0,361],[378,417]],"oversized":false,"opacity":0},"::edge-04":{"group":[[12,717.6666666666666],[186,175.66666666666674]],"viewport":[[0,361],[378,417]],"oversized":false,"opacity":0},"::edge-06":{"group":[[12,910.8333333333334],[186,156.66666666666663]],"viewport":[[0,361],[378,417]],"oversized":false,"opacity":0}}}
    t =    49.69s Added attachment named 'measured-geometry'
    t =    49.69s Find the Target Application 'com.corral.fleetnotifier'
    t =    49.90s Find the Target Application 'com.corral.fleetnotifier'
    t =    50.29s Find the Target Application 'com.corral.fleetnotifier'
    t =    50.64s Find the Target Application 'com.corral.fleetnotifier'
    t =    50.98s Find the Target Application 'com.corral.fleetnotifier'
    t =    51.33s Find the Target Application 'com.corral.fleetnotifier'
    t =    51.69s Find the Target Application 'com.corral.fleetnotifier'
    t =    51.98s Find the Target Application 'com.corral.fleetnotifier'
    t =    52.20s Find the Target Application 'com.corral.fleetnotifier'
    t =    52.51s Find the Target Application 'com.corral.fleetnotifier'
G568_PHASE day-empty-top-reversal-settle epoch=1789812580.710095
    t =    52.72s Find the Target Application 'com.corral.fleetnotifier'
    t =    53.27s Added attachment named 'day-empty-top-reversal-settle'
    t =    53.35s Swipe up "herd-field-repo:edge-meadow" ScrollView
    t =    53.35s     Wait for com.corral.fleetnotifier to idle
    t =    53.44s     Find the "herd-field-repo:edge-meadow" ScrollView
    t =    53.83s     Check for interrupting elements affecting "herd-field-repo:edge-meadow" ScrollView
    t =    54.16s     Synthesize event
    t =    55.82s     Wait for com.corral.fleetnotifier to idle
    t =    58.43s Swipe up "herd-field-repo:edge-meadow" ScrollView
    t =    58.43s     Wait for com.corral.fleetnotifier to idle
    t =    58.69s     Find the "herd-field-repo:edge-meadow" ScrollView
    t =    59.04s     Check for interrupting elements affecting "herd-field-repo:edge-meadow" ScrollView
    t =    59.77s     Synthesize event
    t =    62.04s     Wait for com.corral.fleetnotifier to idle
    t =    63.64s Swipe up "herd-field-repo:edge-meadow" ScrollView
    t =    63.64s     Wait for com.corral.fleetnotifier to idle
    t =    63.74s     Find the "herd-field-repo:edge-meadow" ScrollView
    t =    64.58s     Check for interrupting elements affecting "herd-field-repo:edge-meadow" ScrollView
    t =    65.16s     Synthesize event
    t =    66.67s     Wait for com.corral.fleetnotifier to idle
    t =    67.43s Swipe up "herd-field-repo:edge-meadow" ScrollView
    t =    67.43s     Wait for com.corral.fleetnotifier to idle
    t =    67.53s     Find the "herd-field-repo:edge-meadow" ScrollView
    t =    67.89s     Check for interrupting elements affecting "herd-field-repo:edge-meadow" ScrollView
    t =    68.20s     Synthesize event
    t =    69.59s     Wait for com.corral.fleetnotifier to idle
    t =    70.36s Swipe up "herd-field-repo:edge-meadow" ScrollView
    t =    70.36s     Wait for com.corral.fleetnotifier to idle
    t =    70.44s     Find the "herd-field-repo:edge-meadow" ScrollView
    t =    71.12s     Check for interrupting elements affecting "herd-field-repo:edge-meadow" ScrollView
    t =    71.75s     Synthesize event
    t =    73.89s     Wait for com.corral.fleetnotifier to idle
    t =    75.65s Waiting 5.0s for "g568-geometry" Other to exist
    t =    76.72s     Checking `Expect predicate `existsNoRetry == 1` for object "g568-geometry" Other`
    t =    76.72s         Checking existence of `"g568-geometry" Other`
    t =    76.93s Find the "g568-geometry" Other
G568_GEOMETRY epoch=1789812605.403933 {"updates":[1789812545.7627249,1789812549.8462338,1789812554.0757031,1789812558.175981],"samples":{"::edge-11":{"opacity":0,"group":[[204,10.833333333333258],[186,156.66666666666674]],"viewport":[[0,361],[378,417]],"oversized":false},"::edge-05":{"opacity":0,"group":[[204,-521.1666666666667],[186,156.66666666666674]],"viewport":[[0,361],[378,417]],"oversized":false},"::edge-10":{"oversized":false,"opacity":0,"group":[[12,1.3333333333332575],[186,175.66666666666674]],"viewport":[[0,361],[378,417]]},"::edge-04":{"oversized":false,"opacity":0,"group":[[12,-530.6666666666667],[186,175.66666666666674]],"viewport":[[0,361],[378,417]]},"::edge-01":{"opacity":0,"group":[[204,-879],[186,175.66666666666674]],"viewport":[[0,361],[378,417]],"oversized":false},"::edge-02":{"oversized":false,"opacity":0,"group":[[12,-695.3333333333333],[186,156.66666666666663]],"viewport":[[0,361],[378,417]]},"::edge-00":{"oversized":false,"opacity":0,"group":[[12,-869.5],[186,156.66666666666674]],"viewport":[[0,361],[378,417]]},"::edge-13":{"opacity":0,"group":[[204,185],[186,175.66666666666674]],"viewport":[[0,361],[378,417]],"oversized":false},"::edge-03":{"opacity":0,"group":[[204,-695.3333333333333],[186,156.66666666666663]],"viewport":[[0,361],[378,417]],"oversized":false},"::edge-08":{"opacity":0,"group":[[12,-163.33333333333337],[186,156.66666666666663]],"viewport":[[0,361],[378,417]],"oversized":false},"::quiet":{"oversized":false,"opacity":1,"group":[[414,369],[186,156.66666666666663]],"viewport":[[0,361],[378,417]]},"::edge-09":{"opacity":0,"group":[[204,-163.33333333333337],[186,156.66666666666663]],"viewport":[[0,361],[378,417]],"oversized":false},"::edge-06":{"oversized":false,"opacity":0,"group":[[12,-337.5],[186,156.66666666666663]],"viewport":[[0,361],[378,417]]},"::edge-12":{"opacity":0,"group":[[12,194.5],[186,156.66666666666674]],"viewport":[[0,361],[378,417]],"oversized":false},"::edge-14":{"oversized":false,"opacity":0.9523809523809632,"group":[[12,368.66666666666674],[186,156.66666666666674]],"viewport":[[0,361],[378,417]]},"::edge-07":{"opacity":0,"group":[[204,-347],[186,175.66666666666663]],"viewport":[[0,361],[378,417]],"oversized":false}}}
    t =    77.42s Added attachment named 'measured-geometry'
    t =    77.42s Find the Target Application 'com.corral.fleetnotifier'
    t =    77.70s Find the Target Application 'com.corral.fleetnotifier'
    t =    77.85s Find the Target Application 'com.corral.fleetnotifier'
    t =    78.06s Find the Target Application 'com.corral.fleetnotifier'
G568_PHASE day-empty-bottom-flick-settle epoch=1789812606.2486
    t =    78.26s Find the Target Application 'com.corral.fleetnotifier'
    t =    78.73s Added attachment named 'day-empty-bottom-flick-settle'
    t =    78.73s Waiting 5.0s for "g568-geometry" Other to exist
    t =    79.79s     Checking `Expect predicate `existsNoRetry == 1` for object "g568-geometry" Other`
    t =    79.79s         Checking existence of `"g568-geometry" Other`
    t =    80.12s Find the "g568-geometry" Other
G568_GEOMETRY epoch=1789812609.5921168 {"samples":{"::edge-01":{"group":[[204,-879],[186,175.66666666666674]],"oversized":false,"viewport":[[0,361],[378,417]],"opacity":0},"::edge-10":{"group":[[12,1.3333333333332575],[186,175.66666666666674]],"viewport":[[0,361],[378,417]],"opacity":0,"oversized":false},"::edge-13":{"opacity":0,"group":[[204,185],[186,175.66666666666674]],"viewport":[[0,361],[378,417]],"oversized":false},"::quiet":{"group":[[414,369],[186,156.66666666666663]],"viewport":[[0,361],[378,417]],"opacity":1,"oversized":false},"::edge-08":{"group":[[12,-163.33333333333337],[186,156.66666666666663]],"oversized":false,"viewport":[[0,361],[378,417]],"opacity":0},"::edge-00":{"group":[[12,-869.5],[186,156.66666666666674]],"viewport":[[0,361],[378,417]],"opacity":0,"oversized":false},"::edge-09":{"opacity":0,"group":[[204,-163.33333333333337],[186,156.66666666666663]],"viewport":[[0,361],[378,417]],"oversized":false},"::edge-12":{"group":[[12,194.5],[186,156.66666666666674]],"oversized":false,"viewport":[[0,361],[378,417]],"opacity":0},"::edge-03":{"opacity":0,"group":[[204,-695.3333333333333],[186,156.66666666666663]],"viewport":[[0,361],[378,417]],"oversized":false},"::edge-07":{"opacity":0,"group":[[204,-347],[186,175.66666666666663]],"viewport":[[0,361],[378,417]],"oversized":false},"::edge-11":{"opacity":0,"group":[[204,10.833333333333258],[186,156.66666666666674]],"viewport":[[0,361],[378,417]],"oversized":false},"::edge-05":{"opacity":0,"group":[[204,-521.1666666666667],[186,156.66666666666674]],"viewport":[[0,361],[378,417]],"oversized":false},"::edge-02":{"group":[[12,-695.3333333333333],[186,156.66666666666663]],"viewport":[[0,361],[378,417]],"opacity":0,"oversized":false},"::edge-14":{"group":[[12,368.66666666666674],[186,156.66666666666674]],"viewport":[[0,361],[378,417]],"opacity":0.9523809523809632,"oversized":false},"::edge-04":{"group":[[12,-530.6666666666667],[186,175.66666666666674]],"viewport":[[0,361],[378,417]],"opacity":0,"oversized":false},"::edge-06":{"group":[[12,-337.5],[186,156.66666666666663]],"viewport":[[0,361],[378,417]],"opacity":0,"oversized":false}},"updates":[1789812545.7627249,1789812549.8462338,1789812554.0757031,1789812558.175981]}
    t =    81.64s Added attachment named 'measured-geometry'
G568_ACTION_BEGIN drag epoch=1789812609.625243
    t =    81.64s Press "herd-field-repo:edge-meadow" ScrollView[0.50, 0.82] for 0.1 seconds, then drag to "herd-field-repo:edge-meadow" ScrollView[0.50, 0.18] with velocity of 250.00 pixels per second, and then hold for 0.1 seconds 
    t =    81.64s     Wait for com.corral.fleetnotifier to idle
    t =    81.65s     Find the "herd-field-repo:edge-meadow" ScrollView
    t =    82.38s     Check for interrupting elements affecting "herd-field-repo:edge-meadow" ScrollView
    t =    82.94s     Synthesize event
    t =    83.18s         Find the "herd-field-repo:edge-meadow" ScrollView
    t =    83.62s         Find the "herd-field-repo:edge-meadow" ScrollView
    t =    84.25s         Find the "herd-field-repo:edge-meadow" ScrollView
    t =    84.62s         Find the "herd-field-repo:edge-meadow" ScrollView
    t =    85.28s         Find the "herd-field-repo:edge-meadow" ScrollView
    t =    87.32s     Wait for com.corral.fleetnotifier to idle
G568_ACTION_END drag epoch=1789812616.018218
    t =    89.03s Waiting 5.0s for "g568-geometry" Other to exist
    t =    90.08s     Checking `Expect predicate `existsNoRetry == 1` for object "g568-geometry" Other`
    t =    90.08s         Checking existence of `"g568-geometry" Other`
    t =    90.32s Find the "g568-geometry" Other
G568_GEOMETRY epoch=1789812618.97405 {"updates":[1789812545.7627249,1789812549.8462338,1789812554.0757031,1789812558.175981],"samples":{"::edge-11":{"group":[[204,10.833333333333258],[186,156.66666666666674]],"viewport":[[0,361],[378,417]],"oversized":false,"opacity":0},"::edge-14":{"group":[[12,368.66666666666674],[186,156.66666666666674]],"viewport":[[0,361],[378,417]],"oversized":false,"opacity":0.9523809523809632},"::edge-10":{"group":[[12,1.3333333333332575],[186,175.66666666666674]],"viewport":[[0,361],[378,417]],"opacity":0,"oversized":false},"::edge-04":{"viewport":[[0,361],[378,417]],"oversized":false,"opacity":0,"group":[[12,-530.6666666666667],[186,175.66666666666674]]},"::edge-00":{"viewport":[[0,361],[378,417]],"oversized":false,"opacity":0,"group":[[12,-869.5],[186,156.66666666666674]]},"::edge-02":{"group":[[12,-695.3333333333333],[186,156.66666666666663]],"viewport":[[0,361],[378,417]],"opacity":0,"oversized":false},"::edge-01":{"group":[[204,-879],[186,175.66666666666674]],"viewport":[[0,361],[378,417]],"oversized":false,"opacity":0},"::edge-13":{"group":[[204,185],[186,175.66666666666674]],"oversized":false,"viewport":[[0,361],[378,417]],"opacity":0},"::edge-03":{"group":[[204,-695.3333333333333],[186,156.66666666666663]],"oversized":false,"viewport":[[0,361],[378,417]],"opacity":0},"::edge-08":{"group":[[12,-163.33333333333337],[186,156.66666666666663]],"viewport":[[0,361],[378,417]],"opacity":0,"oversized":false},"::quiet":{"group":[[414,369],[186,156.66666666666663]],"viewport":[[0,361],[378,417]],"opacity":1,"oversized":false},"::edge-06":{"group":[[12,-337.5],[186,156.66666666666663]],"viewport":[[0,361],[378,417]],"opacity":0,"oversized":false},"::edge-09":{"group":[[204,-163.33333333333337],[186,156.66666666666663]],"viewport":[[0,361],[378,417]],"opacity":0,"oversized":false},"::edge-12":{"group":[[12,194.5],[186,156.66666666666674]],"oversized":false,"viewport":[[0,361],[378,417]],"opacity":0},"::edge-05":{"group":[[204,-521.1666666666667],[186,156.66666666666674]],"viewport":[[0,361],[378,417]],"opacity":0,"oversized":false},"::edge-07":{"group":[[204,-347],[186,175.66666666666663]],"oversized":false,"viewport":[[0,361],[378,417]],"opacity":0}}}
    t =    91.03s Added attachment named 'measured-geometry'
    t =    91.04s Find the Target Application 'com.corral.fleetnotifier'
    t =    91.28s Find the Target Application 'com.corral.fleetnotifier'
    t =    91.63s Find the Target Application 'com.corral.fleetnotifier'
    t =    91.84s Find the Target Application 'com.corral.fleetnotifier'
G568_PHASE day-empty-bottom-overscroll-settle epoch=1789812620.093147
    t =    92.11s Find the Target Application 'com.corral.fleetnotifier'
    t =    92.71s Added attachment named 'day-empty-bottom-overscroll-settle'
G568_ACTION_BEGIN drag epoch=1789812620.69665
    t =    92.89s Press "herd-field-repo:edge-meadow" ScrollView[0.50, 0.18] for 0.1 seconds, then drag to "herd-field-repo:edge-meadow" ScrollView[0.50, 0.82] with velocity of 250.00 pixels per second, and then hold for 0.1 seconds 
    t =    92.89s     Wait for com.corral.fleetnotifier to idle
    t =    92.90s     Find the "herd-field-repo:edge-meadow" ScrollView
    t =    93.73s     Check for interrupting elements affecting "herd-field-repo:edge-meadow" ScrollView
    t =    94.27s     Synthesize event
    t =    94.27s         Find the "herd-field-repo:edge-meadow" ScrollView
    t =    94.64s         Find the "herd-field-repo:edge-meadow" ScrollView
    t =    95.02s         Find the "herd-field-repo:edge-meadow" ScrollView
    t =    95.38s         Find the "herd-field-repo:edge-meadow" ScrollView
    t =    96.07s         Find the "herd-field-repo:edge-meadow" ScrollView
    t =    98.11s     Wait for com.corral.fleetnotifier to idle
G568_ACTION_END drag epoch=1789812626.678334
G568_ACTION_BEGIN drag epoch=1789812626.678378
    t =    98.76s Press "herd-field-repo:edge-meadow" ScrollView[0.50, 0.82] for 0.1 seconds, then drag to "herd-field-repo:edge-meadow" ScrollView[0.50, 0.18] with velocity of 250.00 pixels per second, and then hold for 0.1 seconds 
    t =    98.76s     Wait for com.corral.fleetnotifier to idle
    t =    98.85s     Find the "herd-field-repo:edge-meadow" ScrollView
    t =    99.30s     Check for interrupting elements affecting "herd-field-repo:edge-meadow" ScrollView
    t =    99.83s     Synthesize event
    t =    99.84s         Find the "herd-field-repo:edge-meadow" ScrollView
    t =   100.82s         Find the "herd-field-repo:edge-meadow" ScrollView
    t =   102.00s         Find the "herd-field-repo:edge-meadow" ScrollView
    t =   102.56s         Find the "herd-field-repo:edge-meadow" ScrollView
    t =   103.65s         Find the "herd-field-repo:edge-meadow" ScrollView
    t =   105.68s     Wait for com.corral.fleetnotifier to idle
G568_ACTION_END drag epoch=1789812634.495081
    t =   107.51s Waiting 5.0s for "g568-geometry" Other to exist
    t =   108.53s     Checking `Expect predicate `existsNoRetry == 1` for object "g568-geometry" Other`
    t =   108.53s         Checking existence of `"g568-geometry" Other`
    t =   108.80s Find the "g568-geometry" Other
G568_GEOMETRY epoch=1789812637.198978 {"samples":{"::edge-04":{"group":[[12,-530.3333333333335],[186,175.66666666666674]],"opacity":0,"oversized":false,"viewport":[[0,361],[378,417]]},"::edge-05":{"group":[[204,-520.8333333333335],[186,156.66666666666674]],"opacity":0,"oversized":false,"viewport":[[0,361],[378,417]]},"::edge-00":{"opacity":0,"group":[[12,-869.1666666666667],[186,156.66666666666674]],"viewport":[[0,361],[378,417]],"oversized":false},"::edge-06":{"viewport":[[0,361],[378,417]],"group":[[12,-337.16666666666674],[186,156.66666666666663]],"opacity":0,"oversized":false},"::edge-13":{"viewport":[[0,361],[378,417]],"group":[[204,185.33333333333326],[186,175.66666666666674]],"opacity":0,"oversized":false},"::edge-14":{"viewport":[[0,361],[378,417]],"group":[[12,369],[186,156.66666666666674]],"opacity":1,"oversized":false},"::edge-01":{"viewport":[[0,361],[378,417]],"group":[[204,-878.6666666666667],[186,175.66666666666674]],"opacity":0,"oversized":false},"::quiet":{"viewport":[[0,361],[378,417]],"group":[[414,369],[186,156.66666666666663]],"opacity":1,"oversized":false},"::edge-10":{"opacity":0,"group":[[12,1.666666666666515],[186,175.66666666666674]],"viewport":[[0,361],[378,417]],"oversized":false},"::edge-12":{"opacity":0,"group":[[12,194.83333333333326],[186,156.66666666666674]],"viewport":[[0,361],[378,417]],"oversized":false},"::edge-03":{"group":[[204,-695],[186,156.66666666666663]],"opacity":0,"oversized":false,"viewport":[[0,361],[378,417]]},"::edge-11":{"opacity":0,"group":[[204,11.166666666666515],[186,156.66666666666674]],"viewport":[[0,361],[378,417]],"oversized":false},"::edge-08":{"opacity":0,"group":[[12,-163.0000000000001],[186,156.66666666666663]],"viewport":[[0,361],[378,417]],"oversized":false},"::edge-09":{"viewport":[[0,361],[378,417]],"group":[[204,-163.0000000000001],[186,156.66666666666663]],"opacity":0,"oversized":false},"::edge-07":{"opacity":0,"group":[[204,-346.66666666666674],[186,175.66666666666663]],"viewport":[[0,361],[378,417]],"oversized":false},"::edge-02":{"viewport":[[0,361],[378,417]],"group":[[12,-695],[186,156.66666666666663]],"opacity":0,"oversized":false}},"updates":[1789812545.7627249,1789812549.8462338,1789812554.0757031,1789812558.175981]}
    t =   109.22s Added attachment named 'measured-geometry'
    t =   109.23s Find the Target Application 'com.corral.fleetnotifier'
    t =   109.45s Find the Target Application 'com.corral.fleetnotifier'
    t =   109.67s Find the Target Application 'com.corral.fleetnotifier'
    t =   109.80s Find the Target Application 'com.corral.fleetnotifier'
G568_PHASE day-empty-bottom-reversal-settle epoch=1789812638.025552
    t =   110.04s Find the Target Application 'com.corral.fleetnotifier'
    t =   110.52s Added attachment named 'day-empty-bottom-reversal-settle'
    t =   110.74s Swipe down "herd-field-repo:edge-meadow" ScrollView
    t =   110.74s     Wait for com.corral.fleetnotifier to idle
    t =   110.75s     Find the "herd-field-repo:edge-meadow" ScrollView
    t =   111.28s     Check for interrupting elements affecting "herd-field-repo:edge-meadow" ScrollView
    t =   111.80s     Synthesize event
    t =   113.05s     Wait for com.corral.fleetnotifier to idle
    t =   115.75s Swipe down "herd-field-repo:edge-meadow" ScrollView
    t =   115.75s     Wait for com.corral.fleetnotifier to idle
    t =   115.79s     Find the "herd-field-repo:edge-meadow" ScrollView
    t =   116.15s     Check for interrupting elements affecting "herd-field-repo:edge-meadow" ScrollView
    t =   116.48s     Synthesize event
    t =   117.68s     Wait for com.corral.fleetnotifier to idle
    t =   120.08s Swipe down "herd-field-repo:edge-meadow" ScrollView
    t =   120.08s     Wait for com.corral.fleetnotifier to idle
    t =   120.28s     Find the "herd-field-repo:edge-meadow" ScrollView
    t =   120.69s     Check for interrupting elements affecting "herd-field-repo:edge-meadow" ScrollView
    t =   121.24s     Synthesize event
    t =   122.46s     Wait for com.corral.fleetnotifier to idle
    t =   123.86s Swipe down "herd-field-repo:edge-meadow" ScrollView
    t =   123.86s     Wait for com.corral.fleetnotifier to idle
    t =   123.91s     Find the "herd-field-repo:edge-meadow" ScrollView
    t =   124.17s     Check for interrupting elements affecting "herd-field-repo:edge-meadow" ScrollView
    t =   124.64s     Synthesize event
    t =   125.92s     Wait for com.corral.fleetnotifier to idle
    t =   126.85s Swipe down "herd-field-repo:edge-meadow" ScrollView
    t =   126.85s     Wait for com.corral.fleetnotifier to idle
    t =   126.95s     Find the "herd-field-repo:edge-meadow" ScrollView
    t =   127.33s     Check for interrupting elements affecting "herd-field-repo:edge-meadow" ScrollView
    t =   127.67s     Synthesize event
    t =   129.20s     Wait for com.corral.fleetnotifier to idle
    t =   130.87s Waiting 5.0s for "g568-geometry" Other to exist
    t =   131.90s     Checking `Expect predicate `existsNoRetry == 1` for object "g568-geometry" Other`
    t =   131.91s         Checking existence of `"g568-geometry" Other`
    t =   132.18s Find the "g568-geometry" Other
G568_GEOMETRY epoch=1789812660.514822 {"updates":[1789812545.7627249,1789812549.8462338,1789812554.0757031,1789812558.175981],"samples":{"::edge-01":{"oversized":false,"group":[[204,369.3333333333333],[186,175.66666666666669]],"viewport":[[0,361],[378,417]],"opacity":1},"::edge-10":{"viewport":[[0,361],[378,417]],"oversized":false,"opacity":0,"group":[[12,1249.6666666666665],[186,175.66666666666674]]},"::edge-13":{"oversized":false,"group":[[204,1433.3333333333333],[186,175.66666666666674]],"viewport":[[0,361],[378,417]],"opacity":0},"::quiet":{"viewport":[[0,361],[378,417]],"oversized":false,"opacity":1,"group":[[414,369],[186,156.66666666666663]]},"::edge-08":{"oversized":false,"group":[[12,1085],[186,156.66666666666652]],"viewport":[[0,361],[378,417]],"opacity":0},"::edge-12":{"oversized":false,"group":[[12,1442.8333333333333],[186,156.66666666666674]],"viewport":[[0,361],[378,417]],"opacity":0},"::edge-09":{"viewport":[[0,361],[378,417]],"oversized":false,"opacity":0,"group":[[204,1085],[186,156.66666666666652]]},"::edge-03":{"oversized":false,"group":[[204,553],[186,156.66666666666674]],"viewport":[[0,361],[378,417]],"opacity":1},"::edge-00":{"oversized":false,"group":[[12,378.8333333333333],[186,156.66666666666669]],"viewport":[[0,361],[378,417]],"opacity":1},"::edge-07":{"oversized":false,"group":[[204,901.3333333333334],[186,175.66666666666663]],"viewport":[[0,361],[378,417]],"opacity":0},"::edge-05":{"oversized":false,"group":[[204,727.1666666666666],[186,156.66666666666674]],"viewport":[[0,361],[378,417]],"opacity":0},"::edge-11":{"oversized":false,"group":[[204,1259.1666666666665],[186,156.66666666666674]],"viewport":[[0,361],[378,417]],"opacity":0},"::edge-02":{"oversized":false,"group":[[12,553],[186,156.66666666666674]],"viewport":[[0,361],[378,417]],"opacity":1},"::edge-14":{"oversized":false,"group":[[12,1617],[186,156.66666666666674]],"viewport":[[0,361],[378,417]],"opacity":0},"::edge-04":{"oversized":false,"group":[[12,717.6666666666666],[186,175.66666666666674]],"viewport":[[0,361],[378,417]],"opacity":0},"::edge-06":{"oversized":false,"group":[[12,910.8333333333334],[186,156.66666666666663]],"viewport":[[0,361],[378,417]],"opacity":0}}}
    t =   132.53s Added attachment named 'measured-geometry'
    t =   132.53s Find the Target Application 'com.corral.fleetnotifier'
    t =   132.76s Find the Target Application 'com.corral.fleetnotifier'
    t =   132.89s Find the Target Application 'com.corral.fleetnotifier'
    t =   133.05s Find the Target Application 'com.corral.fleetnotifier'
    t =   133.27s Find the Target Application 'com.corral.fleetnotifier'
    t =   133.54s Find the Target Application 'com.corral.fleetnotifier'
    t =   133.77s Find the Target Application 'com.corral.fleetnotifier'
    t =   133.93s Find the Target Application 'com.corral.fleetnotifier'
    t =   134.19s Find the Target Application 'com.corral.fleetnotifier'
    t =   134.43s Find the Target Application 'com.corral.fleetnotifier'
G568_PHASE day-empty-top-flick-settle epoch=1789812662.589978
    t =   134.60s Find the Target Application 'com.corral.fleetnotifier'
    t =   135.22s Added attachment named 'day-empty-top-flick-settle'
    t =   135.23s Waiting 5.0s for "g568-geometry" Other to exist
    t =   136.27s     Checking `Expect predicate `existsNoRetry == 1` for object "g568-geometry" Other`
    t =   136.27s         Checking existence of `"g568-geometry" Other`
    t =   136.88s Find the "g568-geometry" Other
G568_GEOMETRY epoch=1789812665.449564 {"updates":[1789812545.7627249,1789812549.8462338,1789812554.0757031,1789812558.175981],"samples":{"::edge-04":{"oversized":false,"viewport":[[0,361],[378,417]],"group":[[12,717.6666666666666],[186,175.66666666666674]],"opacity":0},"::edge-05":{"group":[[204,727.1666666666666],[186,156.66666666666674]],"oversized":false,"viewport":[[0,361],[378,417]],"opacity":0},"::edge-00":{"oversized":false,"viewport":[[0,361],[378,417]],"group":[[12,378.8333333333333],[186,156.66666666666669]],"opacity":1},"::edge-06":{"group":[[12,910.8333333333334],[186,156.66666666666663]],"oversized":false,"viewport":[[0,361],[378,417]],"opacity":0},"::edge-13":{"group":[[204,1433.3333333333333],[186,175.66666666666674]],"oversized":false,"viewport":[[0,361],[378,417]],"opacity":0},"::edge-14":{"group":[[12,1617],[186,156.66666666666674]],"opacity":0,"oversized":false,"viewport":[[0,361],[378,417]]},"::edge-01":{"oversized":false,"viewport":[[0,361],[378,417]],"group":[[204,369.3333333333333],[186,175.66666666666669]],"opacity":1},"::quiet":{"group":[[414,369],[186,156.66666666666663]],"oversized":false,"viewport":[[0,361],[378,417]],"opacity":1},"::edge-10":{"group":[[12,1249.6666666666665],[186,175.66666666666674]],"oversized":false,"viewport":[[0,361],[378,417]],"opacity":0},"::edge-12":{"opacity":0,"viewport":[[0,361],[378,417]],"group":[[12,1442.8333333333333],[186,156.66666666666674]],"oversized":false},"::edge-03":{"group":[[204,553],[186,156.66666666666674]],"oversized":false,"viewport":[[0,361],[378,417]],"opacity":1},"::edge-11":{"oversized":false,"viewport":[[0,361],[378,417]],"group":[[204,1259.1666666666665],[186,156.66666666666674]],"opacity":0},"::edge-08":{"group":[[12,1085],[186,156.66666666666652]],"oversized":false,"viewport":[[0,361],[378,417]],"opacity":0},"::edge-09":{"group":[[204,1085],[186,156.66666666666652]],"oversized":false,"viewport":[[0,361],[378,417]],"opacity":0},"::edge-07":{"opacity":0,"viewport":[[0,361],[378,417]],"group":[[204,901.3333333333334],[186,175.66666666666663]],"oversized":false},"::edge-02":{"group":[[12,553],[186,156.66666666666674]],"oversized":false,"viewport":[[0,361],[378,417]],"opacity":1}}}
    t =   137.47s Added attachment named 'measured-geometry'
    t =   137.47s Find the "herd-next" Button
    t =   137.76s Tap "herd-next" Button
    t =   137.76s     Wait for com.corral.fleetnotifier to idle
    t =   137.83s     Find the "herd-next" Button
    t =   138.54s     Check for interrupting elements affecting "herd-next" Button
    t =   139.04s     Synthesize event
    t =   139.53s     Wait for com.corral.fleetnotifier to idle
    t =   139.72s Waiting 5.0s for "herd-field-repo:quiet-meadow" ScrollView to exist
    t =   140.75s     Checking `Expect predicate `existsNoRetry == 1` for object "herd-field-repo:quiet-meadow" ScrollView`
    t =   140.75s         Checking existence of `"herd-field-repo:quiet-meadow" ScrollView`
    t =   141.05s Tap "herd-previous" Button
    t =   141.05s     Wait for com.corral.fleetnotifier to idle
    t =   141.12s     Find the "herd-previous" Button
    t =   141.61s     Check for interrupting elements affecting "herd-previous" Button
    t =   142.06s     Synthesize event
    t =   142.59s     Wait for com.corral.fleetnotifier to idle
    t =   142.86s Waiting 5.0s for "herd-field-repo:edge-meadow" ScrollView to exist
    t =   143.95s     Checking `Expect predicate `existsNoRetry == 1` for object "herd-field-repo:edge-meadow" ScrollView`
    t =   143.96s         Checking existence of `"herd-field-repo:edge-meadow" ScrollView`
    t =   144.18s Swipe left "herd-field-repo:edge-meadow" ScrollView
    t =   144.18s     Wait for com.corral.fleetnotifier to idle
    t =   144.22s     Find the "herd-field-repo:edge-meadow" ScrollView
    t =   144.60s     Check for interrupting elements affecting "herd-field-repo:edge-meadow" ScrollView
    t =   145.04s     Synthesize event
    t =   146.39s     Wait for com.corral.fleetnotifier to idle
    t =   147.09s Waiting 5.0s for "herd-field-repo:quiet-meadow" ScrollView to exist
    t =   148.12s     Checking `Expect predicate `existsNoRetry == 1` for object "herd-field-repo:quiet-meadow" ScrollView`
    t =   148.12s         Checking existence of `"herd-field-repo:quiet-meadow" ScrollView`
    t =   148.26s Swipe right "herd-field-repo:quiet-meadow" ScrollView
    t =   148.26s     Wait for com.corral.fleetnotifier to idle
    t =   148.30s     Find the "herd-field-repo:quiet-meadow" ScrollView
    t =   148.68s     Check for interrupting elements affecting "herd-field-repo:quiet-meadow" ScrollView
    t =   149.17s     Synthesize event
    t =   150.74s     Wait for com.corral.fleetnotifier to idle
    t =   151.34s Waiting 5.0s for "herd-field-repo:edge-meadow" ScrollView to exist
    t =   152.37s     Checking `Expect predicate `existsNoRetry == 1` for object "herd-field-repo:edge-meadow" ScrollView`
    t =   152.37s         Checking existence of `"herd-field-repo:edge-meadow" ScrollView`
    t =   153.60s Waiting 5.0s for "g568-geometry" Other to exist
    t =   154.64s     Checking `Expect predicate `existsNoRetry == 1` for object "g568-geometry" Other`
    t =   154.64s         Checking existence of `"g568-geometry" Other`
    t =   154.98s Find the "g568-geometry" Other
G568_GEOMETRY epoch=1789812683.312305 {"updates":[1789812545.7627249,1789812549.8462338,1789812554.0757031,1789812558.175981],"samples":{"::edge-11":{"oversized":false,"viewport":[[0,361],[378,417]],"group":[[204,1259.1666666666665],[186,156.66666666666674]],"opacity":0},"::edge-08":{"oversized":false,"opacity":0,"group":[[12,1085],[186,156.66666666666652]],"viewport":[[0,361],[378,417]]},"::quiet":{"oversized":false,"opacity":1,"group":[[414,369],[186,156.66666666666663]],"viewport":[[0,361],[378,417]]},"::edge-14":{"viewport":[[0,361],[378,417]],"opacity":0,"group":[[12,1617],[186,156.66666666666674]],"oversized":false},"::edge-12":{"group":[[12,1442.8333333333333],[186,156.66666666666674]],"viewport":[[0,361],[378,417]],"opacity":0,"oversized":false},"::edge-04":{"oversized":false,"viewport":[[0,361],[378,417]],"group":[[12,717.6666666666666],[186,175.66666666666674]],"opacity":0},"::edge-03":{"group":[[204,553],[186,156.66666666666674]],"viewport":[[0,361],[378,417]],"opacity":1,"oversized":false},"::edge-09":{"group":[[204,1085],[186,156.66666666666652]],"viewport":[[0,361],[378,417]],"oversized":false,"opacity":0},"::edge-06":{"oversized":false,"opacity":0,"group":[[12,910.8333333333334],[186,156.66666666666663]],"viewport":[[0,361],[378,417]]},"::edge-10":{"oversized":false,"opacity":0,"group":[[12,1249.6666666666665],[186,175.66666666666674]],"viewport":[[0,361],[378,417]]},"::edge-00":{"oversized":false,"viewport":[[0,361],[378,417]],"group":[[12,378.8333333333333],[186,156.66666666666669]],"opacity":1},"::edge-02":{"oversized":false,"opacity":1,"group":[[12,553],[186,156.66666666666674]],"viewport":[[0,361],[378,417]]},"::edge-13":{"oversized":false,"opacity":0,"group":[[204,1433.3333333333333],[186,175.66666666666674]],"viewport":[[0,361],[378,417]]},"::edge-07":{"group":[[204,901.3333333333334],[186,175.66666666666663]],"viewport":[[0,361],[378,417]],"opacity":0,"oversized":false},"::edge-05":{"group":[[204,727.1666666666666],[186,156.66666666666674]],"viewport":[[0,361],[378,417]],"opacity":0,"oversized":false},"::edge-01":{"oversized":false,"viewport":[[0,361],[378,417]],"group":[[204,369.3333333333333],[186,175.66666666666669]],"opacity":1}}}
    t =   155.33s Added attachment named 'measured-geometry'
    t =   155.33s Find the Target Application 'com.corral.fleetnotifier'
    t =   155.61s Find the Target Application 'com.corral.fleetnotifier'
    t =   155.86s Find the Target Application 'com.corral.fleetnotifier'
    t =   156.03s Find the Target Application 'com.corral.fleetnotifier'
    t =   156.26s Find the Target Application 'com.corral.fleetnotifier'
    t =   156.42s Find the Target Application 'com.corral.fleetnotifier'
    t =   156.66s Find the Target Application 'com.corral.fleetnotifier'
    t =   156.83s Find the Target Application 'com.corral.fleetnotifier'
    t =   157.02s Find the Target Application 'com.corral.fleetnotifier'
    t =   157.26s Find the Target Application 'com.corral.fleetnotifier'
G568_PHASE day-empty-navigation-restored epoch=1789812685.4616342
    t =   157.48s Find the Target Application 'com.corral.fleetnotifier'
    t =   158.12s Added attachment named 'day-empty-navigation-restored'
G568_LIVE_UPDATES [1789812545.7627249, 1789812549.8462338, 1789812554.0757031, 1789812558.175981] duringScroll=true overlapsDrag=true
G568_CASE_END day-empty epoch=1789812686.112695
    t =   158.13s Terminate com.corral.fleetnotifier:21449
    t =   159.15s Tear Down
Test Case '-[FleetNotifierUITests.HerdEdgeGestureTests testDayEmptyRailEdges]' passed (161.965 seconds).
Test Case '-[FleetNotifierUITests.HerdEdgeGestureTests testEmptyAndSingleRowPaddocks]' started.
    t =     0.00s Start Test at 2569-09-19 5:11:29.953 PM
    t =     0.05s Set Up
    t =     0.05s Open com.corral.fleetnotifier
    t =     0.05s     Launch com.corral.fleetnotifier
2026-09-19 17:11:30.245 xcodebuild[94484:44059499] [MT] IDELaunchParametersSnapshot: The operation couldn’t be completed. (DebuggerLLDB.DebuggerVersionStore.StoreError error 0.)
2026-09-19 17:11:30.245 xcodebuild[94484:44059499] [MT] IDELaunchParametersSnapshot: no debugger version
    t =     0.72s         Setting up automation session
    t =     4.23s         Wait for com.corral.fleetnotifier to idle
    t =     9.55s Waiting 15.0s for "herd-field-repo:edge-meadow" ScrollView to exist
    t =    10.57s     Checking `Expect predicate `existsNoRetry == 1` for object "herd-field-repo:edge-meadow" ScrollView`
    t =    10.57s         Checking existence of `"herd-field-repo:edge-meadow" ScrollView`
    t =    10.87s Find the Target Application 'com.corral.fleetnotifier'
G568_CASE_BEGIN day-single epoch=1789812700.821262 screen=(0.0, 0.0, 402.0, 874.0)
    t =    12.03s Waiting 5.0s for "g568-geometry" Other to exist
    t =    13.07s     Checking `Expect predicate `existsNoRetry == 1` for object "g568-geometry" Other`
    t =    13.07s         Checking existence of `"g568-geometry" Other`
    t =    13.13s Find the "g568-geometry" Other
G568_GEOMETRY epoch=1789812703.124924 {"updates":[],"samples":{"::quiet":{"viewport":[[0,361],[378,417]],"oversized":false,"opacity":1,"group":[[414,369],[186,156.66666666666663]]},"::edge-00":{"viewport":[[0,361],[378,417]],"oversized":false,"opacity":1,"group":[[12,369],[186,156.66666666666663]]}}}
    t =    13.17s Added attachment named 'measured-geometry'
    t =    13.18s Find the Target Application 'com.corral.fleetnotifier'
    t =    13.21s Find the Target Application 'com.corral.fleetnotifier'
    t =    13.24s Find the Target Application 'com.corral.fleetnotifier'
    t =    13.28s Find the Target Application 'com.corral.fleetnotifier'
G568_PHASE single-row epoch=1789812703.2618132
    t =    13.31s Find the Target Application 'com.corral.fleetnotifier'
    t =    13.64s Added attachment named 'single-row'
    t =    13.65s Swipe up "herd-field-repo:edge-meadow" ScrollView
    t =    13.65s     Wait for com.corral.fleetnotifier to idle
    t =    13.65s     Find the "herd-field-repo:edge-meadow" ScrollView
    t =    13.71s     Check for interrupting elements affecting "herd-field-repo:edge-meadow" ScrollView
    t =    13.76s     Synthesize event
    t =    14.31s     Wait for com.corral.fleetnotifier to idle
    t =    15.88s Waiting 5.0s for "g568-geometry" Other to exist
    t =    16.93s     Checking `Expect predicate `existsNoRetry == 1` for object "g568-geometry" Other`
    t =    16.93s         Checking existence of `"g568-geometry" Other`
    t =    16.98s Find the "g568-geometry" Other
G568_GEOMETRY epoch=1789812706.9783978 {"samples":{"::edge-00":{"oversized":false,"group":[[12,369],[186,156.66666666666663]],"viewport":[[0,361],[378,417]],"opacity":1},"::quiet":{"oversized":false,"group":[[414,369],[186,156.66666666666663]],"viewport":[[0,361],[378,417]],"opacity":1}},"updates":[]}
    t =    17.03s Added attachment named 'measured-geometry'
    t =    17.03s Find the Target Application 'com.corral.fleetnotifier'
    t =    17.06s Find the Target Application 'com.corral.fleetnotifier'
    t =    17.10s Find the Target Application 'com.corral.fleetnotifier'
    t =    17.14s Find the Target Application 'com.corral.fleetnotifier'
G568_PHASE single-row-overscroll epoch=1789812707.141228
    t =    17.19s Find the Target Application 'com.corral.fleetnotifier'
    t =    17.56s Added attachment named 'single-row-overscroll'
G568_CASE_END day-single epoch=1789812707.5113611
    t =    17.56s Terminate com.corral.fleetnotifier:31360
    t =    18.65s Open com.corral.fleetnotifier
    t =    18.65s     Launch com.corral.fleetnotifier
2026-09-19 17:11:48.607 xcodebuild[94484:44059499] [MT] IDELaunchParametersSnapshot: The operation couldn’t be completed. (DebuggerLLDB.DebuggerVersionStore.StoreError error 0.)
2026-09-19 17:11:48.607 xcodebuild[94484:44059499] [MT] IDELaunchParametersSnapshot: no debugger version
    t =    19.08s         Setting up automation session
    t =    22.29s         Wait for com.corral.fleetnotifier to idle
    t =    26.74s Waiting 15.0s for "herd-field-repo:edge-meadow" ScrollView to exist
    t =    27.80s     Checking `Expect predicate `existsNoRetry == 1` for object "herd-field-repo:edge-meadow" ScrollView`
    t =    27.80s         Checking existence of `"herd-field-repo:edge-meadow" ScrollView`
    t =    28.38s Find the Target Application 'com.corral.fleetnotifier'
G568_CASE_BEGIN day-no-field epoch=1789812718.332807 screen=(0.0, 0.0, 402.0, 874.0)
    t =    28.57s Waiting 5.0s for "g568-geometry" Other to exist
    t =    29.63s     Checking `Expect predicate `existsNoRetry == 1` for object "g568-geometry" Other`
    t =    29.64s         Checking existence of `"g568-geometry" Other`
    t =    29.84s Find the "g568-geometry" Other
G568_GEOMETRY epoch=1789812719.9206982 {"samples":{"::quiet":{"group":[[414,369],[186,156.66666666666663]],"opacity":1,"viewport":[[0,361],[378,417]],"oversized":false}},"updates":[]}
    t =    29.97s Added attachment named 'measured-geometry'
G568_ACTION_BEGIN drag epoch=1789812719.922333
    t =    29.97s Press Target Application 'com.corral.fleetnotifier'[0.50, 0.82] for 0.1 seconds, then drag to Target Application 'com.corral.fleetnotifier'[0.50, 0.60] with velocity of 250.00 pixels per second, and then hold for 0.1 seconds 
    t =    29.97s     Wait for com.corral.fleetnotifier to idle
    t =    29.98s     Find the Target Application 'com.corral.fleetnotifier'
    t =    30.18s     Check for interrupting elements affecting "Corral" Application
    t =    30.31s     Synthesize event
    t =    30.31s         Find the Target Application 'com.corral.fleetnotifier'
    t =    30.40s         Find the Target Application 'com.corral.fleetnotifier'
    t =    30.45s         Find the Target Application 'com.corral.fleetnotifier'
    t =    30.55s         Find the Target Application 'com.corral.fleetnotifier'
    t =    30.77s         Find the Target Application 'com.corral.fleetnotifier'
    t =    32.11s     Wait for com.corral.fleetnotifier to idle
G568_ACTION_END drag epoch=1789812722.111897
    t =    32.16s Find the "herd-next" Button
G568_CASE_END day-no-field epoch=1789812722.170093
    t =    32.22s Terminate com.corral.fleetnotifier:32536
    t =    33.23s Tear Down
Test Case '-[FleetNotifierUITests.HerdEdgeGestureTests testEmptyAndSingleRowPaddocks]' passed (33.336 seconds).
Test Case '-[FleetNotifierUITests.HerdEdgeGestureTests testNightBlockedRailEdges]' started.
    t =     0.00s Start Test at 2569-09-19 5:12:03.290 PM
    t =     0.04s Set Up
    t =     0.04s Open com.corral.fleetnotifier
    t =     0.05s     Launch com.corral.fleetnotifier
2026-09-19 17:12:03.337 xcodebuild[94484:44059499] [MT] IDELaunchParametersSnapshot: The operation couldn’t be completed. (DebuggerLLDB.DebuggerVersionStore.StoreError error 0.)
2026-09-19 17:12:03.338 xcodebuild[94484:44059499] [MT] IDELaunchParametersSnapshot: no debugger version
    t =     0.50s         Setting up automation session
    t =     3.71s         Wait for com.corral.fleetnotifier to idle
    t =    16.54s Waiting 15.0s for "herd-field-repo:edge-meadow" ScrollView to exist
    t =    17.62s     Checking `Expect predicate `existsNoRetry == 1` for object "herd-field-repo:edge-meadow" ScrollView`
    t =    17.62s         Checking existence of `"herd-field-repo:edge-meadow" ScrollView`
    t =    18.27s Find the Target Application 'com.corral.fleetnotifier'
G568_CASE_BEGIN night-blocked epoch=1789812741.555119 screen=(0.0, 0.0, 402.0, 874.0)
    t =    19.56s Waiting 5.0s for "g568-geometry" Other to exist
    t =    20.63s     Checking `Expect predicate `existsNoRetry == 1` for object "g568-geometry" Other`
    t =    20.63s         Checking existence of `"g568-geometry" Other`
    t =    21.00s Find the "g568-geometry" Other
G568_GEOMETRY epoch=1789812744.791353 {"updates":[1789812740.327512,1789812744.427295],"samples":{"::edge-11":{"oversized":false,"viewport":[[0,361],[378,417]],"opacity":0,"group":[[204,1258.8333333333333],[186,156.66666666666674]]},"::edge-05":{"oversized":false,"viewport":[[0,361],[378,417]],"opacity":0,"group":[[204,726.8333333333333],[186,156.66666666666674]]},"::edge-03":{"oversized":false,"viewport":[[0,361],[378,417]],"opacity":1,"group":[[204,552.6666666666667],[186,156.66666666666663]]},"::edge-01":{"oversized":false,"viewport":[[0,361],[378,417]],"opacity":1,"group":[[204,369],[186,175.66666666666663]]},"::edge-08":{"opacity":0,"oversized":false,"viewport":[[0,361],[378,417]],"group":[[12,1084.6666666666665],[186,156.66666666666674]]},"::edge-07":{"viewport":[[0,361],[378,417]],"oversized":false,"group":[[204,901],[186,175.66666666666652]],"opacity":0},"::edge-09":{"opacity":0,"oversized":false,"viewport":[[0,361],[378,417]],"group":[[204,1084.6666666666665],[186,156.66666666666674]]},"::quiet":{"oversized":false,"viewport":[[0,361],[378,417]],"opacity":1,"group":[[414,369],[186,156.66666666666663]]},"::edge-06":{"oversized":false,"viewport":[[0,361],[378,417]],"opacity":0,"group":[[12,910.5],[186,156.66666666666652]]},"::edge-12":{"oversized":false,"viewport":[[0,361],[378,417]],"opacity":0,"group":[[12,1442.5],[186,156.66666666666674]]},"::edge-04":{"oversized":false,"viewport":[[0,361],[378,417]],"opacity":0,"group":[[12,717.3333333333333],[186,175.66666666666674]]},"::edge-02":{"oversized":false,"viewport":[[0,361],[378,417]],"opacity":1,"group":[[12,552.6666666666667],[186,156.66666666666663]]},"::edge-13":{"oversized":false,"viewport":[[0,361],[378,417]],"opacity":0,"group":[[204,1433],[186,175.66666666666674]]},"::edge-14":{"viewport":[[0,361],[378,417]],"oversized":false,"group":[[12,1616.6666666666667],[186,156.66666666666674]],"opacity":0},"::edge-10":{"oversized":false,"viewport":[[0,361],[378,417]],"opacity":0,"group":[[12,1249.3333333333333],[186,175.66666666666674]]},"::edge-00":{"oversized":false,"viewport":[[0,361],[378,417]],"opacity":1,"group":[[12,378.5],[186,156.66666666666663]]}}}
    t =    21.51s Added attachment named 'measured-geometry'
    t =    21.51s Find the Target Application 'com.corral.fleetnotifier'
    t =    21.82s Find the Target Application 'com.corral.fleetnotifier'
    t =    22.19s Find the Target Application 'com.corral.fleetnotifier'
    t =    22.38s Find the Target Application 'com.corral.fleetnotifier'
    t =    22.56s Find the Target Application 'com.corral.fleetnotifier'
    t =    22.79s Find the Target Application 'com.corral.fleetnotifier'
    t =    23.04s Find the Target Application 'com.corral.fleetnotifier'
    t =    23.33s Find the Target Application 'com.corral.fleetnotifier'
    t =    23.58s Find the Target Application 'com.corral.fleetnotifier'
    t =    23.84s Find the Target Application 'com.corral.fleetnotifier'
G568_PHASE night-blocked-first-row epoch=1789812747.380931
    t =    24.09s Find the Target Application 'com.corral.fleetnotifier'
    t =    24.74s Added attachment named 'night-blocked-first-row'
G568_ACTION_BEGIN drag epoch=1789812748.029086
    t =    24.74s Press "herd-field-repo:edge-meadow" ScrollView[0.50, 0.18] for 0.1 seconds, then drag to "herd-field-repo:edge-meadow" ScrollView[0.50, 0.82] with velocity of 250.00 pixels per second, and then hold for 0.1 seconds 
    t =    24.74s     Wait for com.corral.fleetnotifier to idle
    t =    24.79s     Find the "herd-field-repo:edge-meadow" ScrollView
    t =    27.00s     Check for interrupting elements affecting "herd-field-repo:edge-meadow" ScrollView
    t =    27.67s     Synthesize event
    t =    27.74s         Find the "herd-field-repo:edge-meadow" ScrollView
    t =    28.89s         Find the "herd-field-repo:edge-meadow" ScrollView
    t =    29.67s         Find the "herd-field-repo:edge-meadow" ScrollView
    t =    30.30s         Find the "herd-field-repo:edge-meadow" ScrollView
    t =    30.96s         Find the "herd-field-repo:edge-meadow" ScrollView
    t =    32.86s     Wait for com.corral.fleetnotifier to idle
G568_ACTION_END drag epoch=1789812756.744972
    t =    34.47s Waiting 5.0s for "g568-geometry" Other to exist
    t =    35.56s     Checking `Expect predicate `existsNoRetry == 1` for object "g568-geometry" Other`
    t =    35.56s         Checking existence of `"g568-geometry" Other`
    t =    36.23s Find the "g568-geometry" Other
G568_GEOMETRY epoch=1789812760.794347 {"updates":[1789812740.327512,1789812744.427295,1789812748.513332,1789812752.5753798],"samples":{"::edge-02":{"viewport":[[0,361],[378,417]],"group":[[12,552.6666666666667],[186,156.66666666666663]],"opacity":1,"oversized":false},"::edge-01":{"group":[[204,369],[186,175.66666666666663]],"viewport":[[0,361],[378,417]],"oversized":false,"opacity":1},"::edge-04":{"opacity":0,"group":[[12,717.3333333333333],[186,175.66666666666674]],"viewport":[[0,361],[378,417]],"oversized":false},"::edge-13":{"viewport":[[0,361],[378,417]],"group":[[204,1433],[186,175.66666666666674]],"opacity":0,"oversized":false},"::edge-09":{"viewport":[[0,361],[378,417]],"group":[[204,1084.6666666666665],[186,156.66666666666674]],"opacity":0,"oversized":false},"::edge-10":{"group":[[12,1249.3333333333333],[186,175.66666666666674]],"viewport":[[0,361],[378,417]],"oversized":false,"opacity":0},"::edge-14":{"group":[[12,1616.6666666666667],[186,156.66666666666674]],"viewport":[[0,361],[378,417]],"oversized":false,"opacity":0},"::edge-12":{"opacity":0,"group":[[12,1442.5],[186,156.66666666666674]],"viewport":[[0,361],[378,417]],"oversized":false},"::edge-11":{"opacity":0,"group":[[204,1258.8333333333333],[186,156.66666666666674]],"viewport":[[0,361],[378,417]],"oversized":false},"::edge-05":{"viewport":[[0,361],[378,417]],"group":[[204,726.8333333333333],[186,156.66666666666674]],"opacity":0,"oversized":false},"::edge-07":{"group":[[204,901],[186,175.66666666666652]],"viewport":[[0,361],[378,417]],"oversized":false,"opacity":0},"::edge-00":{"viewport":[[0,361],[378,417]],"group":[[12,378.5],[186,156.66666666666663]],"opacity":1,"oversized":false},"::edge-03":{"group":[[204,552.6666666666667],[186,156.66666666666663]],"viewport":[[0,361],[378,417]],"oversized":false,"opacity":1},"::quiet":{"group":[[414,369],[186,156.66666666666663]],"viewport":[[0,361],[378,417]],"oversized":false,"opacity":1},"::edge-06":{"opacity":0,"group":[[12,910.5],[186,156.66666666666652]],"viewport":[[0,361],[378,417]],"oversized":false},"::edge-08":{"viewport":[[0,361],[378,417]],"group":[[12,1084.6666666666665],[186,156.66666666666674]],"opacity":0,"oversized":false}}}
    t =    37.56s Added attachment named 'measured-geometry'
    t =    37.56s Find the Target Application 'com.corral.fleetnotifier'
    t =    37.74s Find the Target Application 'com.corral.fleetnotifier'
    t =    38.05s Find the Target Application 'com.corral.fleetnotifier'
    t =    38.30s Find the Target Application 'com.corral.fleetnotifier'
    t =    38.50s Find the Target Application 'com.corral.fleetnotifier'
    t =    38.73s Find the Target Application 'com.corral.fleetnotifier'
    t =    39.02s Find the Target Application 'com.corral.fleetnotifier'
    t =    39.27s Find the Target Application 'com.corral.fleetnotifier'
    t =    39.49s Find the Target Application 'com.corral.fleetnotifier'
    t =    39.66s Find the Target Application 'com.corral.fleetnotifier'
G568_PHASE night-blocked-top-overscroll-settle epoch=1789812763.2374868
    t =    39.95s Find the Target Application 'com.corral.fleetnotifier'
    t =    40.71s Added attachment named 'night-blocked-top-overscroll-settle'
G568_ACTION_BEGIN drag epoch=1789812764.004919
    t =    40.87s Press "herd-field-repo:edge-meadow" ScrollView[0.50, 0.82] for 0.1 seconds, then drag to "herd-field-repo:edge-meadow" ScrollView[0.50, 0.18] with velocity of 250.00 pixels per second, and then hold for 0.1 seconds 
    t =    40.87s     Wait for com.corral.fleetnotifier to idle
    t =    41.09s     Find the "herd-field-repo:edge-meadow" ScrollView
    t =    41.58s     Check for interrupting elements affecting "herd-field-repo:edge-meadow" ScrollView
    t =    42.19s     Synthesize event
    t =    42.31s         Find the "herd-field-repo:edge-meadow" ScrollView
    t =    44.44s         Find the "herd-field-repo:edge-meadow" ScrollView
    t =    46.50s         Find the "herd-field-repo:edge-meadow" ScrollView
    t =    47.07s         Find the "herd-field-repo:edge-meadow" ScrollView
    t =    48.05s         Find the "herd-field-repo:edge-meadow" ScrollView
    t =    50.08s     Wait for com.corral.fleetnotifier to idle
G568_ACTION_END drag epoch=1789812774.4727712
G568_ACTION_BEGIN drag epoch=1789812774.472821
    t =    51.35s Press "herd-field-repo:edge-meadow" ScrollView[0.50, 0.18] for 0.1 seconds, then drag to "herd-field-repo:edge-meadow" ScrollView[0.50, 0.82] with velocity of 250.00 pixels per second, and then hold for 0.1 seconds 
    t =    51.36s     Wait for com.corral.fleetnotifier to idle
    t =    51.39s     Find the "herd-field-repo:edge-meadow" ScrollView
    t =    51.83s     Check for interrupting elements affecting "herd-field-repo:edge-meadow" ScrollView
    t =    52.35s     Synthesize event
    t =    52.46s         Find the "herd-field-repo:edge-meadow" ScrollView
    t =    53.09s         Find the "herd-field-repo:edge-meadow" ScrollView
    t =    54.26s         Find the "herd-field-repo:edge-meadow" ScrollView
    t =    55.30s         Find the "herd-field-repo:edge-meadow" ScrollView
    t =    56.19s         Find the "herd-field-repo:edge-meadow" ScrollView
    t =    58.31s     Wait for com.corral.fleetnotifier to idle
G568_ACTION_END drag epoch=1789812782.3374681
    t =    60.06s Waiting 5.0s for "g568-geometry" Other to exist
    t =    61.10s     Checking `Expect predicate `existsNoRetry == 1` for object "g568-geometry" Other`
    t =    61.10s         Checking existence of `"g568-geometry" Other`
    t =    61.50s Find the "g568-geometry" Other
G568_GEOMETRY epoch=1789812785.165629 {"samples":{"::edge-13":{"viewport":[[0,361],[378,417]],"group":[[204,1433],[186,175.66666666666674]],"oversized":false,"opacity":0},"::edge-09":{"viewport":[[0,361],[378,417]],"group":[[204,1084.6666666666665],[186,156.66666666666674]],"oversized":false,"opacity":0},"::edge-10":{"viewport":[[0,361],[378,417]],"group":[[12,1249.3333333333333],[186,175.66666666666674]],"oversized":false,"opacity":0},"::edge-08":{"group":[[12,1084.6666666666665],[186,156.66666666666674]],"oversized":false,"viewport":[[0,361],[378,417]],"opacity":0},"::edge-05":{"group":[[204,726.8333333333333],[186,156.66666666666674]],"oversized":false,"viewport":[[0,361],[378,417]],"opacity":0},"::edge-01":{"group":[[204,369],[186,175.66666666666663]],"oversized":false,"opacity":1,"viewport":[[0,361],[378,417]]},"::edge-14":{"group":[[12,1616.6666666666667],[186,156.66666666666674]],"oversized":false,"viewport":[[0,361],[378,417]],"opacity":0},"::quiet":{"viewport":[[0,361],[378,417]],"group":[[414,369],[186,156.66666666666663]],"oversized":false,"opacity":1},"::edge-07":{"group":[[204,901],[186,175.66666666666652]],"oversized":false,"opacity":0,"viewport":[[0,361],[378,417]]},"::edge-11":{"group":[[204,1258.8333333333333],[186,156.66666666666674]],"oversized":false,"opacity":0,"viewport":[[0,361],[378,417]]},"::edge-06":{"viewport":[[0,361],[378,417]],"group":[[12,910.5],[186,156.66666666666652]],"oversized":false,"opacity":0},"::edge-04":{"viewport":[[0,361],[378,417]],"group":[[12,717.3333333333333],[186,175.66666666666674]],"oversized":false,"opacity":0},"::edge-03":{"group":[[204,552.6666666666667],[186,156.66666666666663]],"oversized":false,"opacity":1,"viewport":[[0,361],[378,417]]},"::edge-02":{"viewport":[[0,361],[378,417]],"group":[[12,552.6666666666667],[186,156.66666666666663]],"oversized":false,"opacity":1},"::edge-12":{"group":[[12,1442.5],[186,156.66666666666674]],"oversized":false,"viewport":[[0,361],[378,417]],"opacity":0},"::edge-00":{"viewport":[[0,361],[378,417]],"group":[[12,378.5],[186,156.66666666666663]],"oversized":false,"opacity":1}},"updates":[1789812740.327512,1789812744.427295,1789812748.513332,1789812752.5753798]}
    t =    61.88s Added attachment named 'measured-geometry'
    t =    61.88s Find the Target Application 'com.corral.fleetnotifier'
    t =    62.17s Find the Target Application 'com.corral.fleetnotifier'
    t =    62.45s Find the Target Application 'com.corral.fleetnotifier'
    t =    62.74s Find the Target Application 'com.corral.fleetnotifier'
    t =    63.00s Find the Target Application 'com.corral.fleetnotifier'
    t =    63.27s Find the Target Application 'com.corral.fleetnotifier'
    t =    63.54s Find the Target Application 'com.corral.fleetnotifier'
    t =    63.81s Find the Target Application 'com.corral.fleetnotifier'
    t =    64.00s Find the Target Application 'com.corral.fleetnotifier'
    t =    64.24s Find the Target Application 'com.corral.fleetnotifier'
G568_PHASE night-blocked-top-reversal-settle epoch=1789812787.700972
    t =    64.41s Find the Target Application 'com.corral.fleetnotifier'
    t =    65.36s Added attachment named 'night-blocked-top-reversal-settle'
    t =    65.58s Swipe up "herd-field-repo:edge-meadow" ScrollView
    t =    65.59s     Wait for com.corral.fleetnotifier to idle
    t =    65.75s     Find the "herd-field-repo:edge-meadow" ScrollView
    t =    66.51s     Check for interrupting elements affecting "herd-field-repo:edge-meadow" ScrollView
    t =    67.00s     Synthesize event
    t =    68.87s     Wait for com.corral.fleetnotifier to idle
    t =    71.74s Swipe up "herd-field-repo:edge-meadow" ScrollView
    t =    71.74s     Wait for com.corral.fleetnotifier to idle
    t =    72.02s     Find the "herd-field-repo:edge-meadow" ScrollView
    t =    72.36s     Check for interrupting elements affecting "herd-field-repo:edge-meadow" ScrollView
    t =    72.74s     Synthesize event
    t =    74.43s     Wait for com.corral.fleetnotifier to idle
    t =    76.45s Swipe up "herd-field-repo:edge-meadow" ScrollView
    t =    76.45s     Wait for com.corral.fleetnotifier to idle
    t =    76.76s     Find the "herd-field-repo:edge-meadow" ScrollView
    t =    77.25s     Check for interrupting elements affecting "herd-field-repo:edge-meadow" ScrollView
    t =    77.51s     Synthesize event
    t =    79.07s     Wait for com.corral.fleetnotifier to idle
    t =    79.83s Swipe up "herd-field-repo:edge-meadow" ScrollView
    t =    79.83s     Wait for com.corral.fleetnotifier to idle
    t =    79.83s     Find the "herd-field-repo:edge-meadow" ScrollView
    t =    80.86s     Check for interrupting elements affecting "herd-field-repo:edge-meadow" ScrollView
    t =    81.66s     Synthesize event
    t =    83.11s     Wait for com.corral.fleetnotifier to idle
    t =    83.90s Swipe up "herd-field-repo:edge-meadow" ScrollView
    t =    83.91s     Wait for com.corral.fleetnotifier to idle
    t =    83.95s     Find the "herd-field-repo:edge-meadow" ScrollView
    t =    84.22s     Check for interrupting elements affecting "herd-field-repo:edge-meadow" ScrollView
    t =    84.67s     Synthesize event
    t =    86.25s     Wait for com.corral.fleetnotifier to idle
    t =    88.40s Waiting 5.0s for "g568-geometry" Other to exist
    t =    89.47s     Checking `Expect predicate `existsNoRetry == 1` for object "g568-geometry" Other`
    t =    89.47s         Checking existence of `"g568-geometry" Other`
    t =    89.73s Find the "g568-geometry" Other
G568_GEOMETRY epoch=1789812813.444586 {"samples":{"::edge-03":{"oversized":false,"viewport":[[0,361],[378,417]],"group":[[204,-695],[186,156.66666666666663]],"opacity":0},"::edge-08":{"viewport":[[0,361],[378,417]],"opacity":0,"oversized":false,"group":[[12,-163.0000000000001],[186,156.66666666666663]]},"::quiet":{"opacity":1,"oversized":false,"group":[[414,369],[186,156.66666666666663]],"viewport":[[0,361],[378,417]]},"::edge-04":{"oversized":false,"viewport":[[0,361],[378,417]],"group":[[12,-530.3333333333335],[186,175.66666666666674]],"opacity":0},"::edge-07":{"oversized":false,"viewport":[[0,361],[378,417]],"opacity":0,"group":[[204,-346.66666666666674],[186,175.66666666666663]]},"::edge-13":{"viewport":[[0,361],[378,417]],"opacity":0,"oversized":false,"group":[[204,185.33333333333326],[186,175.66666666666674]]},"::edge-11":{"oversized":false,"viewport":[[0,361],[378,417]],"group":[[204,11.166666666666515],[186,156.66666666666674]],"opacity":0},"::edge-09":{"viewport":[[0,361],[378,417]],"opacity":0,"oversized":false,"group":[[204,-163.0000000000001],[186,156.66666666666663]]},"::edge-06":{"oversized":false,"viewport":[[0,361],[378,417]],"group":[[12,-337.16666666666674],[186,156.66666666666663]],"opacity":0},"::edge-14":{"opacity":1,"oversized":false,"group":[[12,369],[186,156.66666666666674]],"viewport":[[0,361],[378,417]]},"::edge-10":{"viewport":[[0,361],[378,417]],"opacity":0,"oversized":false,"group":[[12,1.666666666666515],[186,175.66666666666674]]},"::edge-00":{"oversized":false,"viewport":[[0,361],[378,417]],"group":[[12,-869.1666666666667],[186,156.66666666666674]],"opacity":0},"::edge-12":{"oversized":false,"viewport":[[0,361],[378,417]],"group":[[12,194.83333333333326],[186,156.66666666666674]],"opacity":0},"::edge-05":{"viewport":[[0,361],[378,417]],"opacity":0,"oversized":false,"group":[[204,-520.8333333333335],[186,156.66666666666674]]},"::edge-02":{"oversized":false,"viewport":[[0,361],[378,417]],"group":[[12,-695],[186,156.66666666666663]],"opacity":0},"::edge-01":{"oversized":false,"viewport":[[0,361],[378,417]],"opacity":0,"group":[[204,-878.6666666666667],[186,175.66666666666674]]}},"updates":[1789812740.327512,1789812744.427295,1789812748.513332,1789812752.5753798]}
    t =    90.22s Added attachment named 'measured-geometry'
    t =    90.22s Find the Target Application 'com.corral.fleetnotifier'
    t =    90.42s Find the Target Application 'com.corral.fleetnotifier'
    t =    90.61s Find the Target Application 'com.corral.fleetnotifier'
    t =    90.84s Find the Target Application 'com.corral.fleetnotifier'
G568_PHASE night-blocked-bottom-flick-settle epoch=1789812814.3863149
    t =    91.10s Find the Target Application 'com.corral.fleetnotifier'
    t =    91.73s Added attachment named 'night-blocked-bottom-flick-settle'
    t =    91.73s Waiting 5.0s for "g568-geometry" Other to exist
    t =    92.76s     Checking `Expect predicate `existsNoRetry == 1` for object "g568-geometry" Other`
    t =    92.76s         Checking existence of `"g568-geometry" Other`
    t =    93.10s Find the "g568-geometry" Other
G568_GEOMETRY epoch=1789812816.890016 {"samples":{"::edge-02":{"oversized":false,"opacity":0,"viewport":[[0,361],[378,417]],"group":[[12,-695],[186,156.66666666666663]]},"::edge-01":{"viewport":[[0,361],[378,417]],"oversized":false,"opacity":0,"group":[[204,-878.6666666666667],[186,175.66666666666674]]},"::edge-04":{"oversized":false,"opacity":0,"viewport":[[0,361],[378,417]],"group":[[12,-530.3333333333335],[186,175.66666666666674]]},"::edge-13":{"viewport":[[0,361],[378,417]],"oversized":false,"opacity":0,"group":[[204,185.33333333333326],[186,175.66666666666674]]},"::edge-09":{"viewport":[[0,361],[378,417]],"oversized":false,"opacity":0,"group":[[204,-163.0000000000001],[186,156.66666666666663]]},"::edge-10":{"viewport":[[0,361],[378,417]],"oversized":false,"opacity":0,"group":[[12,1.666666666666515],[186,175.66666666666674]]},"::edge-14":{"opacity":1,"viewport":[[0,361],[378,417]],"oversized":false,"group":[[12,369],[186,156.66666666666674]]},"::edge-12":{"oversized":false,"opacity":0,"viewport":[[0,361],[378,417]],"group":[[12,194.83333333333326],[186,156.66666666666674]]},"::edge-11":{"oversized":false,"opacity":0,"viewport":[[0,361],[378,417]],"group":[[204,11.166666666666515],[186,156.66666666666674]]},"::edge-05":{"viewport":[[0,361],[378,417]],"oversized":false,"opacity":0,"group":[[204,-520.8333333333335],[186,156.66666666666674]]},"::edge-07":{"viewport":[[0,361],[378,417]],"oversized":false,"opacity":0,"group":[[204,-346.66666666666674],[186,175.66666666666663]]},"::edge-00":{"oversized":false,"opacity":0,"viewport":[[0,361],[378,417]],"group":[[12,-869.1666666666667],[186,156.66666666666674]]},"::edge-03":{"opacity":0,"viewport":[[0,361],[378,417]],"oversized":false,"group":[[204,-695],[186,156.66666666666663]]},"::quiet":{"opacity":1,"viewport":[[0,361],[378,417]],"oversized":false,"group":[[414,369],[186,156.66666666666663]]},"::edge-06":{"oversized":false,"opacity":0,"viewport":[[0,361],[378,417]],"group":[[12,-337.16666666666674],[186,156.66666666666663]]},"::edge-08":{"viewport":[[0,361],[378,417]],"oversized":false,"opacity":0,"group":[[12,-163.0000000000001],[186,156.66666666666663]]}},"updates":[1789812740.327512,1789812744.427295,1789812748.513332,1789812752.5753798]}
    t =    93.60s Added attachment named 'measured-geometry'
G568_ACTION_BEGIN drag epoch=1789812816.895277
    t =    93.61s Press "herd-field-repo:edge-meadow" ScrollView[0.50, 0.82] for 0.1 seconds, then drag to "herd-field-repo:edge-meadow" ScrollView[0.50, 0.18] with velocity of 250.00 pixels per second, and then hold for 0.1 seconds 
    t =    93.61s     Wait for com.corral.fleetnotifier to idle
    t =    93.61s     Find the "herd-field-repo:edge-meadow" ScrollView
    t =    94.12s     Check for interrupting elements affecting "herd-field-repo:edge-meadow" ScrollView
    t =    94.62s     Synthesize event
    t =    94.72s         Find the "herd-field-repo:edge-meadow" ScrollView
    t =    95.25s         Find the "herd-field-repo:edge-meadow" ScrollView
    t =    95.82s         Find the "herd-field-repo:edge-meadow" ScrollView
    t =    96.50s         Find the "herd-field-repo:edge-meadow" ScrollView
    t =    97.22s         Find the "herd-field-repo:edge-meadow" ScrollView
    t =    99.12s     Wait for com.corral.fleetnotifier to idle
G568_ACTION_END drag epoch=1789812823.2849622
    t =   101.01s Waiting 5.0s for "g568-geometry" Other to exist
    t =   102.07s     Checking `Expect predicate `existsNoRetry == 1` for object "g568-geometry" Other`
    t =   102.07s         Checking existence of `"g568-geometry" Other`
    t =   102.50s Find the "g568-geometry" Other
G568_GEOMETRY epoch=1789812826.198782 {"samples":{"::edge-13":{"group":[[204,185.33333333333326],[186,175.66666666666674]],"oversized":false,"opacity":0,"viewport":[[0,361],[378,417]]},"::edge-06":{"opacity":0,"viewport":[[0,361],[378,417]],"oversized":false,"group":[[12,-337.16666666666674],[186,156.66666666666663]]},"::edge-10":{"opacity":0,"viewport":[[0,361],[378,417]],"oversized":false,"group":[[12,1.666666666666515],[186,175.66666666666674]]},"::edge-03":{"opacity":0,"viewport":[[0,361],[378,417]],"oversized":false,"group":[[204,-695],[186,156.66666666666663]]},"::edge-12":{"group":[[12,194.83333333333326],[186,156.66666666666674]],"oversized":false,"opacity":0,"viewport":[[0,361],[378,417]]},"::edge-08":{"opacity":0,"viewport":[[0,361],[378,417]],"oversized":false,"group":[[12,-163.0000000000001],[186,156.66666666666663]]},"::edge-04":{"opacity":0,"viewport":[[0,361],[378,417]],"oversized":false,"group":[[12,-530.3333333333335],[186,175.66666666666674]]},"::edge-11":{"opacity":0,"viewport":[[0,361],[378,417]],"oversized":false,"group":[[204,11.166666666666515],[186,156.66666666666674]]},"::edge-09":{"group":[[204,-163.0000000000001],[186,156.66666666666663]],"oversized":false,"opacity":0,"viewport":[[0,361],[378,417]]},"::edge-14":{"opacity":1,"viewport":[[0,361],[378,417]],"oversized":false,"group":[[12,369],[186,156.66666666666674]]},"::edge-07":{"opacity":0,"viewport":[[0,361],[378,417]],"oversized":false,"group":[[204,-346.66666666666674],[186,175.66666666666663]]},"::quiet":{"opacity":1,"viewport":[[0,361],[378,417]],"oversized":false,"group":[[414,369],[186,156.66666666666663]]},"::edge-01":{"group":[[204,-878.6666666666667],[186,175.66666666666674]],"oversized":false,"opacity":0,"viewport":[[0,361],[378,417]]},"::edge-05":{"group":[[204,-520.8333333333335],[186,156.66666666666674]],"oversized":false,"opacity":0,"viewport":[[0,361],[378,417]]},"::edge-02":{"group":[[12,-695],[186,156.66666666666663]],"oversized":false,"opacity":0,"viewport":[[0,361],[378,417]]},"::edge-00":{"group":[[12,-869.1666666666667],[186,156.66666666666674]],"oversized":false,"opacity":0,"viewport":[[0,361],[378,417]]}},"updates":[1789812740.327512,1789812744.427295,1789812748.513332,1789812752.5753798]}
    t =   102.92s Added attachment named 'measured-geometry'
    t =   102.92s Find the Target Application 'com.corral.fleetnotifier'
    t =   103.19s Find the Target Application 'com.corral.fleetnotifier'
    t =   103.43s Find the Target Application 'com.corral.fleetnotifier'
    t =   103.71s Find the Target Application 'com.corral.fleetnotifier'
G568_PHASE night-blocked-bottom-overscroll-settle epoch=1789812827.273293
    t =   103.98s Find the Target Application 'com.corral.fleetnotifier'
    t =   104.73s Added attachment named 'night-blocked-bottom-overscroll-settle'
G568_ACTION_BEGIN drag epoch=1789812828.0255852
    t =   104.89s Press "herd-field-repo:edge-meadow" ScrollView[0.50, 0.18] for 0.1 seconds, then drag to "herd-field-repo:edge-meadow" ScrollView[0.50, 0.82] with velocity of 250.00 pixels per second, and then hold for 0.1 seconds 
    t =   104.89s     Wait for com.corral.fleetnotifier to idle
    t =   104.99s     Find the "herd-field-repo:edge-meadow" ScrollView
    t =   105.38s     Check for interrupting elements affecting "herd-field-repo:edge-meadow" ScrollView
    t =   105.85s     Synthesize event
    t =   105.96s         Find the "herd-field-repo:edge-meadow" ScrollView
    t =   106.67s         Find the "herd-field-repo:edge-meadow" ScrollView
    t =   107.37s         Find the "herd-field-repo:edge-meadow" ScrollView
    t =   107.76s         Find the "herd-field-repo:edge-meadow" ScrollView
    t =   108.26s         Find the "herd-field-repo:edge-meadow" ScrollView
    t =   110.29s     Wait for com.corral.fleetnotifier to idle
G568_ACTION_END drag epoch=1789812834.139499
G568_ACTION_BEGIN drag epoch=1789812834.139552
    t =   110.97s Press "herd-field-repo:edge-meadow" ScrollView[0.50, 0.82] for 0.1 seconds, then drag to "herd-field-repo:edge-meadow" ScrollView[0.50, 0.18] with velocity of 250.00 pixels per second, and then hold for 0.1 seconds 
    t =   110.97s     Wait for com.corral.fleetnotifier to idle
    t =   111.30s     Find the "herd-field-repo:edge-meadow" ScrollView
    t =   111.85s     Check for interrupting elements affecting "herd-field-repo:edge-meadow" ScrollView
    t =   112.23s     Synthesize event
    t =   112.35s         Find the "herd-field-repo:edge-meadow" ScrollView
    t =   112.91s         Find the "herd-field-repo:edge-meadow" ScrollView
    t =   113.51s         Find the "herd-field-repo:edge-meadow" ScrollView
    t =   114.16s         Find the "herd-field-repo:edge-meadow" ScrollView
    t =   114.70s         Find the "herd-field-repo:edge-meadow" ScrollView
    t =   116.95s     Wait for com.corral.fleetnotifier to idle
G568_ACTION_END drag epoch=1789812840.870733
    t =   118.59s Waiting 5.0s for "g568-geometry" Other to exist
    t =   119.65s     Checking `Expect predicate `existsNoRetry == 1` for object "g568-geometry" Other`
    t =   119.65s         Checking existence of `"g568-geometry" Other`
    t =   119.94s Find the "g568-geometry" Other
G568_GEOMETRY epoch=1789812843.718978 {"samples":{"::edge-02":{"opacity":0,"viewport":[[0,361],[378,417]],"oversized":false,"group":[[12,-695],[186,156.66666666666663]]},"::edge-01":{"group":[[204,-878.6666666666667],[186,175.66666666666674]],"opacity":0,"viewport":[[0,361],[378,417]],"oversized":false},"::edge-04":{"opacity":0,"viewport":[[0,361],[378,417]],"oversized":false,"group":[[12,-530.3333333333335],[186,175.66666666666674]]},"::edge-10":{"group":[[12,1.666666666666515],[186,175.66666666666674]],"opacity":0,"viewport":[[0,361],[378,417]],"oversized":false},"::edge-13":{"viewport":[[0,361],[378,417]],"opacity":0,"oversized":false,"group":[[204,185.33333333333326],[186,175.66666666666674]]},"::edge-09":{"viewport":[[0,361],[378,417]],"opacity":0,"oversized":false,"group":[[204,-163.0000000000001],[186,156.66666666666663]]},"::edge-12":{"viewport":[[0,361],[378,417]],"opacity":0,"oversized":false,"group":[[12,194.83333333333326],[186,156.66666666666674]]},"::edge-14":{"viewport":[[0,361],[378,417]],"opacity":1,"group":[[12,369],[186,156.66666666666674]],"oversized":false},"::edge-11":{"viewport":[[0,361],[378,417]],"opacity":0,"oversized":false,"group":[[204,11.166666666666515],[186,156.66666666666674]]},"::edge-05":{"opacity":0,"oversized":false,"group":[[204,-520.8333333333335],[186,156.66666666666674]],"viewport":[[0,361],[378,417]]},"::edge-00":{"viewport":[[0,361],[378,417]],"opacity":0,"oversized":false,"group":[[12,-869.1666666666667],[186,156.66666666666674]]},"::edge-07":{"viewport":[[0,361],[378,417]],"opacity":0,"group":[[204,-346.66666666666674],[186,175.66666666666663]],"oversized":false},"::edge-03":{"group":[[204,-695],[186,156.66666666666663]],"opacity":0,"viewport":[[0,361],[378,417]],"oversized":false},"::quiet":{"group":[[414,369],[186,156.66666666666663]],"opacity":1,"viewport":[[0,361],[378,417]],"oversized":false},"::edge-06":{"viewport":[[0,361],[378,417]],"opacity":0,"oversized":false,"group":[[12,-337.16666666666674],[186,156.66666666666663]]},"::edge-08":{"viewport":[[0,361],[378,417]],"opacity":0,"group":[[12,-163.0000000000001],[186,156.66666666666663]],"oversized":false}},"updates":[1789812740.327512,1789812744.427295,1789812748.513332,1789812752.5753798]}
    t =   120.45s Added attachment named 'measured-geometry'
    t =   120.45s Find the Target Application 'com.corral.fleetnotifier'
    t =   120.62s Find the Target Application 'com.corral.fleetnotifier'
    t =   120.86s Find the Target Application 'com.corral.fleetnotifier'
    t =   121.14s Find the Target Application 'com.corral.fleetnotifier'
G568_PHASE night-blocked-bottom-reversal-settle epoch=1789812844.679707
    t =   121.39s Find the Target Application 'com.corral.fleetnotifier'
    t =   122.03s Added attachment named 'night-blocked-bottom-reversal-settle'
    t =   122.21s Swipe down "herd-field-repo:edge-meadow" ScrollView
    t =   122.21s     Wait for com.corral.fleetnotifier to idle
    t =   122.31s     Find the "herd-field-repo:edge-meadow" ScrollView
    t =   122.79s     Check for interrupting elements affecting "herd-field-repo:edge-meadow" ScrollView
    t =   123.26s     Synthesize event
    t =   124.91s     Wait for com.corral.fleetnotifier to idle
    t =   127.62s Swipe down "herd-field-repo:edge-meadow" ScrollView
    t =   127.62s     Wait for com.corral.fleetnotifier to idle
    t =   128.04s     Find the "herd-field-repo:edge-meadow" ScrollView
    t =   128.44s     Check for interrupting elements affecting "herd-field-repo:edge-meadow" ScrollView
    t =   129.04s     Synthesize event
    t =   130.86s     Wait for com.corral.fleetnotifier to idle
    t =   133.32s Swipe down "herd-field-repo:edge-meadow" ScrollView
    t =   133.32s     Wait for com.corral.fleetnotifier to idle
    t =   133.50s     Find the "herd-field-repo:edge-meadow" ScrollView
    t =   133.96s     Check for interrupting elements affecting "herd-field-repo:edge-meadow" ScrollView
    t =   134.90s     Synthesize event
    t =   138.41s     Wait for com.corral.fleetnotifier to idle
    t =   139.30s Swipe down "herd-field-repo:edge-meadow" ScrollView
    t =   139.30s     Wait for com.corral.fleetnotifier to idle
    t =   139.51s     Find the "herd-field-repo:edge-meadow" ScrollView
    t =   139.92s     Check for interrupting elements affecting "herd-field-repo:edge-meadow" ScrollView
    t =   140.42s     Synthesize event
    t =   141.97s     Wait for com.corral.fleetnotifier to idle
    t =   142.86s Swipe down "herd-field-repo:edge-meadow" ScrollView
    t =   142.86s     Wait for com.corral.fleetnotifier to idle
    t =   143.08s     Find the "herd-field-repo:edge-meadow" ScrollView
    t =   143.87s     Check for interrupting elements affecting "herd-field-repo:edge-meadow" ScrollView
    t =   144.48s     Synthesize event
    t =   147.00s     Wait for com.corral.fleetnotifier to idle
    t =   148.86s Waiting 5.0s for "g568-geometry" Other to exist
    t =   149.92s     Checking `Expect predicate `existsNoRetry == 1` for object "g568-geometry" Other`
    t =   149.92s         Checking existence of `"g568-geometry" Other`
    t =   150.26s Find the "g568-geometry" Other
G568_GEOMETRY epoch=1789812873.945054 {"updates":[1789812740.327512,1789812744.427295,1789812748.513332,1789812752.5753798],"samples":{"::edge-10":{"opacity":0,"group":[[12,1249.3333333333333],[186,175.66666666666674]],"viewport":[[0,361],[378,417]],"oversized":false},"::edge-06":{"opacity":0,"group":[[12,910.5],[186,156.66666666666652]],"viewport":[[0,361],[378,417]],"oversized":false},"::edge-13":{"opacity":0,"group":[[204,1433],[186,175.66666666666674]],"viewport":[[0,361],[378,417]],"oversized":false},"::edge-03":{"opacity":1,"viewport":[[0,361],[378,417]],"oversized":false,"group":[[204,552.6666666666667],[186,156.66666666666663]]},"::edge-12":{"opacity":0,"group":[[12,1442.5],[186,156.66666666666674]],"viewport":[[0,361],[378,417]],"oversized":false},"::edge-08":{"opacity":0,"viewport":[[0,361],[378,417]],"oversized":false,"group":[[12,1084.6666666666665],[186,156.66666666666674]]},"::edge-11":{"opacity":0,"group":[[204,1258.8333333333333],[186,156.66666666666674]],"viewport":[[0,361],[378,417]],"oversized":false},"::edge-04":{"opacity":0,"group":[[12,717.3333333333333],[186,175.66666666666674]],"viewport":[[0,361],[378,417]],"oversized":false},"::edge-07":{"opacity":0,"group":[[204,901],[186,175.66666666666652]],"viewport":[[0,361],[378,417]],"oversized":false},"::edge-09":{"viewport":[[0,361],[378,417]],"group":[[204,1084.6666666666665],[186,156.66666666666674]],"opacity":0,"oversized":false},"::edge-14":{"opacity":0,"viewport":[[0,361],[378,417]],"oversized":false,"group":[[12,1616.6666666666667],[186,156.66666666666674]]},"::quiet":{"opacity":1,"group":[[414,369],[186,156.66666666666663]],"viewport":[[0,361],[378,417]],"oversized":false},"::edge-02":{"opacity":1,"group":[[12,552.6666666666667],[186,156.66666666666663]],"viewport":[[0,361],[378,417]],"oversized":false},"::edge-01":{"opacity":1,"viewport":[[0,361],[378,417]],"oversized":false,"group":[[204,369],[186,175.66666666666663]]},"::edge-00":{"opacity":1,"group":[[12,378.5],[186,156.66666666666663]],"viewport":[[0,361],[378,417]],"oversized":false},"::edge-05":{"opacity":0,"viewport":[[0,361],[378,417]],"oversized":false,"group":[[204,726.8333333333333],[186,156.66666666666674]]}}}
    t =   150.67s Added attachment named 'measured-geometry'
    t =   150.67s Find the Target Application 'com.corral.fleetnotifier'
    t =   150.93s Find the Target Application 'com.corral.fleetnotifier'
    t =   151.16s Find the Target Application 'com.corral.fleetnotifier'
    t =   151.35s Find the Target Application 'com.corral.fleetnotifier'
    t =   151.62s Find the Target Application 'com.corral.fleetnotifier'
    t =   151.87s Find the Target Application 'com.corral.fleetnotifier'
    t =   152.14s Find the Target Application 'com.corral.fleetnotifier'
    t =   152.43s Find the Target Application 'com.corral.fleetnotifier'
    t =   152.71s Find the Target Application 'com.corral.fleetnotifier'
    t =   152.96s Find the Target Application 'com.corral.fleetnotifier'
G568_PHASE night-blocked-top-flick-settle epoch=1789812876.5342069
    t =   153.25s Find the Target Application 'com.corral.fleetnotifier'
    t =   153.98s Added attachment named 'night-blocked-top-flick-settle'
    t =   153.98s Waiting 5.0s for "g568-geometry" Other to exist
    t =   155.01s     Checking `Expect predicate `existsNoRetry == 1` for object "g568-geometry" Other`
    t =   155.01s         Checking existence of `"g568-geometry" Other`
    t =   157.80s Find the "g568-geometry" Other
G568_GEOMETRY epoch=1789812881.7162728 {"updates":[1789812740.327512,1789812744.427295,1789812748.513332,1789812752.5753798],"samples":{"::edge-02":{"opacity":1,"viewport":[[0,361],[378,417]],"oversized":false,"group":[[12,552.6666666666667],[186,156.66666666666663]]},"::edge-01":{"viewport":[[0,361],[378,417]],"opacity":1,"group":[[204,369],[186,175.66666666666663]],"oversized":false},"::edge-04":{"viewport":[[0,361],[378,417]],"group":[[12,717.3333333333333],[186,175.66666666666674]],"opacity":0,"oversized":false},"::edge-10":{"opacity":0,"viewport":[[0,361],[378,417]],"oversized":false,"group":[[12,1249.3333333333333],[186,175.66666666666674]]},"::edge-09":{"viewport":[[0,361],[378,417]],"group":[[204,1084.6666666666665],[186,156.66666666666674]],"opacity":0,"oversized":false},"::edge-13":{"viewport":[[0,361],[378,417]],"group":[[204,1433],[186,175.66666666666674]],"opacity":0,"oversized":false},"::edge-14":{"viewport":[[0,361],[378,417]],"opacity":0,"group":[[12,1616.6666666666667],[186,156.66666666666674]],"oversized":false},"::edge-12":{"opacity":0,"viewport":[[0,361],[378,417]],"oversized":false,"group":[[12,1442.5],[186,156.66666666666674]]},"::edge-11":{"opacity":0,"viewport":[[0,361],[378,417]],"oversized":false,"group":[[204,1258.8333333333333],[186,156.66666666666674]]},"::edge-05":{"opacity":0,"viewport":[[0,361],[378,417]],"oversized":false,"group":[[204,726.8333333333333],[186,156.66666666666674]]},"::edge-00":{"opacity":1,"viewport":[[0,361],[378,417]],"oversized":false,"group":[[12,378.5],[186,156.66666666666663]]},"::edge-07":{"opacity":0,"viewport":[[0,361],[378,417]],"oversized":false,"group":[[204,901],[186,175.66666666666652]]},"::edge-03":{"viewport":[[0,361],[378,417]],"opacity":1,"group":[[204,552.6666666666667],[186,156.66666666666663]],"oversized":false},"::quiet":{"viewport":[[0,361],[378,417]],"group":[[414,369],[186,156.66666666666663]],"opacity":1,"oversized":false},"::edge-06":{"viewport":[[0,361],[378,417]],"group":[[12,910.5],[186,156.66666666666652]],"opacity":0,"oversized":false},"::edge-08":{"viewport":[[0,361],[378,417]],"group":[[12,1084.6666666666665],[186,156.66666666666674]],"opacity":0,"oversized":false}}}
    t =   158.43s Added attachment named 'measured-geometry'
    t =   158.43s Find the "herd-next" Button
    t =   158.72s Tap "herd-next" Button
    t =   158.72s     Wait for com.corral.fleetnotifier to idle
    t =   159.28s     Find the "herd-next" Button
    t =   159.76s     Check for interrupting elements affecting "herd-next" Button
    t =   160.38s     Synthesize event
    t =   161.00s     Wait for com.corral.fleetnotifier to idle
    t =   161.26s Waiting 5.0s for "herd-field-repo:quiet-meadow" ScrollView to exist
    t =   162.33s     Checking `Expect predicate `existsNoRetry == 1` for object "herd-field-repo:quiet-meadow" ScrollView`
    t =   162.33s         Checking existence of `"herd-field-repo:quiet-meadow" ScrollView`
    t =   162.59s Tap "herd-previous" Button
    t =   162.59s     Wait for com.corral.fleetnotifier to idle
    t =   162.79s     Find the "herd-previous" Button
    t =   163.18s     Check for interrupting elements affecting "herd-previous" Button
    t =   163.77s     Synthesize event
    t =   164.43s     Wait for com.corral.fleetnotifier to idle
    t =   164.70s Waiting 5.0s for "herd-field-repo:edge-meadow" ScrollView to exist
    t =   165.76s     Checking `Expect predicate `existsNoRetry == 1` for object "herd-field-repo:edge-meadow" ScrollView`
    t =   165.76s         Checking existence of `"herd-field-repo:edge-meadow" ScrollView`
    t =   166.90s Swipe left "herd-field-repo:edge-meadow" ScrollView
    t =   166.90s     Wait for com.corral.fleetnotifier to idle
    t =   166.94s     Find the "herd-field-repo:edge-meadow" ScrollView
    t =   167.57s     Check for interrupting elements affecting "herd-field-repo:edge-meadow" ScrollView
    t =   168.11s     Synthesize event
    t =   170.31s     Wait for com.corral.fleetnotifier to idle
    t =   170.70s Waiting 5.0s for "herd-field-repo:quiet-meadow" ScrollView to exist
    t =   171.71s     Checking `Expect predicate `existsNoRetry == 1` for object "herd-field-repo:quiet-meadow" ScrollView`
    t =   171.71s         Checking existence of `"herd-field-repo:quiet-meadow" ScrollView`
    t =   171.92s Swipe right "herd-field-repo:quiet-meadow" ScrollView
    t =   171.92s     Wait for com.corral.fleetnotifier to idle
    t =   172.08s     Find the "herd-field-repo:quiet-meadow" ScrollView
    t =   172.60s     Check for interrupting elements affecting "herd-field-repo:quiet-meadow" ScrollView
    t =   173.10s     Synthesize event
    t =   175.12s     Wait for com.corral.fleetnotifier to idle
    t =   175.72s Waiting 5.0s for "herd-field-repo:edge-meadow" ScrollView to exist
    t =   176.74s     Checking `Expect predicate `existsNoRetry == 1` for object "herd-field-repo:edge-meadow" ScrollView`
    t =   176.74s         Checking existence of `"herd-field-repo:edge-meadow" ScrollView`
    t =   178.24s Waiting 5.0s for "g568-geometry" Other to exist
    t =   179.32s     Checking `Expect predicate `existsNoRetry == 1` for object "g568-geometry" Other`
    t =   179.32s         Checking existence of `"g568-geometry" Other`
    t =   179.99s Find the "g568-geometry" Other
G568_GEOMETRY epoch=1789812903.6648002 {"updates":[1789812740.327512,1789812744.427295,1789812748.513332,1789812752.5753798],"samples":{"::edge-02":{"viewport":[[0,361],[378,417]],"opacity":1,"group":[[12,552.6666666666667],[186,156.66666666666663]],"oversized":false},"::edge-01":{"viewport":[[0,361],[378,417]],"opacity":1,"oversized":false,"group":[[204,369],[186,175.66666666666663]]},"::edge-04":{"viewport":[[0,361],[378,417]],"opacity":0,"group":[[12,717.3333333333333],[186,175.66666666666674]],"oversized":false},"::edge-10":{"opacity":0,"oversized":false,"viewport":[[0,361],[378,417]],"group":[[12,1249.3333333333333],[186,175.66666666666674]]},"::edge-13":{"opacity":0,"oversized":false,"viewport":[[0,361],[378,417]],"group":[[204,1433],[186,175.66666666666674]]},"::edge-09":{"viewport":[[0,361],[378,417]],"opacity":0,"group":[[204,1084.6666666666665],[186,156.66666666666674]],"oversized":false},"::edge-12":{"opacity":0,"oversized":false,"viewport":[[0,361],[378,417]],"group":[[12,1442.5],[186,156.66666666666674]]},"::edge-14":{"opacity":0,"oversized":false,"viewport":[[0,361],[378,417]],"group":[[12,1616.6666666666667],[186,156.66666666666674]]},"::edge-11":{"opacity":0,"oversized":false,"viewport":[[0,361],[378,417]],"group":[[204,1258.8333333333333],[186,156.66666666666674]]},"::edge-05":{"viewport":[[0,361],[378,417]],"opacity":0,"oversized":false,"group":[[204,726.8333333333333],[186,156.66666666666674]]},"::edge-07":{"opacity":0,"oversized":false,"viewport":[[0,361],[378,417]],"group":[[204,901],[186,175.66666666666652]]},"::edge-00":{"opacity":1,"oversized":false,"viewport":[[0,361],[378,417]],"group":[[12,378.5],[186,156.66666666666663]]},"::edge-03":{"viewport":[[0,361],[378,417]],"opacity":1,"oversized":false,"group":[[204,552.6666666666667],[186,156.66666666666663]]},"::quiet":{"viewport":[[0,361],[378,417]],"opacity":1,"oversized":false,"group":[[414,369],[186,156.66666666666663]]},"::edge-06":{"viewport":[[0,361],[378,417]],"opacity":0,"oversized":false,"group":[[12,910.5],[186,156.66666666666652]]},"::edge-08":{"viewport":[[0,361],[378,417]],"opacity":0,"oversized":false,"group":[[12,1084.6666666666665],[186,156.66666666666674]]}}}
    t =   180.38s Added attachment named 'measured-geometry'
    t =   180.39s Find the Target Application 'com.corral.fleetnotifier'
    t =   180.67s Find the Target Application 'com.corral.fleetnotifier'
    t =   180.97s Find the Target Application 'com.corral.fleetnotifier'
    t =   181.25s Find the Target Application 'com.corral.fleetnotifier'
    t =   181.53s Find the Target Application 'com.corral.fleetnotifier'
    t =   181.79s Find the Target Application 'com.corral.fleetnotifier'
    t =   182.07s Find the Target Application 'com.corral.fleetnotifier'
    t =   182.37s Find the Target Application 'com.corral.fleetnotifier'
    t =   182.67s Find the Target Application 'com.corral.fleetnotifier'
    t =   182.92s Find the Target Application 'com.corral.fleetnotifier'
G568_PHASE night-blocked-navigation-restored epoch=1789812906.496589
    t =   183.21s Find the Target Application 'com.corral.fleetnotifier'
    t =   183.90s Added attachment named 'night-blocked-navigation-restored'
G568_LIVE_UPDATES [1789812740.327512, 1789812744.427295, 1789812748.513332, 1789812752.5753798] duringScroll=true overlapsDrag=true
G568_CASE_END night-blocked epoch=1789812907.187279
    t =   183.90s Terminate com.corral.fleetnotifier:33106
    t =   184.92s Tear Down
Test Case '-[FleetNotifierUITests.HerdEdgeGestureTests testNightBlockedRailEdges]' passed (185.424 seconds).
Test Case '-[FleetNotifierUITests.HerdEdgeGestureTests testNightEmptyRailEdges]' started.
    t =     0.00s Start Test at 2569-09-19 5:15:08.715 PM
    t =     0.04s Set Up
    t =     0.05s Open com.corral.fleetnotifier
    t =     0.05s     Launch com.corral.fleetnotifier
2026-09-19 17:15:09.160 xcodebuild[94484:44059499] [MT] IDELaunchParametersSnapshot: The operation couldn’t be completed. (DebuggerLLDB.DebuggerVersionStore.StoreError error 0.)
2026-09-19 17:15:09.160 xcodebuild[94484:44059499] [MT] IDELaunchParametersSnapshot: no debugger version
    t =     0.89s         Setting up automation session
    t =     4.51s         Wait for com.corral.fleetnotifier to idle
    t =    17.13s Waiting 15.0s for "herd-field-repo:edge-meadow" ScrollView to exist
    t =    18.15s     Checking `Expect predicate `existsNoRetry == 1` for object "herd-field-repo:edge-meadow" ScrollView`
    t =    18.15s         Checking existence of `"herd-field-repo:edge-meadow" ScrollView`
    t =    18.82s Find the Target Application 'com.corral.fleetnotifier'
G568_CASE_BEGIN night-empty epoch=1789812927.528812 screen=(0.0, 0.0, 402.0, 874.0)
    t =    20.04s Waiting 5.0s for "g568-geometry" Other to exist
    t =    21.07s     Checking `Expect predicate `existsNoRetry == 1` for object "g568-geometry" Other`
    t =    21.07s         Checking existence of `"g568-geometry" Other`
    t =    21.90s Find the "g568-geometry" Other
G568_GEOMETRY epoch=1789812931.279659 {"samples":{"::edge-05":{"viewport":[[0,361],[378,417]],"group":[[204,726.8333333333333],[186,156.66666666666674]],"oversized":false,"opacity":0},"::edge-00":{"opacity":1,"group":[[12,378.5],[186,156.66666666666663]],"oversized":false,"viewport":[[0,361],[378,417]]},"::edge-10":{"viewport":[[0,361],[378,417]],"group":[[12,1249.3333333333333],[186,175.66666666666674]],"oversized":false,"opacity":0},"::edge-02":{"opacity":1,"group":[[12,552.6666666666667],[186,156.66666666666663]],"oversized":false,"viewport":[[0,361],[378,417]]},"::quiet":{"opacity":1,"group":[[414,369],[186,156.66666666666663]],"oversized":false,"viewport":[[0,361],[378,417]]},"::edge-01":{"viewport":[[0,361],[378,417]],"group":[[204,369],[186,175.66666666666663]],"oversized":false,"opacity":1},"::edge-14":{"opacity":0,"group":[[12,1616.6666666666667],[186,156.66666666666674]],"oversized":false,"viewport":[[0,361],[378,417]]},"::edge-07":{"opacity":0,"group":[[204,901],[186,175.66666666666652]],"oversized":false,"viewport":[[0,361],[378,417]]},"::edge-06":{"viewport":[[0,361],[378,417]],"group":[[12,910.5],[186,156.66666666666652]],"oversized":false,"opacity":0},"::edge-08":{"viewport":[[0,361],[378,417]],"group":[[12,1084.6666666666665],[186,156.66666666666674]],"oversized":false,"opacity":0},"::edge-04":{"viewport":[[0,361],[378,417]],"group":[[12,717.3333333333333],[186,175.66666666666674]],"oversized":false,"opacity":0},"::edge-03":{"viewport":[[0,361],[378,417]],"group":[[204,552.6666666666667],[186,156.66666666666663]],"oversized":false,"opacity":1},"::edge-11":{"opacity":0,"group":[[204,1258.8333333333333],[186,156.66666666666674]],"oversized":false,"viewport":[[0,361],[378,417]]},"::edge-12":{"opacity":0,"group":[[12,1442.5],[186,156.66666666666674]],"oversized":false,"viewport":[[0,361],[378,417]]},"::edge-13":{"opacity":0,"group":[[204,1433],[186,175.66666666666674]],"oversized":false,"viewport":[[0,361],[378,417]]},"::edge-09":{"opacity":0,"group":[[204,1084.6666666666665],[186,156.66666666666674]],"oversized":false,"viewport":[[0,361],[378,417]]}},"updates":[1789812926.756887,1789812930.8497949]}
    t =    22.57s Added attachment named 'measured-geometry'
    t =    22.57s Find the Target Application 'com.corral.fleetnotifier'
    t =    22.95s Find the Target Application 'com.corral.fleetnotifier'
    t =    23.15s Find the Target Application 'com.corral.fleetnotifier'
    t =    23.39s Find the Target Application 'com.corral.fleetnotifier'
    t =    23.62s Find the Target Application 'com.corral.fleetnotifier'
    t =    23.79s Find the Target Application 'com.corral.fleetnotifier'
    t =    23.99s Find the Target Application 'com.corral.fleetnotifier'
    t =    24.12s Find the Target Application 'com.corral.fleetnotifier'
    t =    24.27s Find the Target Application 'com.corral.fleetnotifier'
    t =    24.52s Find the Target Application 'com.corral.fleetnotifier'
G568_PHASE night-empty-first-row epoch=1789812933.4694738
    t =    24.76s Find the Target Application 'com.corral.fleetnotifier'
    t =    25.26s Added attachment named 'night-empty-first-row'
G568_ACTION_BEGIN drag epoch=1789812933.97443
    t =    25.26s Press "herd-field-repo:edge-meadow" ScrollView[0.50, 0.18] for 0.1 seconds, then drag to "herd-field-repo:edge-meadow" ScrollView[0.50, 0.82] with velocity of 250.00 pixels per second, and then hold for 0.1 seconds 
    t =    25.26s     Wait for com.corral.fleetnotifier to idle
    t =    25.43s     Find the "herd-field-repo:edge-meadow" ScrollView
    t =    25.87s     Check for interrupting elements affecting "herd-field-repo:edge-meadow" ScrollView
    t =    26.24s     Synthesize event
    t =    26.50s         Find the "herd-field-repo:edge-meadow" ScrollView
    t =    26.90s         Find the "herd-field-repo:edge-meadow" ScrollView
    t =    27.45s         Find the "herd-field-repo:edge-meadow" ScrollView
    t =    27.96s         Find the "herd-field-repo:edge-meadow" ScrollView
    t =    28.53s         Find the "herd-field-repo:edge-meadow" ScrollView
    t =    30.35s     Wait for com.corral.fleetnotifier to idle
G568_ACTION_END drag epoch=1789812939.8496351
    t =    32.15s Waiting 5.0s for "g568-geometry" Other to exist
    t =    33.22s     Checking `Expect predicate `existsNoRetry == 1` for object "g568-geometry" Other`
    t =    33.22s         Checking existence of `"g568-geometry" Other`
    t =    33.51s Find the "g568-geometry" Other
G568_GEOMETRY epoch=1789812942.594001 {"samples":{"::edge-01":{"group":[[204,369],[186,175.66666666666663]],"viewport":[[0,361],[378,417]],"opacity":1,"oversized":false},"::edge-03":{"group":[[204,552.6666666666667],[186,156.66666666666663]],"viewport":[[0,361],[378,417]],"opacity":1,"oversized":false},"::edge-14":{"viewport":[[0,361],[378,417]],"oversized":false,"group":[[12,1616.6666666666667],[186,156.66666666666674]],"opacity":0},"::edge-08":{"group":[[12,1084.6666666666665],[186,156.66666666666674]],"viewport":[[0,361],[378,417]],"opacity":0,"oversized":false},"::edge-04":{"group":[[12,717.3333333333333],[186,175.66666666666674]],"viewport":[[0,361],[378,417]],"opacity":0,"oversized":false},"::edge-00":{"viewport":[[0,361],[378,417]],"oversized":false,"group":[[12,378.5],[186,156.66666666666663]],"opacity":1},"::edge-13":{"viewport":[[0,361],[378,417]],"group":[[204,1433],[186,175.66666666666674]],"opacity":0,"oversized":false},"::edge-10":{"group":[[12,1249.3333333333333],[186,175.66666666666674]],"viewport":[[0,361],[378,417]],"opacity":0,"oversized":false},"::edge-06":{"group":[[12,910.5],[186,156.66666666666652]],"viewport":[[0,361],[378,417]],"opacity":0,"oversized":false},"::edge-12":{"viewport":[[0,361],[378,417]],"group":[[12,1442.5],[186,156.66666666666674]],"opacity":0,"oversized":false},"::edge-05":{"group":[[204,726.8333333333333],[186,156.66666666666674]],"viewport":[[0,361],[378,417]],"opacity":0,"oversized":false},"::edge-02":{"viewport":[[0,361],[378,417]],"group":[[12,552.6666666666667],[186,156.66666666666663]],"opacity":1,"oversized":false},"::edge-11":{"viewport":[[0,361],[378,417]],"group":[[204,1258.8333333333333],[186,156.66666666666674]],"opacity":0,"oversized":false},"::edge-09":{"viewport":[[0,361],[378,417]],"group":[[204,1084.6666666666665],[186,156.66666666666674]],"opacity":0,"oversized":false},"::edge-07":{"viewport":[[0,361],[378,417]],"oversized":false,"group":[[204,901],[186,175.66666666666652]],"opacity":0},"::quiet":{"viewport":[[0,361],[378,417]],"oversized":false,"group":[[414,369],[186,156.66666666666663]],"opacity":1}},"updates":[1789812926.756887,1789812930.8497949,1789812934.954663,1789812939.004432]}
    t =    33.88s Added attachment named 'measured-geometry'
    t =    33.88s Find the Target Application 'com.corral.fleetnotifier'
    t =    34.20s Find the Target Application 'com.corral.fleetnotifier'
    t =    34.48s Find the Target Application 'com.corral.fleetnotifier'
    t =    34.70s Find the Target Application 'com.corral.fleetnotifier'
    t =    34.86s Find the Target Application 'com.corral.fleetnotifier'
    t =    35.13s Find the Target Application 'com.corral.fleetnotifier'
    t =    35.39s Find the Target Application 'com.corral.fleetnotifier'
    t =    35.63s Find the Target Application 'com.corral.fleetnotifier'
    t =    35.79s Find the Target Application 'com.corral.fleetnotifier'
    t =    36.05s Find the Target Application 'com.corral.fleetnotifier'
G568_PHASE night-empty-top-overscroll-settle epoch=1789812944.994595
    t =    36.28s Find the Target Application 'com.corral.fleetnotifier'
    t =    36.78s Added attachment named 'night-empty-top-overscroll-settle'
G568_ACTION_BEGIN drag epoch=1789812945.499732
    t =    36.84s Press "herd-field-repo:edge-meadow" ScrollView[0.50, 0.82] for 0.1 seconds, then drag to "herd-field-repo:edge-meadow" ScrollView[0.50, 0.18] with velocity of 250.00 pixels per second, and then hold for 0.1 seconds 
    t =    36.84s     Wait for com.corral.fleetnotifier to idle
    t =    36.85s     Find the "herd-field-repo:edge-meadow" ScrollView
    t =    37.11s     Check for interrupting elements affecting "herd-field-repo:edge-meadow" ScrollView
    t =    37.45s     Synthesize event
    t =    37.50s         Find the "herd-field-repo:edge-meadow" ScrollView
    t =    37.93s         Find the "herd-field-repo:edge-meadow" ScrollView
    t =    38.43s         Find the "herd-field-repo:edge-meadow" ScrollView
    t =    39.00s         Find the "herd-field-repo:edge-meadow" ScrollView
    t =    39.48s         Find the "herd-field-repo:edge-meadow" ScrollView
    t =    41.51s     Wait for com.corral.fleetnotifier to idle
G568_ACTION_END drag epoch=1789812951.277114
G568_ACTION_BEGIN drag epoch=1789812951.277174
    t =    42.66s Press "herd-field-repo:edge-meadow" ScrollView[0.50, 0.18] for 0.1 seconds, then drag to "herd-field-repo:edge-meadow" ScrollView[0.50, 0.82] with velocity of 250.00 pixels per second, and then hold for 0.1 seconds 
    t =    42.66s     Wait for com.corral.fleetnotifier to idle
    t =    42.82s     Find the "herd-field-repo:edge-meadow" ScrollView
    t =    43.24s     Check for interrupting elements affecting "herd-field-repo:edge-meadow" ScrollView
    t =    43.61s     Synthesize event
    t =    43.69s         Find the "herd-field-repo:edge-meadow" ScrollView
    t =    44.38s         Find the "herd-field-repo:edge-meadow" ScrollView
    t =    45.09s         Find the "herd-field-repo:edge-meadow" ScrollView
    t =    45.57s         Find the "herd-field-repo:edge-meadow" ScrollView
    t =    46.16s         Find the "herd-field-repo:edge-meadow" ScrollView
    t =    48.19s     Wait for com.corral.fleetnotifier to idle
G568_ACTION_END drag epoch=1789812957.4640179
    t =    49.76s Waiting 5.0s for "g568-geometry" Other to exist
    t =    50.82s     Checking `Expect predicate `existsNoRetry == 1` for object "g568-geometry" Other`
    t =    50.83s         Checking existence of `"g568-geometry" Other`
    t =    51.18s Find the "g568-geometry" Other
G568_GEOMETRY epoch=1789812960.315943 {"samples":{"::edge-02":{"opacity":1,"group":[[12,553],[186,156.66666666666674]],"oversized":false,"viewport":[[0,361],[378,417]]},"::edge-13":{"opacity":0,"group":[[204,1433.3333333333333],[186,175.66666666666674]],"oversized":false,"viewport":[[0,361],[378,417]]},"::edge-10":{"group":[[12,1249.6666666666665],[186,175.66666666666674]],"opacity":0,"viewport":[[0,361],[378,417]],"oversized":false},"::edge-03":{"opacity":1,"group":[[204,553],[186,156.66666666666674]],"oversized":false,"viewport":[[0,361],[378,417]]},"::edge-12":{"opacity":0,"group":[[12,1442.8333333333333],[186,156.66666666666674]],"oversized":false,"viewport":[[0,361],[378,417]]},"::quiet":{"group":[[414,369],[186,156.66666666666663]],"viewport":[[0,361],[378,417]],"opacity":1,"oversized":false},"::edge-11":{"group":[[204,1259.1666666666665],[186,156.66666666666674]],"viewport":[[0,361],[378,417]],"opacity":0,"oversized":false},"::edge-14":{"group":[[12,1617],[186,156.66666666666674]],"viewport":[[0,361],[378,417]],"opacity":0,"oversized":false},"::edge-06":{"group":[[12,910.8333333333334],[186,156.66666666666663]],"opacity":0,"viewport":[[0,361],[378,417]],"oversized":false},"::edge-01":{"group":[[204,369.3333333333333],[186,175.66666666666669]],"viewport":[[0,361],[378,417]],"opacity":1,"oversized":false},"::edge-04":{"opacity":0,"group":[[12,717.6666666666666],[186,175.66666666666674]],"oversized":false,"viewport":[[0,361],[378,417]]},"::edge-05":{"viewport":[[0,361],[378,417]],"group":[[204,727.1666666666666],[186,156.66666666666674]],"opacity":0,"oversized":false},"::edge-00":{"opacity":1,"group":[[12,378.8333333333333],[186,156.66666666666669]],"oversized":false,"viewport":[[0,361],[378,417]]},"::edge-08":{"group":[[12,1085],[186,156.66666666666652]],"viewport":[[0,361],[378,417]],"opacity":0,"oversized":false},"::edge-07":{"group":[[204,901.3333333333334],[186,175.66666666666663]],"opacity":0,"viewport":[[0,361],[378,417]],"oversized":false},"::edge-09":{"opacity":0,"group":[[204,1085],[186,156.66666666666652]],"oversized":false,"viewport":[[0,361],[378,417]]}},"updates":[1789812926.756887,1789812930.8497949,1789812934.954663,1789812939.004432]}
    t =    51.61s Added attachment named 'measured-geometry'
    t =    51.62s Find the Target Application 'com.corral.fleetnotifier'
    t =    51.77s Find the Target Application 'com.corral.fleetnotifier'
    t =    51.93s Find the Target Application 'com.corral.fleetnotifier'
    t =    52.20s Find the Target Application 'com.corral.fleetnotifier'
    t =    52.46s Find the Target Application 'com.corral.fleetnotifier'
    t =    52.77s Find the Target Application 'com.corral.fleetnotifier'
    t =    53.01s Find the Target Application 'com.corral.fleetnotifier'
    t =    53.27s Find the Target Application 'com.corral.fleetnotifier'
    t =    53.55s Find the Target Application 'com.corral.fleetnotifier'
    t =    53.80s Find the Target Application 'com.corral.fleetnotifier'
G568_PHASE night-empty-top-reversal-settle epoch=1789812962.7891932
    t =    54.08s Find the Target Application 'com.corral.fleetnotifier'
    t =    54.67s Added attachment named 'night-empty-top-reversal-settle'
    t =    54.88s Swipe up "herd-field-repo:edge-meadow" ScrollView
    t =    54.88s     Wait for com.corral.fleetnotifier to idle
    t =    54.89s     Find the "herd-field-repo:edge-meadow" ScrollView
    t =    55.37s     Check for interrupting elements affecting "herd-field-repo:edge-meadow" ScrollView
    t =    55.72s     Synthesize event
    t =    57.15s     Wait for com.corral.fleetnotifier to idle
    t =    59.68s Swipe up "herd-field-repo:edge-meadow" ScrollView
    t =    59.68s     Wait for com.corral.fleetnotifier to idle
    t =    59.78s     Find the "herd-field-repo:edge-meadow" ScrollView
    t =    60.25s     Check for interrupting elements affecting "herd-field-repo:edge-meadow" ScrollView
    t =    60.53s     Synthesize event
    t =    62.18s     Wait for com.corral.fleetnotifier to idle
    t =    63.63s Swipe up "herd-field-repo:edge-meadow" ScrollView
    t =    63.63s     Wait for com.corral.fleetnotifier to idle
    t =    63.83s     Find the "herd-field-repo:edge-meadow" ScrollView
    t =    64.09s     Check for interrupting elements affecting "herd-field-repo:edge-meadow" ScrollView
    t =    64.55s     Synthesize event
    t =    66.12s     Wait for com.corral.fleetnotifier to idle
    t =    66.91s Swipe up "herd-field-repo:edge-meadow" ScrollView
    t =    66.91s     Wait for com.corral.fleetnotifier to idle
    t =    67.07s     Find the "herd-field-repo:edge-meadow" ScrollView
    t =    67.46s     Check for interrupting elements affecting "herd-field-repo:edge-meadow" ScrollView
    t =    67.88s     Synthesize event
    t =    69.22s     Wait for com.corral.fleetnotifier to idle
    t =    70.10s Swipe up "herd-field-repo:edge-meadow" ScrollView
    t =    70.10s     Wait for com.corral.fleetnotifier to idle
    t =    70.19s     Find the "herd-field-repo:edge-meadow" ScrollView
    t =    70.58s     Check for interrupting elements affecting "herd-field-repo:edge-meadow" ScrollView
    t =    71.12s     Synthesize event
    t =    72.28s     Wait for com.corral.fleetnotifier to idle
    t =    74.00s Waiting 5.0s for "g568-geometry" Other to exist
    t =    75.04s     Checking `Expect predicate `existsNoRetry == 1` for object "g568-geometry" Other`
    t =    75.04s         Checking existence of `"g568-geometry" Other`
    t =    75.24s Find the "g568-geometry" Other
G568_GEOMETRY epoch=1789812984.313048 {"updates":[1789812926.756887,1789812930.8497949,1789812934.954663,1789812939.004432],"samples":{"::edge-09":{"group":[[204,-163.33333333333337],[186,156.66666666666663]],"viewport":[[0,361],[378,417]],"opacity":0,"oversized":false},"::edge-01":{"group":[[204,-879],[186,175.66666666666674]],"oversized":false,"viewport":[[0,361],[378,417]],"opacity":0},"::edge-11":{"viewport":[[0,361],[378,417]],"oversized":false,"group":[[204,10.833333333333258],[186,156.66666666666674]],"opacity":0},"::edge-03":{"group":[[204,-695.3333333333333],[186,156.66666666666663]],"oversized":false,"viewport":[[0,361],[378,417]],"opacity":0},"::edge-08":{"group":[[12,-163.33333333333337],[186,156.66666666666663]],"viewport":[[0,361],[378,417]],"opacity":0,"oversized":false},"::edge-02":{"opacity":0,"oversized":false,"viewport":[[0,361],[378,417]],"group":[[12,-695.3333333333333],[186,156.66666666666663]]},"::edge-07":{"group":[[204,-347],[186,175.66666666666663]],"oversized":false,"viewport":[[0,361],[378,417]],"opacity":0},"::edge-05":{"group":[[204,-521.1666666666667],[186,156.66666666666674]],"oversized":false,"viewport":[[0,361],[378,417]],"opacity":0},"::edge-00":{"group":[[12,-869.5],[186,156.66666666666674]],"oversized":false,"viewport":[[0,361],[378,417]],"opacity":0},"::edge-06":{"group":[[12,-337.5],[186,156.66666666666663]],"viewport":[[0,361],[378,417]],"opacity":0,"oversized":false},"::quiet":{"group":[[414,369],[186,156.66666666666663]],"viewport":[[0,361],[378,417]],"opacity":1,"oversized":false},"::edge-13":{"group":[[204,185],[186,175.66666666666674]],"oversized":false,"viewport":[[0,361],[378,417]],"opacity":0},"::edge-10":{"group":[[12,1.3333333333332575],[186,175.66666666666674]],"oversized":false,"viewport":[[0,361],[378,417]],"opacity":0},"::edge-04":{"viewport":[[0,361],[378,417]],"oversized":false,"group":[[12,-530.6666666666667],[186,175.66666666666674]],"opacity":0},"::edge-14":{"opacity":0.9523809523809632,"oversized":false,"viewport":[[0,361],[378,417]],"group":[[12,368.66666666666674],[186,156.66666666666674]]},"::edge-12":{"opacity":0,"oversized":false,"viewport":[[0,361],[378,417]],"group":[[12,194.5],[186,156.66666666666674]]}}}
    t =    75.62s Added attachment named 'measured-geometry'
    t =    75.62s Find the Target Application 'com.corral.fleetnotifier'
    t =    75.86s Find the Target Application 'com.corral.fleetnotifier'
    t =    76.15s Find the Target Application 'com.corral.fleetnotifier'
    t =    76.30s Find the Target Application 'com.corral.fleetnotifier'
G568_PHASE night-empty-bottom-flick-settle epoch=1789812985.261176
    t =    76.55s Find the Target Application 'com.corral.fleetnotifier'
    t =    77.09s Added attachment named 'night-empty-bottom-flick-settle'
    t =    77.09s Waiting 5.0s for "g568-geometry" Other to exist
    t =    78.17s     Checking `Expect predicate `existsNoRetry == 1` for object "g568-geometry" Other`
    t =    78.17s         Checking existence of `"g568-geometry" Other`
    t =    78.40s Find the "g568-geometry" Other
G568_GEOMETRY epoch=1789812987.529379 {"samples":{"::edge-05":{"opacity":0,"oversized":false,"group":[[204,-521.1666666666667],[186,156.66666666666674]],"viewport":[[0,361],[378,417]]},"::edge-00":{"opacity":0,"oversized":false,"group":[[12,-869.5],[186,156.66666666666674]],"viewport":[[0,361],[378,417]]},"::edge-10":{"opacity":0,"oversized":false,"group":[[12,1.3333333333332575],[186,175.66666666666674]],"viewport":[[0,361],[378,417]]},"::edge-02":{"opacity":0,"oversized":false,"viewport":[[0,361],[378,417]],"group":[[12,-695.3333333333333],[186,156.66666666666663]]},"::quiet":{"opacity":1,"oversized":false,"viewport":[[0,361],[378,417]],"group":[[414,369],[186,156.66666666666663]]},"::edge-01":{"opacity":0,"oversized":false,"group":[[204,-879],[186,175.66666666666674]],"viewport":[[0,361],[378,417]]},"::edge-14":{"opacity":0.9523809523809632,"oversized":false,"viewport":[[0,361],[378,417]],"group":[[12,368.66666666666674],[186,156.66666666666674]]},"::edge-07":{"opacity":0,"oversized":false,"group":[[204,-347],[186,175.66666666666663]],"viewport":[[0,361],[378,417]]},"::edge-06":{"opacity":0,"oversized":false,"viewport":[[0,361],[378,417]],"group":[[12,-337.5],[186,156.66666666666663]]},"::edge-08":{"opacity":0,"oversized":false,"viewport":[[0,361],[378,417]],"group":[[12,-163.33333333333337],[186,156.66666666666663]]},"::edge-04":{"group":[[12,-530.6666666666667],[186,175.66666666666674]],"oversized":false,"opacity":0,"viewport":[[0,361],[378,417]]},"::edge-03":{"opacity":0,"oversized":false,"group":[[204,-695.3333333333333],[186,156.66666666666663]],"viewport":[[0,361],[378,417]]},"::edge-12":{"opacity":0,"oversized":false,"viewport":[[0,361],[378,417]],"group":[[12,194.5],[186,156.66666666666674]]},"::edge-11":{"opacity":0,"oversized":false,"viewport":[[0,361],[378,417]],"group":[[204,10.833333333333258],[186,156.66666666666674]]},"::edge-13":{"opacity":0,"oversized":false,"group":[[204,185],[186,175.66666666666674]],"viewport":[[0,361],[378,417]]},"::edge-09":{"opacity":0,"oversized":false,"viewport":[[0,361],[378,417]],"group":[[204,-163.33333333333337],[186,156.66666666666663]]}},"updates":[1789812926.756887,1789812930.8497949,1789812934.954663,1789812939.004432]}
    t =    78.82s Added attachment named 'measured-geometry'
G568_ACTION_BEGIN drag epoch=1789812987.532446
    t =    78.82s Press "herd-field-repo:edge-meadow" ScrollView[0.50, 0.82] for 0.1 seconds, then drag to "herd-field-repo:edge-meadow" ScrollView[0.50, 0.18] with velocity of 250.00 pixels per second, and then hold for 0.1 seconds 
    t =    78.82s     Wait for com.corral.fleetnotifier to idle
    t =    78.85s     Find the "herd-field-repo:edge-meadow" ScrollView
    t =    79.10s     Check for interrupting elements affecting "herd-field-repo:edge-meadow" ScrollView
    t =    79.47s     Synthesize event
    t =    79.57s         Find the "herd-field-repo:edge-meadow" ScrollView
    t =    80.06s         Find the "herd-field-repo:edge-meadow" ScrollView
    t =    80.75s         Find the "herd-field-repo:edge-meadow" ScrollView
    t =    81.33s         Find the "herd-field-repo:edge-meadow" ScrollView
    t =    81.90s         Find the "herd-field-repo:edge-meadow" ScrollView
    t =    83.83s     Wait for com.corral.fleetnotifier to idle
G568_ACTION_END drag epoch=1789812993.275069
    t =    85.57s Waiting 5.0s for "g568-geometry" Other to exist
    t =    86.59s     Checking `Expect predicate `existsNoRetry == 1` for object "g568-geometry" Other`
    t =    86.59s         Checking existence of `"g568-geometry" Other`
    t =    86.91s Find the "g568-geometry" Other
G568_GEOMETRY epoch=1789812996.0032349 {"samples":{"::edge-10":{"oversized":false,"viewport":[[0,361],[378,417]],"opacity":0,"group":[[12,1.666666666666515],[186,175.66666666666674]]},"::edge-04":{"oversized":false,"group":[[12,-530.3333333333335],[186,175.66666666666674]],"opacity":0,"viewport":[[0,361],[378,417]]},"::edge-11":{"oversized":false,"group":[[204,11.166666666666515],[186,156.66666666666674]],"opacity":0,"viewport":[[0,361],[378,417]]},"::edge-07":{"oversized":false,"group":[[204,-346.66666666666674],[186,175.66666666666663]],"opacity":0,"viewport":[[0,361],[378,417]]},"::edge-01":{"oversized":false,"viewport":[[0,361],[378,417]],"opacity":0,"group":[[204,-878.6666666666667],[186,175.66666666666674]]},"::edge-12":{"opacity":0,"group":[[12,194.83333333333326],[186,156.66666666666674]],"viewport":[[0,361],[378,417]],"oversized":false},"::quiet":{"oversized":false,"viewport":[[0,361],[378,417]],"opacity":1,"group":[[414,369],[186,156.66666666666663]]},"::edge-02":{"oversized":false,"viewport":[[0,361],[378,417]],"opacity":0,"group":[[12,-695],[186,156.66666666666663]]},"::edge-09":{"oversized":false,"group":[[204,-163.0000000000001],[186,156.66666666666663]],"opacity":0,"viewport":[[0,361],[378,417]]},"::edge-13":{"opacity":0,"group":[[204,185.33333333333326],[186,175.66666666666674]],"viewport":[[0,361],[378,417]],"oversized":false},"::edge-08":{"oversized":false,"viewport":[[0,361],[378,417]],"opacity":0,"group":[[12,-163.0000000000001],[186,156.66666666666663]]},"::edge-05":{"oversized":false,"viewport":[[0,361],[378,417]],"opacity":0,"group":[[204,-520.8333333333335],[186,156.66666666666674]]},"::edge-03":{"oversized":false,"group":[[204,-695],[186,156.66666666666663]],"opacity":0,"viewport":[[0,361],[378,417]]},"::edge-14":{"opacity":1,"group":[[12,369],[186,156.66666666666674]],"viewport":[[0,361],[378,417]],"oversized":false},"::edge-00":{"oversized":false,"group":[[12,-869.1666666666667],[186,156.66666666666674]],"opacity":0,"viewport":[[0,361],[378,417]]},"::edge-06":{"oversized":false,"viewport":[[0,361],[378,417]],"opacity":0,"group":[[12,-337.16666666666674],[186,156.66666666666663]]}},"updates":[1789812926.756887,1789812930.8497949,1789812934.954663,1789812939.004432]}
    t =    87.29s Added attachment named 'measured-geometry'
    t =    87.30s Find the Target Application 'com.corral.fleetnotifier'
    t =    87.56s Find the Target Application 'com.corral.fleetnotifier'
    t =    87.83s Find the Target Application 'com.corral.fleetnotifier'
    t =    88.07s Find the Target Application 'com.corral.fleetnotifier'
G568_PHASE night-empty-bottom-overscroll-settle epoch=1789812996.948802
    t =    88.24s Find the Target Application 'com.corral.fleetnotifier'
    t =    88.84s Added attachment named 'night-empty-bottom-overscroll-settle'
G568_ACTION_BEGIN drag epoch=1789812997.556036
    t =    89.03s Press "herd-field-repo:edge-meadow" ScrollView[0.50, 0.18] for 0.1 seconds, then drag to "herd-field-repo:edge-meadow" ScrollView[0.50, 0.82] with velocity of 250.00 pixels per second, and then hold for 0.1 seconds 
    t =    89.03s     Wait for com.corral.fleetnotifier to idle
    t =    89.20s     Find the "herd-field-repo:edge-meadow" ScrollView
    t =    89.59s     Check for interrupting elements affecting "herd-field-repo:edge-meadow" ScrollView
    t =    89.96s     Synthesize event
    t =    90.07s         Find the "herd-field-repo:edge-meadow" ScrollView
    t =    90.66s         Find the "herd-field-repo:edge-meadow" ScrollView
    t =    91.12s         Find the "herd-field-repo:edge-meadow" ScrollView
    t =    91.65s         Find the "herd-field-repo:edge-meadow" ScrollView
    t =    92.01s         Find the "herd-field-repo:edge-meadow" ScrollView
    t =    93.93s     Wait for com.corral.fleetnotifier to idle
G568_ACTION_END drag epoch=1789813003.319699
G568_ACTION_BEGIN drag epoch=1789813003.319766
    t =    94.78s Press "herd-field-repo:edge-meadow" ScrollView[0.50, 0.82] for 0.1 seconds, then drag to "herd-field-repo:edge-meadow" ScrollView[0.50, 0.18] with velocity of 250.00 pixels per second, and then hold for 0.1 seconds 
    t =    94.78s     Wait for com.corral.fleetnotifier to idle
    t =    94.83s     Find the "herd-field-repo:edge-meadow" ScrollView
    t =    95.52s     Check for interrupting elements affecting "herd-field-repo:edge-meadow" ScrollView
    t =    95.97s     Synthesize event
    t =    96.09s         Find the "herd-field-repo:edge-meadow" ScrollView
    t =    96.44s         Find the "herd-field-repo:edge-meadow" ScrollView
    t =    97.11s         Find the "herd-field-repo:edge-meadow" ScrollView
    t =    98.03s         Find the "herd-field-repo:edge-meadow" ScrollView
    t =    98.64s         Find the "herd-field-repo:edge-meadow" ScrollView
    t =   100.98s     Wait for com.corral.fleetnotifier to idle
G568_ACTION_END drag epoch=1789813010.342164
    t =   102.64s Waiting 5.0s for "g568-geometry" Other to exist
    t =   103.68s     Checking `Expect predicate `existsNoRetry == 1` for object "g568-geometry" Other`
    t =   103.68s         Checking existence of `"g568-geometry" Other`
    t =   103.91s Find the "g568-geometry" Other
G568_GEOMETRY epoch=1789813012.958983 {"samples":{"::edge-10":{"group":[[12,1.3333333333332575],[186,175.66666666666674]],"oversized":false,"viewport":[[0,361],[378,417]],"opacity":0},"::edge-04":{"viewport":[[0,361],[378,417]],"oversized":false,"group":[[12,-530.6666666666667],[186,175.66666666666674]],"opacity":0},"::edge-11":{"viewport":[[0,361],[378,417]],"oversized":false,"group":[[204,10.833333333333258],[186,156.66666666666674]],"opacity":0},"::edge-07":{"group":[[204,-347],[186,175.66666666666663]],"oversized":false,"viewport":[[0,361],[378,417]],"opacity":0},"::edge-01":{"group":[[204,-879],[186,175.66666666666674]],"oversized":false,"viewport":[[0,361],[378,417]],"opacity":0},"::edge-12":{"viewport":[[0,361],[378,417]],"oversized":false,"group":[[12,194.5],[186,156.66666666666674]],"opacity":0},"::quiet":{"viewport":[[0,361],[378,417]],"oversized":false,"group":[[414,369],[186,156.66666666666663]],"opacity":1},"::edge-09":{"group":[[204,-163.33333333333337],[186,156.66666666666663]],"oversized":false,"opacity":0,"viewport":[[0,361],[378,417]]},"::edge-02":{"viewport":[[0,361],[378,417]],"oversized":false,"group":[[12,-695.3333333333333],[186,156.66666666666663]],"opacity":0},"::edge-13":{"group":[[204,185],[186,175.66666666666674]],"oversized":false,"viewport":[[0,361],[378,417]],"opacity":0},"::edge-08":{"group":[[12,-163.33333333333337],[186,156.66666666666663]],"oversized":false,"opacity":0,"viewport":[[0,361],[378,417]]},"::edge-03":{"group":[[204,-695.3333333333333],[186,156.66666666666663]],"oversized":false,"opacity":0,"viewport":[[0,361],[378,417]]},"::edge-05":{"group":[[204,-521.1666666666667],[186,156.66666666666674]],"oversized":false,"viewport":[[0,361],[378,417]],"opacity":0},"::edge-14":{"viewport":[[0,361],[378,417]],"oversized":false,"group":[[12,368.66666666666674],[186,156.66666666666674]],"opacity":0.9523809523809632},"::edge-00":{"group":[[12,-869.5],[186,156.66666666666674]],"oversized":false,"viewport":[[0,361],[378,417]],"opacity":0},"::edge-06":{"group":[[12,-337.5],[186,156.66666666666663]],"oversized":false,"viewport":[[0,361],[378,417]],"opacity":0}},"updates":[1789812926.756887,1789812930.8497949,1789812934.954663,1789812939.004432]}
    t =   104.25s Added attachment named 'measured-geometry'
    t =   104.25s Find the Target Application 'com.corral.fleetnotifier'
    t =   104.50s Find the Target Application 'com.corral.fleetnotifier'
    t =   104.75s Find the Target Application 'com.corral.fleetnotifier'
    t =   104.99s Find the Target Application 'com.corral.fleetnotifier'
G568_PHASE night-empty-bottom-reversal-settle epoch=1789813013.9567208
    t =   105.24s Find the Target Application 'com.corral.fleetnotifier'
    t =   105.80s Added attachment named 'night-empty-bottom-reversal-settle'
    t =   106.00s Swipe down "herd-field-repo:edge-meadow" ScrollView
    t =   106.00s     Wait for com.corral.fleetnotifier to idle
    t =   106.10s     Find the "herd-field-repo:edge-meadow" ScrollView
    t =   106.59s     Check for interrupting elements affecting "herd-field-repo:edge-meadow" ScrollView
    t =   106.97s     Synthesize event
    t =   108.74s     Wait for com.corral.fleetnotifier to idle
    t =   111.43s Swipe down "herd-field-repo:edge-meadow" ScrollView
    t =   111.43s     Wait for com.corral.fleetnotifier to idle
    t =   111.53s     Find the "herd-field-repo:edge-meadow" ScrollView
    t =   111.90s     Check for interrupting elements affecting "herd-field-repo:edge-meadow" ScrollView
    t =   112.42s     Synthesize event
    t =   113.99s     Wait for com.corral.fleetnotifier to idle
    t =   115.50s Swipe down "herd-field-repo:edge-meadow" ScrollView
    t =   115.50s     Wait for com.corral.fleetnotifier to idle
    t =   115.61s     Find the "herd-field-repo:edge-meadow" ScrollView
    t =   116.36s     Check for interrupting elements affecting "herd-field-repo:edge-meadow" ScrollView
    t =   117.00s     Synthesize event
    t =   119.10s     Wait for com.corral.fleetnotifier to idle
    t =   120.08s Swipe down "herd-field-repo:edge-meadow" ScrollView
    t =   120.08s     Wait for com.corral.fleetnotifier to idle
    t =   120.23s     Find the "herd-field-repo:edge-meadow" ScrollView
    t =   120.72s     Check for interrupting elements affecting "herd-field-repo:edge-meadow" ScrollView
    t =   121.43s     Synthesize event
    t =   123.11s     Wait for com.corral.fleetnotifier to idle
    t =   124.12s Swipe down "herd-field-repo:edge-meadow" ScrollView
    t =   124.12s     Wait for com.corral.fleetnotifier to idle
    t =   124.17s     Find the "herd-field-repo:edge-meadow" ScrollView
    t =   124.59s     Check for interrupting elements affecting "herd-field-repo:edge-meadow" ScrollView
    t =   125.01s     Synthesize event
    t =   126.57s     Wait for com.corral.fleetnotifier to idle
    t =   127.89s Waiting 5.0s for "g568-geometry" Other to exist
    t =   128.92s     Checking `Expect predicate `existsNoRetry == 1` for object "g568-geometry" Other`
    t =   128.92s         Checking existence of `"g568-geometry" Other`
    t =   129.71s Find the "g568-geometry" Other
G568_GEOMETRY epoch=1789813039.614502 {"updates":[1789812926.756887,1789812930.8497949,1789812934.954663,1789812939.004432],"samples":{"::edge-09":{"group":[[204,1084.6666666666665],[186,156.66666666666674]],"opacity":0,"viewport":[[0,361],[378,417]],"oversized":false},"::edge-03":{"viewport":[[0,361],[378,417]],"opacity":1,"group":[[204,552.6666666666667],[186,156.66666666666663]],"oversized":false},"::edge-02":{"opacity":1,"viewport":[[0,361],[378,417]],"group":[[12,552.6666666666667],[186,156.66666666666663]],"oversized":false},"::edge-04":{"viewport":[[0,361],[378,417]],"opacity":0,"group":[[12,717.3333333333333],[186,175.66666666666674]],"oversized":false},"::edge-07":{"viewport":[[0,361],[378,417]],"opacity":0,"group":[[204,901],[186,175.66666666666652]],"oversized":false},"::edge-11":{"viewport":[[0,361],[378,417]],"opacity":0,"group":[[204,1258.8333333333333],[186,156.66666666666674]],"oversized":false},"::edge-12":{"opacity":0,"viewport":[[0,361],[378,417]],"group":[[12,1442.5],[186,156.66666666666674]],"oversized":false},"::edge-08":{"opacity":0,"viewport":[[0,361],[378,417]],"group":[[12,1084.6666666666665],[186,156.66666666666674]],"oversized":false},"::edge-13":{"viewport":[[0,361],[378,417]],"opacity":0,"group":[[204,1433],[186,175.66666666666674]],"oversized":false},"::edge-00":{"group":[[12,378.5],[186,156.66666666666663]],"opacity":1,"viewport":[[0,361],[378,417]],"oversized":false},"::edge-06":{"opacity":0,"viewport":[[0,361],[378,417]],"group":[[12,910.5],[186,156.66666666666652]],"oversized":false},"::edge-01":{"viewport":[[0,361],[378,417]],"opacity":1,"group":[[204,369],[186,175.66666666666663]],"oversized":false},"::edge-14":{"viewport":[[0,361],[378,417]],"opacity":0,"group":[[12,1616.6666666666667],[186,156.66666666666674]],"oversized":false},"::quiet":{"viewport":[[0,361],[378,417]],"opacity":1,"group":[[414,369],[186,156.66666666666663]],"oversized":false},"::edge-05":{"viewport":[[0,361],[378,417]],"opacity":0,"group":[[204,726.8333333333333],[186,156.66666666666674]],"oversized":false},"::edge-10":{"viewport":[[0,361],[378,417]],"opacity":0,"group":[[12,1249.3333333333333],[186,175.66666666666674]],"oversized":false}}}
    t =   130.92s Added attachment named 'measured-geometry'
    t =   130.92s Find the Target Application 'com.corral.fleetnotifier'
    t =   131.15s Find the Target Application 'com.corral.fleetnotifier'
    t =   131.29s Find the Target Application 'com.corral.fleetnotifier'
    t =   131.59s Find the Target Application 'com.corral.fleetnotifier'
    t =   131.88s Find the Target Application 'com.corral.fleetnotifier'
    t =   132.11s Find the Target Application 'com.corral.fleetnotifier'
    t =   132.29s Find the Target Application 'com.corral.fleetnotifier'
    t =   132.46s Find the Target Application 'com.corral.fleetnotifier'
    t =   132.69s Find the Target Application 'com.corral.fleetnotifier'
    t =   132.90s Find the Target Application 'com.corral.fleetnotifier'
G568_PHASE night-empty-top-flick-settle epoch=1789813041.900353
    t =   133.19s Find the Target Application 'com.corral.fleetnotifier'
    t =   133.84s Added attachment named 'night-empty-top-flick-settle'
    t =   133.84s Waiting 5.0s for "g568-geometry" Other to exist
    t =   134.86s     Checking `Expect predicate `existsNoRetry == 1` for object "g568-geometry" Other`
    t =   134.86s         Checking existence of `"g568-geometry" Other`
    t =   135.19s Find the "g568-geometry" Other
G568_GEOMETRY epoch=1789813044.2410111 {"updates":[1789812926.756887,1789812930.8497949,1789812934.954663,1789812939.004432],"samples":{"::edge-09":{"opacity":0,"oversized":false,"viewport":[[0,361],[378,417]],"group":[[204,1084.6666666666665],[186,156.66666666666674]]},"::edge-03":{"group":[[204,552.6666666666667],[186,156.66666666666663]],"oversized":false,"viewport":[[0,361],[378,417]],"opacity":1},"::edge-02":{"group":[[12,552.6666666666667],[186,156.66666666666663]],"oversized":false,"viewport":[[0,361],[378,417]],"opacity":1},"::edge-04":{"opacity":0,"oversized":false,"viewport":[[0,361],[378,417]],"group":[[12,717.3333333333333],[186,175.66666666666674]]},"::edge-07":{"opacity":0,"oversized":false,"viewport":[[0,361],[378,417]],"group":[[204,901],[186,175.66666666666652]]},"::edge-11":{"group":[[204,1258.8333333333333],[186,156.66666666666674]],"oversized":false,"viewport":[[0,361],[378,417]],"opacity":0},"::edge-12":{"group":[[12,1442.5],[186,156.66666666666674]],"oversized":false,"viewport":[[0,361],[378,417]],"opacity":0},"::edge-08":{"group":[[12,1084.6666666666665],[186,156.66666666666674]],"oversized":false,"viewport":[[0,361],[378,417]],"opacity":0},"::edge-13":{"group":[[204,1433],[186,175.66666666666674]],"oversized":false,"viewport":[[0,361],[378,417]],"opacity":0},"::edge-14":{"group":[[12,1616.6666666666667],[186,156.66666666666674]],"oversized":false,"viewport":[[0,361],[378,417]],"opacity":0},"::edge-06":{"group":[[12,910.5],[186,156.66666666666652]],"oversized":false,"viewport":[[0,361],[378,417]],"opacity":0},"::edge-00":{"opacity":1,"oversized":false,"viewport":[[0,361],[378,417]],"group":[[12,378.5],[186,156.66666666666663]]},"::edge-01":{"group":[[204,369],[186,175.66666666666663]],"oversized":false,"viewport":[[0,361],[378,417]],"opacity":1},"::quiet":{"group":[[414,369],[186,156.66666666666663]],"oversized":false,"viewport":[[0,361],[378,417]],"opacity":1},"::edge-05":{"group":[[204,726.8333333333333],[186,156.66666666666674]],"oversized":false,"viewport":[[0,361],[378,417]],"opacity":0},"::edge-10":{"viewport":[[0,361],[378,417]],"group":[[12,1249.3333333333333],[186,175.66666666666674]],"opacity":0,"oversized":false}}}
    t =   135.53s Added attachment named 'measured-geometry'
    t =   135.53s Find the "herd-next" Button
    t =   135.82s Tap "herd-next" Button
    t =   135.82s     Wait for com.corral.fleetnotifier to idle
    t =   135.88s     Find the "herd-next" Button
    t =   136.36s     Check for interrupting elements affecting "herd-next" Button
    t =   136.84s     Synthesize event
    t =   137.59s     Wait for com.corral.fleetnotifier to idle
    t =   137.71s Waiting 5.0s for "herd-field-repo:quiet-meadow" ScrollView to exist
    t =   138.73s     Checking `Expect predicate `existsNoRetry == 1` for object "herd-field-repo:quiet-meadow" ScrollView`
    t =   138.73s         Checking existence of `"herd-field-repo:quiet-meadow" ScrollView`
    t =   139.00s Tap "herd-previous" Button
    t =   139.00s     Wait for com.corral.fleetnotifier to idle
    t =   139.09s     Find the "herd-previous" Button
    t =   139.36s     Check for interrupting elements affecting "herd-previous" Button
    t =   140.38s     Synthesize event
    t =   141.02s     Wait for com.corral.fleetnotifier to idle
    t =   141.22s Waiting 5.0s for "herd-field-repo:edge-meadow" ScrollView to exist
    t =   142.26s     Checking `Expect predicate `existsNoRetry == 1` for object "herd-field-repo:edge-meadow" ScrollView`
    t =   142.26s         Checking existence of `"herd-field-repo:edge-meadow" ScrollView`
    t =   142.60s Swipe left "herd-field-repo:edge-meadow" ScrollView
    t =   142.60s     Wait for com.corral.fleetnotifier to idle
    t =   142.63s     Find the "herd-field-repo:edge-meadow" ScrollView
    t =   143.10s     Check for interrupting elements affecting "herd-field-repo:edge-meadow" ScrollView
    t =   143.56s     Synthesize event
    t =   145.51s     Wait for com.corral.fleetnotifier to idle
    t =   145.97s Waiting 5.0s for "herd-field-repo:quiet-meadow" ScrollView to exist
    t =   147.01s     Checking `Expect predicate `existsNoRetry == 1` for object "herd-field-repo:quiet-meadow" ScrollView`
    t =   147.01s         Checking existence of `"herd-field-repo:quiet-meadow" ScrollView`
    t =   147.46s Swipe right "herd-field-repo:quiet-meadow" ScrollView
    t =   147.46s     Wait for com.corral.fleetnotifier to idle
    t =   147.66s     Find the "herd-field-repo:quiet-meadow" ScrollView
    t =   148.25s     Check for interrupting elements affecting "herd-field-repo:quiet-meadow" ScrollView
    t =   148.89s     Synthesize event
    t =   151.27s     Wait for com.corral.fleetnotifier to idle
    t =   151.58s Waiting 5.0s for "herd-field-repo:edge-meadow" ScrollView to exist
    t =   152.59s     Checking `Expect predicate `existsNoRetry == 1` for object "herd-field-repo:edge-meadow" ScrollView`
    t =   152.59s         Checking existence of `"herd-field-repo:edge-meadow" ScrollView`
    t =   153.92s Waiting 5.0s for "g568-geometry" Other to exist
    t =   154.97s     Checking `Expect predicate `existsNoRetry == 1` for object "g568-geometry" Other`
    t =   154.97s         Checking existence of `"g568-geometry" Other`
    t =   155.22s Find the "g568-geometry" Other
G568_GEOMETRY epoch=1789813064.367033 {"samples":{"::edge-02":{"oversized":false,"opacity":1,"group":[[12,552.6666666666667],[186,156.66666666666663]],"viewport":[[0,361],[378,417]]},"::edge-13":{"oversized":false,"opacity":0,"group":[[204,1433],[186,175.66666666666674]],"viewport":[[0,361],[378,417]]},"::edge-10":{"oversized":false,"viewport":[[0,361],[378,417]],"group":[[12,1249.3333333333333],[186,175.66666666666674]],"opacity":0},"::edge-03":{"oversized":false,"viewport":[[0,361],[378,417]],"opacity":1,"group":[[204,552.6666666666667],[186,156.66666666666663]]},"::edge-12":{"oversized":false,"opacity":0,"group":[[12,1442.5],[186,156.66666666666674]],"viewport":[[0,361],[378,417]]},"::edge-11":{"oversized":false,"viewport":[[0,361],[378,417]],"group":[[204,1258.8333333333333],[186,156.66666666666674]],"opacity":0},"::quiet":{"oversized":false,"viewport":[[0,361],[378,417]],"group":[[414,369],[186,156.66666666666663]],"opacity":1},"::edge-14":{"oversized":false,"viewport":[[0,361],[378,417]],"group":[[12,1616.6666666666667],[186,156.66666666666674]],"opacity":0},"::edge-06":{"oversized":false,"viewport":[[0,361],[378,417]],"opacity":0,"group":[[12,910.5],[186,156.66666666666652]]},"::edge-01":{"oversized":false,"viewport":[[0,361],[378,417]],"group":[[204,369],[186,175.66666666666663]],"opacity":1},"::edge-04":{"oversized":false,"opacity":0,"group":[[12,717.3333333333333],[186,175.66666666666674]],"viewport":[[0,361],[378,417]]},"::edge-05":{"oversized":false,"opacity":0,"group":[[204,726.8333333333333],[186,156.66666666666674]],"viewport":[[0,361],[378,417]]},"::edge-00":{"oversized":false,"opacity":1,"group":[[12,378.5],[186,156.66666666666663]],"viewport":[[0,361],[378,417]]},"::edge-08":{"oversized":false,"viewport":[[0,361],[378,417]],"opacity":0,"group":[[12,1084.6666666666665],[186,156.66666666666674]]},"::edge-07":{"oversized":false,"opacity":0,"group":[[204,901],[186,175.66666666666652]],"viewport":[[0,361],[378,417]]},"::edge-09":{"oversized":false,"viewport":[[0,361],[378,417]],"group":[[204,1084.6666666666665],[186,156.66666666666674]],"opacity":0}},"updates":[1789812926.756887,1789812930.8497949,1789812934.954663,1789812939.004432]}
    t =   155.65s Added attachment named 'measured-geometry'
    t =   155.66s Find the Target Application 'com.corral.fleetnotifier'
    t =   155.90s Find the Target Application 'com.corral.fleetnotifier'
    t =   156.08s Find the Target Application 'com.corral.fleetnotifier'
    t =   156.35s Find the Target Application 'com.corral.fleetnotifier'
    t =   156.64s Find the Target Application 'com.corral.fleetnotifier'
    t =   156.93s Find the Target Application 'com.corral.fleetnotifier'
    t =   157.22s Find the Target Application 'com.corral.fleetnotifier'
    t =   157.52s Find the Target Application 'com.corral.fleetnotifier'
    t =   157.78s Find the Target Application 'com.corral.fleetnotifier'
    t =   158.00s Find the Target Application 'com.corral.fleetnotifier'
G568_PHASE night-empty-navigation-restored epoch=1789813066.8983831
    t =   158.18s Find the Target Application 'com.corral.fleetnotifier'
    t =   158.96s Added attachment named 'night-empty-navigation-restored'
G568_LIVE_UPDATES [1789812926.756887, 1789812930.8497949, 1789812934.954663, 1789812939.004432] duringScroll=true overlapsDrag=true
G568_CASE_END night-empty epoch=1789813067.681508
    t =   158.97s Terminate com.corral.fleetnotifier:41266
    t =   160.07s Tear Down
Test Case '-[FleetNotifierUITests.HerdEdgeGestureTests testNightEmptyRailEdges]' passed (160.606 seconds).
Test Case '-[FleetNotifierUITests.HerdEdgeGestureTests testTransparentGroupsCannotTakeTapsButSemanticRowsRemainReachable]' started.
    t =     0.00s Start Test at 2569-09-19 5:17:49.323 PM
    t =     0.04s Set Up
    t =     0.04s Open com.corral.fleetnotifier
    t =     0.04s     Launch com.corral.fleetnotifier
2026-09-19 17:17:49.748 xcodebuild[94484:44059499] [MT] IDELaunchParametersSnapshot: The operation couldn’t be completed. (DebuggerLLDB.DebuggerVersionStore.StoreError error 0.)
2026-09-19 17:17:49.748 xcodebuild[94484:44059499] [MT] IDELaunchParametersSnapshot: no debugger version
    t =     0.85s         Setting up automation session
    t =     4.43s         Wait for com.corral.fleetnotifier to idle
    t =    12.85s Waiting 15.0s for "herd-field-repo:edge-meadow" ScrollView to exist
    t =    13.88s     Checking `Expect predicate `existsNoRetry == 1` for object "herd-field-repo:edge-meadow" ScrollView`
    t =    13.88s         Checking existence of `"herd-field-repo:edge-meadow" ScrollView`
    t =    14.44s Find the Target Application 'com.corral.fleetnotifier'
G568_CASE_BEGIN day-empty-taps epoch=1789813083.758144 screen=(0.0, 0.0, 402.0, 874.0)
    t =    15.58s Waiting 5.0s for "g568-geometry" Other to exist
    t =    16.64s     Checking `Expect predicate `existsNoRetry == 1` for object "g568-geometry" Other`
    t =    16.64s         Checking existence of `"g568-geometry" Other`
    t =    16.86s Find the "g568-geometry" Other
G568_GEOMETRY epoch=1789813086.526184 {"samples":{"::edge-05":{"group":[[204,726.8333333333333],[186,156.66666666666674]],"viewport":[[0,361],[378,417]],"oversized":false,"opacity":0},"::edge-11":{"oversized":false,"viewport":[[0,361],[378,417]],"opacity":0,"group":[[204,1258.8333333333333],[186,156.66666666666674]]},"::edge-01":{"group":[[204,369],[186,175.66666666666663]],"viewport":[[0,361],[378,417]],"oversized":false,"opacity":1},"::edge-12":{"oversized":false,"viewport":[[0,361],[378,417]],"opacity":0,"group":[[12,1442.5],[186,156.66666666666674]]},"::quiet":{"oversized":false,"viewport":[[0,361],[378,417]],"opacity":1,"group":[[414,369],[186,156.66666666666663]]},"::edge-08":{"group":[[12,1084.6666666666665],[186,156.66666666666674]],"viewport":[[0,361],[378,417]],"oversized":false,"opacity":0},"::edge-14":{"oversized":false,"viewport":[[0,361],[378,417]],"opacity":0,"group":[[12,1616.6666666666667],[186,156.66666666666674]]},"::edge-13":{"group":[[204,1433],[186,175.66666666666674]],"viewport":[[0,361],[378,417]],"oversized":false,"opacity":0},"::edge-06":{"oversized":false,"viewport":[[0,361],[378,417]],"opacity":0,"group":[[12,910.5],[186,156.66666666666652]]},"::edge-09":{"oversized":false,"viewport":[[0,361],[378,417]],"opacity":0,"group":[[204,1084.6666666666665],[186,156.66666666666674]]},"::edge-02":{"oversized":false,"viewport":[[0,361],[378,417]],"opacity":1,"group":[[12,552.6666666666667],[186,156.66666666666663]]},"::edge-04":{"group":[[12,717.3333333333333],[186,175.66666666666674]],"viewport":[[0,361],[378,417]],"oversized":false,"opacity":0},"::edge-03":{"group":[[204,552.6666666666667],[186,156.66666666666663]],"viewport":[[0,361],[378,417]],"oversized":false,"opacity":1},"::edge-10":{"group":[[12,1249.3333333333333],[186,175.66666666666674]],"viewport":[[0,361],[378,417]],"oversized":false,"opacity":0},"::edge-07":{"group":[[204,901],[186,175.66666666666652]],"viewport":[[0,361],[378,417]],"oversized":false,"opacity":0},"::edge-00":{"group":[[12,378.5],[186,156.66666666666663]],"viewport":[[0,361],[378,417]],"oversized":false,"opacity":1}},"updates":[]}
    t =    17.20s Added attachment named 'measured-geometry'
    t =    17.21s Find the Target Application 'com.corral.fleetnotifier'
    t =    17.35s Find the Target Application 'com.corral.fleetnotifier'
    t =    17.61s Find the Target Application 'com.corral.fleetnotifier'
    t =    17.85s Find the Target Application 'com.corral.fleetnotifier'
    t =    17.91s Find the Target Application 'com.corral.fleetnotifier'
    t =    18.33s Find the Target Application 'com.corral.fleetnotifier'
    t =    18.51s Find the Target Application 'com.corral.fleetnotifier'
    t =    18.96s Find the Target Application 'com.corral.fleetnotifier'
    t =    19.17s Find the Target Application 'com.corral.fleetnotifier'
    t =    19.33s Find the Target Application 'com.corral.fleetnotifier'
G568_PHASE tap-baseline epoch=1789813088.9060678
    t =    19.58s Find the Target Application 'com.corral.fleetnotifier'
    t =    20.36s Added attachment named 'tap-baseline'
    t =    20.36s Waiting 5.0s for "g568-geometry" Other to exist
    t =    21.40s     Checking `Expect predicate `existsNoRetry == 1` for object "g568-geometry" Other`
    t =    21.40s         Checking existence of `"g568-geometry" Other`
    t =    21.62s Find the "g568-geometry" Other
G568_GEOMETRY epoch=1789813091.474347 {"updates":[1789813087.2250729,1789813091.258747],"samples":{"::edge-05":{"group":[[204,726.8333333333333],[186,156.66666666666674]],"viewport":[[0,361],[378,417]],"oversized":false,"opacity":0},"::edge-01":{"opacity":1,"oversized":false,"group":[[204,369],[186,175.66666666666663]],"viewport":[[0,361],[378,417]]},"::edge-11":{"group":[[204,1258.8333333333333],[186,156.66666666666674]],"viewport":[[0,361],[378,417]],"oversized":false,"opacity":0},"::edge-12":{"group":[[12,1442.5],[186,156.66666666666674]],"viewport":[[0,361],[378,417]],"oversized":false,"opacity":0},"::quiet":{"opacity":1,"oversized":false,"group":[[414,369],[186,156.66666666666663]],"viewport":[[0,361],[378,417]]},"::edge-14":{"group":[[12,1616.6666666666667],[186,156.66666666666674]],"viewport":[[0,361],[378,417]],"oversized":false,"opacity":0},"::edge-08":{"group":[[12,1084.6666666666665],[186,156.66666666666674]],"viewport":[[0,361],[378,417]],"oversized":false,"opacity":0},"::edge-13":{"group":[[204,1433],[186,175.66666666666674]],"viewport":[[0,361],[378,417]],"oversized":false,"opacity":0},"::edge-06":{"group":[[12,910.5],[186,156.66666666666652]],"viewport":[[0,361],[378,417]],"oversized":false,"opacity":0},"::edge-04":{"group":[[12,717.3333333333333],[186,175.66666666666674]],"viewport":[[0,361],[378,417]],"oversized":false,"opacity":0},"::edge-09":{"group":[[204,1084.6666666666665],[186,156.66666666666674]],"viewport":[[0,361],[378,417]],"oversized":false,"opacity":0},"::edge-02":{"group":[[12,552.6666666666667],[186,156.66666666666663]],"viewport":[[0,361],[378,417]],"oversized":false,"opacity":1},"::edge-03":{"opacity":1,"oversized":false,"group":[[204,552.6666666666667],[186,156.66666666666663]],"viewport":[[0,361],[378,417]]},"::edge-10":{"group":[[12,1249.3333333333333],[186,175.66666666666674]],"viewport":[[0,361],[378,417]],"oversized":false,"opacity":0},"::edge-07":{"group":[[204,901],[186,175.66666666666652]],"viewport":[[0,361],[378,417]],"oversized":false,"opacity":0},"::edge-00":{"group":[[12,378.5],[186,156.66666666666663]],"viewport":[[0,361],[378,417]],"oversized":false,"opacity":1}}}
    t =    22.15s Added attachment named 'measured-geometry'
    t =    22.16s Find the Target Application 'com.corral.fleetnotifier'
    t =    22.33s Tap Target Application 'com.corral.fleetnotifier'[0.00, 0.00] -> (105.0, 747.7)
    t =    22.34s     Wait for com.corral.fleetnotifier to idle
    t =    22.55s     Find the Target Application 'com.corral.fleetnotifier'
    t =    23.14s     Check for interrupting elements affecting "Corral" Application
    t =    23.48s     Synthesize event
    t =    23.60s         Find the Target Application 'com.corral.fleetnotifier'
    t =    23.82s         Find the Target Application 'com.corral.fleetnotifier'
    t =    24.19s         Find the Target Application 'com.corral.fleetnotifier'
    t =    24.73s     Wait for com.corral.fleetnotifier to idle
    t =    24.83s Checking existence of `"Done" Button`
    t =    25.00s Checking existence of `"herd-horse-::edge-04" Button`
    t =    25.30s Find the "herd-horse-::edge-04" Button
G568_ACTION_BEGIN drag epoch=1789813094.8769488
    t =    25.56s Press "herd-field-repo:edge-meadow" ScrollView[0.50, 0.82] for 0.1 seconds, then drag to "herd-field-repo:edge-meadow" ScrollView[0.50, 0.18] with velocity of 250.00 pixels per second, and then hold for 0.1 seconds 
    t =    25.56s     Wait for com.corral.fleetnotifier to idle
    t =    25.65s     Find the "herd-field-repo:edge-meadow" ScrollView
    t =    26.26s     Check for interrupting elements affecting "herd-field-repo:edge-meadow" ScrollView
    t =    26.79s     Synthesize event
    t =    26.89s         Find the "herd-field-repo:edge-meadow" ScrollView
    t =    27.35s         Find the "herd-field-repo:edge-meadow" ScrollView
    t =    27.84s         Find the "herd-field-repo:edge-meadow" ScrollView
    t =    28.29s         Find the "herd-field-repo:edge-meadow" ScrollView
    t =    28.98s         Find the "herd-field-repo:edge-meadow" ScrollView
    t =    31.06s     Wait for com.corral.fleetnotifier to idle
G568_ACTION_END drag epoch=1789813100.8639479
    t =    32.55s Waiting 5.0s for "g568-geometry" Other to exist
    t =    33.62s     Checking `Expect predicate `existsNoRetry == 1` for object "g568-geometry" Other`
    t =    33.62s         Checking existence of `"g568-geometry" Other`
    t =    33.98s Find the "g568-geometry" Other
G568_GEOMETRY epoch=1789813103.721953 {"samples":{"::edge-07":{"opacity":0,"group":[[204,717.3333333333334],[186,175.66666666666663]],"oversized":false,"viewport":[[0,361],[378,417]]},"::edge-14":{"oversized":false,"viewport":[[0,361],[378,417]],"opacity":0,"group":[[12,1433],[186,156.66666666666674]]},"::edge-00":{"opacity":0,"group":[[12,194.83333333333334],[186,156.66666666666666]],"oversized":false,"viewport":[[0,361],[378,417]]},"::edge-13":{"oversized":false,"viewport":[[0,361],[378,417]],"opacity":0,"group":[[204,1249.3333333333335],[186,175.66666666666652]]},"::edge-03":{"oversized":false,"viewport":[[0,361],[378,417]],"opacity":1,"group":[[204,369],[186,156.66666666666674]]},"::edge-11":{"oversized":false,"viewport":[[0,361],[378,417]],"opacity":0,"group":[[204,1075.1666666666665],[186,156.66666666666697]]},"::quiet":{"opacity":1,"group":[[414,369],[186,156.66666666666663]],"oversized":false,"viewport":[[0,361],[378,417]]},"::edge-12":{"opacity":0,"group":[[12,1258.8333333333335],[186,156.66666666666652]],"viewport":[[0,361],[378,417]],"oversized":false},"::edge-10":{"opacity":0,"group":[[12,1065.6666666666665],[186,175.66666666666697]],"oversized":false,"viewport":[[0,361],[378,417]]},"::edge-05":{"opacity":1,"group":[[204,543.1666666666666],[186,156.66666666666674]],"oversized":false,"viewport":[[0,361],[378,417]]},"::edge-02":{"oversized":false,"viewport":[[0,361],[378,417]],"opacity":1,"group":[[12,369],[186,156.66666666666674]]},"::edge-08":{"opacity":0,"group":[[12,901],[186,156.66666666666652]],"oversized":false,"viewport":[[0,361],[378,417]]},"::edge-09":{"opacity":0,"group":[[204,901],[186,156.66666666666652]],"oversized":false,"viewport":[[0,361],[378,417]]},"::edge-06":{"opacity":0,"group":[[12,726.8333333333334],[186,156.66666666666663]],"viewport":[[0,361],[378,417]],"oversized":false},"::edge-04":{"oversized":false,"viewport":[[0,361],[378,417]],"opacity":1,"group":[[12,533.6666666666666],[186,175.66666666666674]]},"::edge-01":{"oversized":false,"viewport":[[0,361],[378,417]],"opacity":0,"group":[[204,185.33333333333334],[186,175.66666666666666]]}},"updates":[1789813087.2250729,1789813091.258747,1789813095.346451,1789813099.5027351]}
    t =    34.40s Added attachment named 'measured-geometry'
    t =    34.41s Find the Target Application 'com.corral.fleetnotifier'
    t =    34.63s Find the Target Application 'com.corral.fleetnotifier'
    t =    34.81s Find the Target Application 'com.corral.fleetnotifier'
    t =    35.08s Find the Target Application 'com.corral.fleetnotifier'
    t =    35.38s Find the Target Application 'com.corral.fleetnotifier'
    t =    35.62s Find the Target Application 'com.corral.fleetnotifier'
    t =    35.90s Find the Target Application 'com.corral.fleetnotifier'
    t =    36.18s Find the Target Application 'com.corral.fleetnotifier'
    t =    36.44s Find the Target Application 'com.corral.fleetnotifier'
    t =    36.65s Find the Target Application 'com.corral.fleetnotifier'
G568_PHASE tap-revealed epoch=1789813106.154135
    t =    36.83s Find the Target Application 'com.corral.fleetnotifier'
    t =    37.45s Added attachment named 'tap-revealed'
    t =    37.46s Waiting 5.0s for "g568-geometry" Other to exist
    t =    38.52s     Checking `Expect predicate `existsNoRetry == 1` for object "g568-geometry" Other`
    t =    38.52s         Checking existence of `"g568-geometry" Other`
    t =    38.69s Find the "g568-geometry" Other
G568_GEOMETRY epoch=1789813109.158523 {"samples":{"::quiet":{"opacity":1,"oversized":false,"group":[[414,369],[186,156.66666666666663]],"viewport":[[0,361],[378,417]]},"::edge-02":{"oversized":false,"viewport":[[0,361],[378,417]],"opacity":1,"group":[[12,369],[186,156.66666666666674]]},"::edge-10":{"opacity":0,"oversized":false,"group":[[12,1065.6666666666665],[186,175.66666666666697]],"viewport":[[0,361],[378,417]]},"::edge-13":{"opacity":0,"oversized":false,"group":[[204,1249.3333333333335],[186,175.66666666666652]],"viewport":[[0,361],[378,417]]},"::edge-04":{"opacity":1,"oversized":false,"group":[[12,533.6666666666666],[186,175.66666666666674]],"viewport":[[0,361],[378,417]]},"::edge-14":{"oversized":false,"viewport":[[0,361],[378,417]],"opacity":0,"group":[[12,1433],[186,156.66666666666674]]},"::edge-00":{"opacity":0,"oversized":false,"group":[[12,194.83333333333334],[186,156.66666666666666]],"viewport":[[0,361],[378,417]]},"::edge-01":{"oversized":false,"viewport":[[0,361],[378,417]],"opacity":0,"group":[[204,185.33333333333334],[186,175.66666666666666]]},"::edge-06":{"oversized":false,"viewport":[[0,361],[378,417]],"opacity":0,"group":[[12,726.8333333333334],[186,156.66666666666663]]},"::edge-07":{"opacity":0,"oversized":false,"group":[[204,717.3333333333334],[186,175.66666666666663]],"viewport":[[0,361],[378,417]]},"::edge-03":{"opacity":1,"oversized":false,"group":[[204,369],[186,156.66666666666674]],"viewport":[[0,361],[378,417]]},"::edge-08":{"opacity":0,"oversized":false,"group":[[12,901],[186,156.66666666666652]],"viewport":[[0,361],[378,417]]},"::edge-05":{"opacity":1,"oversized":false,"group":[[204,543.1666666666666],[186,156.66666666666674]],"viewport":[[0,361],[378,417]]},"::edge-09":{"opacity":0,"oversized":false,"group":[[204,901],[186,156.66666666666652]],"viewport":[[0,361],[378,417]]},"::edge-11":{"opacity":0,"oversized":false,"group":[[204,1075.1666666666665],[186,156.66666666666697]],"viewport":[[0,361],[378,417]]},"::edge-12":{"oversized":false,"viewport":[[0,361],[378,417]],"opacity":0,"group":[[12,1258.8333333333335],[186,156.66666666666652]]}},"updates":[1789813087.2250729,1789813091.258747,1789813095.346451,1789813099.5027351]}
    t =    39.92s Added attachment named 'measured-geometry'
    t =    40.11s Tap "herd-horse-::edge-04" Button
    t =    40.11s     Wait for com.corral.fleetnotifier to idle
    t =    40.14s     Find the "herd-horse-::edge-04" Button
    t =    40.52s     Check for interrupting elements affecting "herd-horse-::edge-04" Button
    t =    41.12s     Synthesize event
    t =    41.78s     Wait for com.corral.fleetnotifier to idle
    t =    42.97s Waiting 5.0s for "Done" Button to exist
    t =    44.05s     Checking `Expect predicate `existsNoRetry == 1` for object "Done" Button`
    t =    44.05s         Checking existence of `"Done" Button`
    t =    44.49s Tap "Done" Button
    t =    44.49s     Wait for com.corral.fleetnotifier to idle
    t =    44.50s     Find the "Done" Button
    t =    44.85s     Check for interrupting elements affecting "Done" Button
    t =    45.12s     Synthesize event
    t =    45.47s     Wait for com.corral.fleetnotifier to idle
    t =    46.51s Checking existence of `"Filters" Button`
    t =    46.68s Get number of matches for: Elements matching predicate 'label BEGINSWITH "Filters"'
G568_TAP_PASS hidden=::edge-04 semanticReachable=true
G568_CASE_END day-empty-taps epoch=1789813116.32436
    t =    47.00s Terminate com.corral.fleetnotifier:49697
    t =    48.01s Tear Down
Test Case '-[FleetNotifierUITests.HerdEdgeGestureTests testTransparentGroupsCannotTakeTapsButSemanticRowsRemainReachable]' passed (48.348 seconds).
Test Suite 'HerdEdgeGestureTests' passed at 2569-09-19 5:18:37.671 PM.
	 Executed 7 tests, with 0 failures (0 unexpected) in 896.376 (896.389) seconds
Test Suite 'FleetNotifierUITests.xctest' passed at 2569-09-19 5:18:37.672 PM.
	 Executed 7 tests, with 0 failures (0 unexpected) in 896.376 (896.391) seconds
Test Suite 'Selected tests' passed at 2569-09-19 5:18:37.673 PM.
	 Executed 7 tests, with 0 failures (0 unexpected) in 896.376 (896.393) seconds
2026-09-19 17:18:38.496 xcodebuild[94484:44059499] [MT] IDETestOperationsObserverDebug: 926.671 elapsed -- Testing started completed.
2026-09-19 17:18:38.496 xcodebuild[94484:44059499] [MT] IDETestOperationsObserverDebug: 0.000 sec, +0.000 sec -- start
2026-09-19 17:18:38.496 xcodebuild[94484:44059499] [MT] IDETestOperationsObserverDebug: 926.671 sec, +926.671 sec -- end

Test session results, code coverage, and logs:
	/tmp/fn574-dd/Logs/Test/Test-FleetNotifier-2569.09.19_5-03-02-+0700.xcresult

** TEST SUCCEEDED **

Testing started
EDGE_UI_EXIT=0
